SET session_replication_role = replica;

--
-- PostgreSQL database dump
--

-- Dumped from database version 17.6
-- Dumped by pg_dump version 17.4

SET statement_timeout = 0;
SET lock_timeout = 0;
SET idle_in_transaction_session_timeout = 0;
SET transaction_timeout = 0;
SET client_encoding = 'UTF8';
SET standard_conforming_strings = on;
SELECT pg_catalog.set_config('search_path', '', false);
SET check_function_bodies = false;
SET xmloption = content;
SET client_min_messages = warning;
SET row_security = off;

--
-- Data for Name: audit_log_entries; Type: TABLE DATA; Schema: auth; Owner: supabase_auth_admin
--

INSERT INTO "auth"."audit_log_entries" ("instance_id", "id", "payload", "created_at", "ip_address") VALUES
	('00000000-0000-0000-0000-000000000000', '2ea18dbe-0f09-44a8-9185-52cb6b27453f', '{"action":"user_signedup","actor_id":"00000000-0000-0000-0000-000000000000","actor_username":"service_role","actor_via_sso":false,"log_type":"team","traits":{"provider":"email","user_email":"admin@prolineauto.com.br","user_id":"20e8e4c3-bc4e-4869-b8d6-c5a06e8d92e3","user_phone":""}}', '2025-09-18 03:52:30.817761+00', ''),
	('00000000-0000-0000-0000-000000000000', '1721d172-e8ad-4f23-86b4-ac39146c8c1e', '{"action":"user_signedup","actor_id":"00000000-0000-0000-0000-000000000000","actor_username":"service_role","actor_via_sso":false,"log_type":"team","traits":{"provider":"email","user_email":"cliente@prolineauto.com.br","user_id":"c80f98b9-2141-4afb-94a2-d8bfbc8de50e","user_phone":""}}', '2025-09-18 03:52:31.121433+00', ''),
	('00000000-0000-0000-0000-000000000000', 'fe281da5-2b72-473c-822f-af39f1cafc41', '{"action":"user_signedup","actor_id":"00000000-0000-0000-0000-000000000000","actor_username":"service_role","actor_via_sso":false,"log_type":"team","traits":{"provider":"email","user_email":"parceiro@prolineauto.com.br","user_id":"6a05ec89-30bd-4764-84d0-2c11888abddd","user_phone":""}}', '2025-09-18 03:52:31.204868+00', ''),
	('00000000-0000-0000-0000-000000000000', '392d4491-bca5-4800-8791-198c13caa306', '{"action":"user_signedup","actor_id":"00000000-0000-0000-0000-000000000000","actor_username":"service_role","actor_via_sso":false,"log_type":"team","traits":{"provider":"email","user_email":"especialista@prolineauto.com.br","user_id":"97b9308e-c98d-4b69-8666-a2744b0e8e94","user_phone":""}}', '2025-09-18 03:52:31.291961+00', ''),
	('00000000-0000-0000-0000-000000000000', 'b40106b4-c0cd-4fea-a459-905217f885e8', '{"action":"user_signedup","actor_id":"00000000-0000-0000-0000-000000000000","actor_username":"service_role","actor_via_sso":false,"log_type":"team","traits":{"provider":"email","user_email":"admin_1_650272@prolineauto.com.br","user_id":"f1a56c93-6679-4f79-8f4c-5b17ac49d7e0","user_phone":""}}', '2025-09-18 03:52:31.423637+00', ''),
	('00000000-0000-0000-0000-000000000000', '04bddd12-cfb1-44ee-b1bf-6d5112e8653c', '{"action":"user_signedup","actor_id":"00000000-0000-0000-0000-000000000000","actor_username":"service_role","actor_via_sso":false,"log_type":"team","traits":{"provider":"email","user_email":"admin_2_732211@prolineauto.com.br","user_id":"280a287f-827c-4d31-a4c8-2bbd34725be7","user_phone":""}}', '2025-09-18 03:52:31.509958+00', ''),
	('00000000-0000-0000-0000-000000000000', '3b9853a0-3a88-43c1-ae4c-8d69689ce650', '{"action":"user_signedup","actor_id":"00000000-0000-0000-0000-000000000000","actor_username":"service_role","actor_via_sso":false,"log_type":"team","traits":{"provider":"email","user_email":"admin_3_44138@prolineauto.com.br","user_id":"d5205c86-1b4c-4d4e-b63e-471f9ab3ad21","user_phone":""}}', '2025-09-18 03:52:31.582446+00', ''),
	('00000000-0000-0000-0000-000000000000', '827171dd-7b71-44b9-8b8e-0ba71698967d', '{"action":"user_signedup","actor_id":"00000000-0000-0000-0000-000000000000","actor_username":"service_role","actor_via_sso":false,"log_type":"team","traits":{"provider":"email","user_email":"admin_4_393062@prolineauto.com.br","user_id":"3c406502-2d12-4619-bc5a-ea25533a18be","user_phone":""}}', '2025-09-18 03:52:31.655201+00', ''),
	('00000000-0000-0000-0000-000000000000', '0ab8d924-00d2-4a20-91b1-d81a9778775c', '{"action":"user_signedup","actor_id":"00000000-0000-0000-0000-000000000000","actor_username":"service_role","actor_via_sso":false,"log_type":"team","traits":{"provider":"email","user_email":"admin_5_139625@prolineauto.com.br","user_id":"d34becf0-6ba6-4365-8ccb-a528405f4591","user_phone":""}}', '2025-09-18 03:52:31.729695+00', ''),
	('00000000-0000-0000-0000-000000000000', 'b52d5549-5a46-46e2-8a62-d4fd7b2e3471', '{"action":"user_signedup","actor_id":"00000000-0000-0000-0000-000000000000","actor_username":"service_role","actor_via_sso":false,"log_type":"team","traits":{"provider":"email","user_email":"admin_6_266562@prolineauto.com.br","user_id":"6c0b433b-5e84-403a-ba20-8757c93cbb81","user_phone":""}}', '2025-09-18 03:52:31.800714+00', ''),
	('00000000-0000-0000-0000-000000000000', '6bb59097-dcaf-4a8a-8441-4f7e885401e5', '{"action":"user_signedup","actor_id":"00000000-0000-0000-0000-000000000000","actor_username":"service_role","actor_via_sso":false,"log_type":"team","traits":{"provider":"email","user_email":"admin_7_555600@prolineauto.com.br","user_id":"08974176-19d5-4f94-a340-67cb8a12c2b0","user_phone":""}}', '2025-09-18 03:52:31.867435+00', ''),
	('00000000-0000-0000-0000-000000000000', 'cae82cc0-4c98-4de5-86b5-6df61edf72f8', '{"action":"user_signedup","actor_id":"00000000-0000-0000-0000-000000000000","actor_username":"service_role","actor_via_sso":false,"log_type":"team","traits":{"provider":"email","user_email":"admin_8_382624@prolineauto.com.br","user_id":"2a3ab68e-c86e-42b6-acef-306098b1b15f","user_phone":""}}', '2025-09-18 03:52:31.935135+00', ''),
	('00000000-0000-0000-0000-000000000000', '9cd0666a-9a67-4a31-852d-eb609837721b', '{"action":"user_signedup","actor_id":"00000000-0000-0000-0000-000000000000","actor_username":"service_role","actor_via_sso":false,"log_type":"team","traits":{"provider":"email","user_email":"admin_9_146158@prolineauto.com.br","user_id":"e7f85fe4-fcf9-40cf-bbb2-17484580833d","user_phone":""}}', '2025-09-18 03:52:32.00463+00', ''),
	('00000000-0000-0000-0000-000000000000', 'a075da4c-26d8-47f8-81ec-9b214d757049', '{"action":"user_signedup","actor_id":"00000000-0000-0000-0000-000000000000","actor_username":"service_role","actor_via_sso":false,"log_type":"team","traits":{"provider":"email","user_email":"admin_10_460037@prolineauto.com.br","user_id":"e7bfc3be-20e4-47f1-bf01-d92e0572bc1e","user_phone":""}}', '2025-09-18 03:52:32.071047+00', ''),
	('00000000-0000-0000-0000-000000000000', '4b239dfd-4484-4aa2-85fd-7622b4a65f6c', '{"action":"user_signedup","actor_id":"00000000-0000-0000-0000-000000000000","actor_username":"service_role","actor_via_sso":false,"log_type":"team","traits":{"provider":"email","user_email":"client_1_145203@prolineauto.com.br","user_id":"14836e67-ed6d-4ff8-9188-e1fd5a1c2d1e","user_phone":""}}', '2025-09-18 03:52:32.142691+00', ''),
	('00000000-0000-0000-0000-000000000000', '69b15ee5-0b35-4bac-9c3c-af5d3da2e43b', '{"action":"user_signedup","actor_id":"00000000-0000-0000-0000-000000000000","actor_username":"service_role","actor_via_sso":false,"log_type":"team","traits":{"provider":"email","user_email":"client_2_833012@prolineauto.com.br","user_id":"3a45618d-25ec-4153-bd15-4b2c476e1207","user_phone":""}}', '2025-09-18 03:52:32.224721+00', ''),
	('00000000-0000-0000-0000-000000000000', '676cfb85-e98e-432f-8f53-dcca16358c73', '{"action":"user_signedup","actor_id":"00000000-0000-0000-0000-000000000000","actor_username":"service_role","actor_via_sso":false,"log_type":"team","traits":{"provider":"email","user_email":"client_3_138496@prolineauto.com.br","user_id":"f0e352ba-7e7f-4c74-93b7-59f177947a59","user_phone":""}}', '2025-09-18 03:52:32.294943+00', ''),
	('00000000-0000-0000-0000-000000000000', 'e8eb0ce2-4bc0-4310-88e7-76ea884ef5c7', '{"action":"user_signedup","actor_id":"00000000-0000-0000-0000-000000000000","actor_username":"service_role","actor_via_sso":false,"log_type":"team","traits":{"provider":"email","user_email":"client_4_60043@prolineauto.com.br","user_id":"949015ad-ed71-4fab-9b62-dc5fea76699e","user_phone":""}}', '2025-09-18 03:52:32.365924+00', ''),
	('00000000-0000-0000-0000-000000000000', '99fc1705-8682-4f6d-875f-e23896945f76', '{"action":"user_signedup","actor_id":"00000000-0000-0000-0000-000000000000","actor_username":"service_role","actor_via_sso":false,"log_type":"team","traits":{"provider":"email","user_email":"client_5_290303@prolineauto.com.br","user_id":"16d79826-520d-447b-b6b4-5b8690c2155f","user_phone":""}}', '2025-09-18 03:52:32.434465+00', ''),
	('00000000-0000-0000-0000-000000000000', '33eeda9d-a515-43d1-a40b-f4b4ea2f6594', '{"action":"user_signedup","actor_id":"00000000-0000-0000-0000-000000000000","actor_username":"service_role","actor_via_sso":false,"log_type":"team","traits":{"provider":"email","user_email":"client_6_384762@prolineauto.com.br","user_id":"6d60d8cf-e7ff-4d80-8a0c-280cc59107e7","user_phone":""}}', '2025-09-18 03:52:32.508053+00', ''),
	('00000000-0000-0000-0000-000000000000', 'a73040ad-6941-4d31-a800-562818712664', '{"action":"user_signedup","actor_id":"00000000-0000-0000-0000-000000000000","actor_username":"service_role","actor_via_sso":false,"log_type":"team","traits":{"provider":"email","user_email":"client_7_303008@prolineauto.com.br","user_id":"605f00d4-6790-4339-be4c-cdb6683ba92f","user_phone":""}}', '2025-09-18 03:52:32.583674+00', ''),
	('00000000-0000-0000-0000-000000000000', '86374a7f-036f-41f8-922b-199d7d8bf808', '{"action":"token_revoked","actor_id":"54a01a20-c4dc-4da5-9f1d-493b3bccf052","actor_name":"Parceiro Mecânica","actor_username":"mecanica@parceiro.com","actor_via_sso":false,"log_type":"token"}', '2025-09-18 07:05:12.303442+00', ''),
	('00000000-0000-0000-0000-000000000000', '4263c6aa-ae68-4879-b2ce-5bcbf216bf66', '{"action":"user_signedup","actor_id":"00000000-0000-0000-0000-000000000000","actor_username":"service_role","actor_via_sso":false,"log_type":"team","traits":{"provider":"email","user_email":"client_8_773519@prolineauto.com.br","user_id":"d9e214fc-3ef1-4f75-8195-ac4dbe9d3e99","user_phone":""}}', '2025-09-18 03:52:32.657384+00', ''),
	('00000000-0000-0000-0000-000000000000', 'e38634e2-1f70-49ce-adf0-271fb2747911', '{"action":"user_signedup","actor_id":"00000000-0000-0000-0000-000000000000","actor_username":"service_role","actor_via_sso":false,"log_type":"team","traits":{"provider":"email","user_email":"client_9_615246@prolineauto.com.br","user_id":"9380b9be-9afd-443c-82fa-c9a06d26727f","user_phone":""}}', '2025-09-18 03:52:32.730697+00', ''),
	('00000000-0000-0000-0000-000000000000', 'd9d0abc6-ec90-4f16-8cca-04da9a469ac5', '{"action":"user_signedup","actor_id":"00000000-0000-0000-0000-000000000000","actor_username":"service_role","actor_via_sso":false,"log_type":"team","traits":{"provider":"email","user_email":"client_10_589966@prolineauto.com.br","user_id":"844b47a4-66eb-4792-b422-c44577491875","user_phone":""}}', '2025-09-18 03:52:32.810891+00', ''),
	('00000000-0000-0000-0000-000000000000', '13bc0eb1-417d-4e3f-a7a8-f1e4f478a777', '{"action":"user_signedup","actor_id":"00000000-0000-0000-0000-000000000000","actor_username":"service_role","actor_via_sso":false,"log_type":"team","traits":{"provider":"email","user_email":"partner_1_316126@prolineauto.com.br","user_id":"7207754c-80bf-469c-b0d5-a325f75b4862","user_phone":""}}', '2025-09-18 03:52:32.879629+00', ''),
	('00000000-0000-0000-0000-000000000000', 'e43c2d61-592a-4ff9-bdf2-f0bf30092806', '{"action":"user_signedup","actor_id":"00000000-0000-0000-0000-000000000000","actor_username":"service_role","actor_via_sso":false,"log_type":"team","traits":{"provider":"email","user_email":"partner_2_114777@prolineauto.com.br","user_id":"ede49a1e-e160-49db-884d-020706439a25","user_phone":""}}', '2025-09-18 03:52:32.946869+00', ''),
	('00000000-0000-0000-0000-000000000000', '5aa642f1-023f-4b4a-9272-cd9b5ca697a2', '{"action":"user_signedup","actor_id":"00000000-0000-0000-0000-000000000000","actor_username":"service_role","actor_via_sso":false,"log_type":"team","traits":{"provider":"email","user_email":"partner_3_729320@prolineauto.com.br","user_id":"4d5ff933-9c95-441f-af6d-851ef3fd54c3","user_phone":""}}', '2025-09-18 03:52:33.016395+00', ''),
	('00000000-0000-0000-0000-000000000000', 'd940a204-8636-415e-81d8-4ce2e463eb3c', '{"action":"user_signedup","actor_id":"00000000-0000-0000-0000-000000000000","actor_username":"service_role","actor_via_sso":false,"log_type":"team","traits":{"provider":"email","user_email":"partner_4_999046@prolineauto.com.br","user_id":"6ebe54b8-f6fa-4008-8894-ccbccadde399","user_phone":""}}', '2025-09-18 03:52:33.083991+00', ''),
	('00000000-0000-0000-0000-000000000000', '43a3fa9f-1ad6-460a-ad08-a6115ca7d3ab', '{"action":"user_signedup","actor_id":"00000000-0000-0000-0000-000000000000","actor_username":"service_role","actor_via_sso":false,"log_type":"team","traits":{"provider":"email","user_email":"partner_5_605143@prolineauto.com.br","user_id":"b2b41b40-e929-40aa-882f-bab5a2d10670","user_phone":""}}', '2025-09-18 03:52:33.15105+00', ''),
	('00000000-0000-0000-0000-000000000000', 'fc12717e-264b-47ff-bfee-4505666d536b', '{"action":"user_signedup","actor_id":"00000000-0000-0000-0000-000000000000","actor_username":"service_role","actor_via_sso":false,"log_type":"team","traits":{"provider":"email","user_email":"partner_6_963070@prolineauto.com.br","user_id":"00b44cba-28c4-4ca5-bee5-14fbacd88f1b","user_phone":""}}', '2025-09-18 03:52:33.219822+00', ''),
	('00000000-0000-0000-0000-000000000000', '01fad21a-be28-4e73-873f-2390a37b3d5e', '{"action":"user_signedup","actor_id":"00000000-0000-0000-0000-000000000000","actor_username":"service_role","actor_via_sso":false,"log_type":"team","traits":{"provider":"email","user_email":"partner_7_928003@prolineauto.com.br","user_id":"b44e0331-ddf4-48bb-83f3-e616aa79844f","user_phone":""}}', '2025-09-18 03:52:33.286515+00', ''),
	('00000000-0000-0000-0000-000000000000', '3e94d702-25c1-4819-904a-1ab8564bed99', '{"action":"user_signedup","actor_id":"00000000-0000-0000-0000-000000000000","actor_username":"service_role","actor_via_sso":false,"log_type":"team","traits":{"provider":"email","user_email":"partner_8_927423@prolineauto.com.br","user_id":"ef2eb5a2-1291-4407-b30d-dc9d15848776","user_phone":""}}', '2025-09-18 03:52:33.353472+00', ''),
	('00000000-0000-0000-0000-000000000000', '73b8780c-090c-4d93-9f35-a631681d34d2', '{"action":"user_signedup","actor_id":"00000000-0000-0000-0000-000000000000","actor_username":"service_role","actor_via_sso":false,"log_type":"team","traits":{"provider":"email","user_email":"partner_9_661409@prolineauto.com.br","user_id":"9a34b02b-fa7a-4bee-b2f6-8dfef7598cff","user_phone":""}}', '2025-09-18 03:52:33.422043+00', ''),
	('00000000-0000-0000-0000-000000000000', '14bb95ca-30c3-4cae-856f-a8aea2eceb4e', '{"action":"user_signedup","actor_id":"00000000-0000-0000-0000-000000000000","actor_username":"service_role","actor_via_sso":false,"log_type":"team","traits":{"provider":"email","user_email":"partner_10_803335@prolineauto.com.br","user_id":"2c30f3c5-ab7b-4a14-bcd6-2e6f01a3e680","user_phone":""}}', '2025-09-18 03:52:33.494568+00', ''),
	('00000000-0000-0000-0000-000000000000', '971d6f0e-557a-4577-bc65-03069d4fee89', '{"action":"user_signedup","actor_id":"00000000-0000-0000-0000-000000000000","actor_username":"service_role","actor_via_sso":false,"log_type":"team","traits":{"provider":"email","user_email":"specialist_1_397120@prolineauto.com.br","user_id":"03b35710-4df5-46be-930e-00d03076a927","user_phone":""}}', '2025-09-18 03:52:33.562065+00', ''),
	('00000000-0000-0000-0000-000000000000', '4708d17d-a8fd-4ff6-932f-374059a55644', '{"action":"user_signedup","actor_id":"00000000-0000-0000-0000-000000000000","actor_username":"service_role","actor_via_sso":false,"log_type":"team","traits":{"provider":"email","user_email":"specialist_2_693779@prolineauto.com.br","user_id":"35a55e3d-de16-4a87-8563-9a67607f6a9e","user_phone":""}}', '2025-09-18 03:52:33.634484+00', ''),
	('00000000-0000-0000-0000-000000000000', '35c7e1bd-67d3-4f6f-9c1d-0401b4d955f9', '{"action":"user_signedup","actor_id":"00000000-0000-0000-0000-000000000000","actor_username":"service_role","actor_via_sso":false,"log_type":"team","traits":{"provider":"email","user_email":"specialist_3_215529@prolineauto.com.br","user_id":"05b7e076-0e78-4ebd-bb77-94ce3b0e2cc7","user_phone":""}}', '2025-09-18 03:52:33.706328+00', ''),
	('00000000-0000-0000-0000-000000000000', 'f9a57338-4e5c-4cfd-9551-49a66c8e9d76', '{"action":"user_signedup","actor_id":"00000000-0000-0000-0000-000000000000","actor_username":"service_role","actor_via_sso":false,"log_type":"team","traits":{"provider":"email","user_email":"specialist_4_779723@prolineauto.com.br","user_id":"c85379b5-b3d6-4b24-80ac-be986f9796db","user_phone":""}}', '2025-09-18 03:52:33.773487+00', ''),
	('00000000-0000-0000-0000-000000000000', '66b633f9-d44f-487d-adb5-c422ca6a1e13', '{"action":"user_signedup","actor_id":"00000000-0000-0000-0000-000000000000","actor_username":"service_role","actor_via_sso":false,"log_type":"team","traits":{"provider":"email","user_email":"specialist_5_266727@prolineauto.com.br","user_id":"4baa2ab5-e4e2-4c13-b45d-c2af5e91b9a3","user_phone":""}}', '2025-09-18 03:52:33.83972+00', ''),
	('00000000-0000-0000-0000-000000000000', 'da80a1aa-8ba4-44af-8e18-9ce3fd94653e', '{"action":"user_signedup","actor_id":"00000000-0000-0000-0000-000000000000","actor_username":"service_role","actor_via_sso":false,"log_type":"team","traits":{"provider":"email","user_email":"specialist_6_932376@prolineauto.com.br","user_id":"d42cd04c-5e54-47c0-9034-817f9375f411","user_phone":""}}', '2025-09-18 03:52:33.909491+00', ''),
	('00000000-0000-0000-0000-000000000000', '938720a2-5c6e-498f-9837-636dc6e451d5', '{"action":"user_signedup","actor_id":"00000000-0000-0000-0000-000000000000","actor_username":"service_role","actor_via_sso":false,"log_type":"team","traits":{"provider":"email","user_email":"specialist_7_40066@prolineauto.com.br","user_id":"a45c93a2-7040-41f6-a735-d7168af3552a","user_phone":""}}', '2025-09-18 03:52:33.984528+00', ''),
	('00000000-0000-0000-0000-000000000000', '413446b0-16cc-42f7-b811-020dc4db2959', '{"action":"user_signedup","actor_id":"00000000-0000-0000-0000-000000000000","actor_username":"service_role","actor_via_sso":false,"log_type":"team","traits":{"provider":"email","user_email":"specialist_8_396271@prolineauto.com.br","user_id":"78b24599-56b2-4bfd-9afe-55e1d7ca55c3","user_phone":""}}', '2025-09-18 03:52:34.052726+00', ''),
	('00000000-0000-0000-0000-000000000000', 'a13ea0c2-d14d-4842-a40a-a7b0b0e61910', '{"action":"user_signedup","actor_id":"00000000-0000-0000-0000-000000000000","actor_username":"service_role","actor_via_sso":false,"log_type":"team","traits":{"provider":"email","user_email":"specialist_9_305970@prolineauto.com.br","user_id":"79169e4f-6a42-47d7-8fe3-b003acee5800","user_phone":""}}', '2025-09-18 03:52:34.142476+00', ''),
	('00000000-0000-0000-0000-000000000000', '484fd302-0c5e-4508-a982-05acc526d673', '{"action":"user_signedup","actor_id":"00000000-0000-0000-0000-000000000000","actor_username":"service_role","actor_via_sso":false,"log_type":"team","traits":{"provider":"email","user_email":"specialist_10_534992@prolineauto.com.br","user_id":"bb21bd80-1518-43cc-9cf9-6fbf6542ec94","user_phone":""}}', '2025-09-18 03:52:34.230958+00', ''),
	('00000000-0000-0000-0000-000000000000', '9a33eaa8-521a-4cb9-98e4-4f3bf320acf0', '{"action":"user_signedup","actor_id":"00000000-0000-0000-0000-000000000000","actor_username":"service_role","actor_via_sso":false,"log_type":"team","traits":{"provider":"email","user_email":"mecanica@parceiro.com","user_id":"54a01a20-c4dc-4da5-9f1d-493b3bccf052","user_phone":""}}', '2025-09-18 03:52:42.509826+00', ''),
	('00000000-0000-0000-0000-000000000000', 'dde9d20c-d893-4244-bb96-bb4c833b1d90', '{"action":"user_signedup","actor_id":"00000000-0000-0000-0000-000000000000","actor_username":"service_role","actor_via_sso":false,"log_type":"team","traits":{"provider":"email","user_email":"pintura@parceiro.com","user_id":"1b80300b-2aec-479d-a88a-606e28645cdd","user_phone":""}}', '2025-09-18 03:52:42.607127+00', ''),
	('00000000-0000-0000-0000-000000000000', 'd1c3b7e1-b481-4fbe-9dc1-b521bb0df5e6', '{"action":"user_signedup","actor_id":"00000000-0000-0000-0000-000000000000","actor_username":"service_role","actor_via_sso":false,"log_type":"team","traits":{"provider":"email","user_email":"lavagem@parceiro.com","user_id":"fe248898-5b39-4fae-8393-2fb558230fbb","user_phone":""}}', '2025-09-18 03:52:42.683366+00', ''),
	('00000000-0000-0000-0000-000000000000', '65967748-5201-4b46-8527-5e96a6742872', '{"action":"user_signedup","actor_id":"00000000-0000-0000-0000-000000000000","actor_username":"service_role","actor_via_sso":false,"log_type":"team","traits":{"provider":"email","user_email":"pneus@parceiro.com","user_id":"0a51eb28-06fd-48f0-afa4-58d7ef8b9ffd","user_phone":""}}', '2025-09-18 03:52:42.772377+00', ''),
	('00000000-0000-0000-0000-000000000000', 'b6637505-9188-411b-9019-ad9130e57427', '{"action":"user_signedup","actor_id":"00000000-0000-0000-0000-000000000000","actor_username":"service_role","actor_via_sso":false,"log_type":"team","traits":{"provider":"email","user_email":"loja@parceiro.com","user_id":"724c75aa-247b-45a4-9138-cbc92448b1a8","user_phone":""}}', '2025-09-18 03:52:42.854866+00', ''),
	('00000000-0000-0000-0000-000000000000', '87f1cab8-1e4b-4ec6-b0f2-9081d6f69ef9', '{"action":"user_signedup","actor_id":"00000000-0000-0000-0000-000000000000","actor_username":"service_role","actor_via_sso":false,"log_type":"team","traits":{"provider":"email","user_email":"patio@parceiro.com","user_id":"1a53bf65-60e3-4153-900e-61a24d7071f2","user_phone":""}}', '2025-09-18 03:52:42.938895+00', ''),
	('00000000-0000-0000-0000-000000000000', '575de773-e25c-42ce-9f5c-b53886d1bdc0', '{"action":"login","actor_id":"54a01a20-c4dc-4da5-9f1d-493b3bccf052","actor_name":"Parceiro Mecânica","actor_username":"mecanica@parceiro.com","actor_via_sso":false,"log_type":"account","traits":{"provider":"email"}}', '2025-09-18 03:52:56.734126+00', ''),
	('00000000-0000-0000-0000-000000000000', '72ef8490-45e3-4f26-a0bb-2dd616b3456f', '{"action":"logout","actor_id":"54a01a20-c4dc-4da5-9f1d-493b3bccf052","actor_name":"Parceiro Mecânica","actor_username":"mecanica@parceiro.com","actor_via_sso":false,"log_type":"account"}', '2025-09-18 03:53:06.517754+00', ''),
	('00000000-0000-0000-0000-000000000000', '8319c717-c248-4028-99fd-8a7b54b0c51d', '{"action":"login","actor_id":"c80f98b9-2141-4afb-94a2-d8bfbc8de50e","actor_name":"Cliente Teste 13994","actor_username":"cliente@prolineauto.com.br","actor_via_sso":false,"log_type":"account","traits":{"provider":"email"}}', '2025-09-18 03:53:15.495698+00', ''),
	('00000000-0000-0000-0000-000000000000', 'e37db82c-848c-48a6-a6fd-af24278da71e', '{"action":"login","actor_id":"54a01a20-c4dc-4da5-9f1d-493b3bccf052","actor_name":"Parceiro Mecânica","actor_username":"mecanica@parceiro.com","actor_via_sso":false,"log_type":"account","traits":{"provider":"email"}}', '2025-09-18 03:54:26.208161+00', ''),
	('00000000-0000-0000-0000-000000000000', 'dd71798e-1d5c-4608-ba23-c06a73fd1a46', '{"action":"login","actor_id":"20e8e4c3-bc4e-4869-b8d6-c5a06e8d92e3","actor_name":"Administrador Principal","actor_username":"admin@prolineauto.com.br","actor_via_sso":false,"log_type":"account","traits":{"provider":"email"}}', '2025-09-18 03:54:31.906443+00', ''),
	('00000000-0000-0000-0000-000000000000', 'fc7e7e8a-8d3c-44d6-8295-3c5ed910f34b', '{"action":"login","actor_id":"97b9308e-c98d-4b69-8666-a2744b0e8e94","actor_name":"Especialista Teste 19116","actor_username":"especialista@prolineauto.com.br","actor_via_sso":false,"log_type":"account","traits":{"provider":"email"}}', '2025-09-18 03:54:48.026071+00', ''),
	('00000000-0000-0000-0000-000000000000', '9f3e3cd5-e931-49aa-92a8-b28f75c8723c', '{"action":"login","actor_id":"54a01a20-c4dc-4da5-9f1d-493b3bccf052","actor_name":"Parceiro Mecânica","actor_username":"mecanica@parceiro.com","actor_via_sso":false,"log_type":"account","traits":{"provider":"email"}}', '2025-09-18 04:10:52.627931+00', ''),
	('00000000-0000-0000-0000-000000000000', 'e8fcb3e9-850b-4809-9244-a0f5141afb45', '{"action":"token_refreshed","actor_id":"97b9308e-c98d-4b69-8666-a2744b0e8e94","actor_name":"Especialista Teste 19116","actor_username":"especialista@prolineauto.com.br","actor_via_sso":false,"log_type":"token"}', '2025-09-18 04:53:16.093684+00', ''),
	('00000000-0000-0000-0000-000000000000', '309c31c9-e583-44c8-af40-64df035529de', '{"action":"token_revoked","actor_id":"97b9308e-c98d-4b69-8666-a2744b0e8e94","actor_name":"Especialista Teste 19116","actor_username":"especialista@prolineauto.com.br","actor_via_sso":false,"log_type":"token"}', '2025-09-18 04:53:16.096343+00', ''),
	('00000000-0000-0000-0000-000000000000', '591f199d-ca75-4761-81d7-5ec05aa39d5c', '{"action":"token_refreshed","actor_id":"54a01a20-c4dc-4da5-9f1d-493b3bccf052","actor_name":"Parceiro Mecânica","actor_username":"mecanica@parceiro.com","actor_via_sso":false,"log_type":"token"}', '2025-09-18 05:09:00.061382+00', ''),
	('00000000-0000-0000-0000-000000000000', '72c8dddc-74e4-4677-bee2-9cf5009f2942', '{"action":"token_revoked","actor_id":"54a01a20-c4dc-4da5-9f1d-493b3bccf052","actor_name":"Parceiro Mecânica","actor_username":"mecanica@parceiro.com","actor_via_sso":false,"log_type":"token"}', '2025-09-18 05:09:00.061832+00', ''),
	('00000000-0000-0000-0000-000000000000', 'e9c88171-8ce6-4f49-b17e-7f81eeea89c1', '{"action":"token_refreshed","actor_id":"97b9308e-c98d-4b69-8666-a2744b0e8e94","actor_name":"Especialista Teste 19116","actor_username":"especialista@prolineauto.com.br","actor_via_sso":false,"log_type":"token"}', '2025-09-18 05:51:18.461304+00', ''),
	('00000000-0000-0000-0000-000000000000', '5679f565-a857-4ae1-9789-60ae4bb237dc', '{"action":"token_revoked","actor_id":"97b9308e-c98d-4b69-8666-a2744b0e8e94","actor_name":"Especialista Teste 19116","actor_username":"especialista@prolineauto.com.br","actor_via_sso":false,"log_type":"token"}', '2025-09-18 05:51:18.463176+00', ''),
	('00000000-0000-0000-0000-000000000000', '0848637b-dfd3-4442-9b38-2bdebb0976fe', '{"action":"token_refreshed","actor_id":"54a01a20-c4dc-4da5-9f1d-493b3bccf052","actor_name":"Parceiro Mecânica","actor_username":"mecanica@parceiro.com","actor_via_sso":false,"log_type":"token"}', '2025-09-18 06:07:12.190983+00', ''),
	('00000000-0000-0000-0000-000000000000', 'f6f6045d-f5db-436d-89b8-a10af5361bce', '{"action":"token_revoked","actor_id":"54a01a20-c4dc-4da5-9f1d-493b3bccf052","actor_name":"Parceiro Mecânica","actor_username":"mecanica@parceiro.com","actor_via_sso":false,"log_type":"token"}', '2025-09-18 06:07:12.191398+00', ''),
	('00000000-0000-0000-0000-000000000000', '21e4a87b-1b67-4922-8534-db2ddd044fd8', '{"action":"token_refreshed","actor_id":"97b9308e-c98d-4b69-8666-a2744b0e8e94","actor_name":"Especialista Teste 19116","actor_username":"especialista@prolineauto.com.br","actor_via_sso":false,"log_type":"token"}', '2025-09-18 06:49:18.728444+00', ''),
	('00000000-0000-0000-0000-000000000000', 'a491f8d0-6cc6-411e-b049-f4f4a37b941e', '{"action":"token_revoked","actor_id":"97b9308e-c98d-4b69-8666-a2744b0e8e94","actor_name":"Especialista Teste 19116","actor_username":"especialista@prolineauto.com.br","actor_via_sso":false,"log_type":"token"}', '2025-09-18 06:49:18.729106+00', ''),
	('00000000-0000-0000-0000-000000000000', '6a092570-2a45-4e1d-84de-80daee17dba2', '{"action":"token_refreshed","actor_id":"54a01a20-c4dc-4da5-9f1d-493b3bccf052","actor_name":"Parceiro Mecânica","actor_username":"mecanica@parceiro.com","actor_via_sso":false,"log_type":"token"}', '2025-09-18 07:05:12.302607+00', ''),
	('00000000-0000-0000-0000-000000000000', '5f632440-6e33-4fa2-a193-1de98d33ac9a', '{"action":"token_refreshed","actor_id":"97b9308e-c98d-4b69-8666-a2744b0e8e94","actor_name":"Especialista Teste 19116","actor_username":"especialista@prolineauto.com.br","actor_via_sso":false,"log_type":"token"}', '2025-09-18 07:47:18.624017+00', ''),
	('00000000-0000-0000-0000-000000000000', '694b155d-f119-407d-985c-c857ceeac92b', '{"action":"token_revoked","actor_id":"97b9308e-c98d-4b69-8666-a2744b0e8e94","actor_name":"Especialista Teste 19116","actor_username":"especialista@prolineauto.com.br","actor_via_sso":false,"log_type":"token"}', '2025-09-18 07:47:18.624325+00', ''),
	('00000000-0000-0000-0000-000000000000', 'ad2540f3-a416-4469-98a3-3320566fc40d', '{"action":"token_refreshed","actor_id":"54a01a20-c4dc-4da5-9f1d-493b3bccf052","actor_name":"Parceiro Mecânica","actor_username":"mecanica@parceiro.com","actor_via_sso":false,"log_type":"token"}', '2025-09-18 08:03:13.571419+00', ''),
	('00000000-0000-0000-0000-000000000000', 'e11d170a-2265-4616-bfde-dc02d02432aa', '{"action":"token_revoked","actor_id":"54a01a20-c4dc-4da5-9f1d-493b3bccf052","actor_name":"Parceiro Mecânica","actor_username":"mecanica@parceiro.com","actor_via_sso":false,"log_type":"token"}', '2025-09-18 08:03:13.572045+00', ''),
	('00000000-0000-0000-0000-000000000000', '6bc04773-a9fe-47d3-afca-37083b735c4b', '{"action":"token_refreshed","actor_id":"97b9308e-c98d-4b69-8666-a2744b0e8e94","actor_name":"Especialista Teste 19116","actor_username":"especialista@prolineauto.com.br","actor_via_sso":false,"log_type":"token"}', '2025-09-18 08:45:18.717415+00', ''),
	('00000000-0000-0000-0000-000000000000', '9fb134bc-d52d-4002-88ab-fbf506393460', '{"action":"token_revoked","actor_id":"97b9308e-c98d-4b69-8666-a2744b0e8e94","actor_name":"Especialista Teste 19116","actor_username":"especialista@prolineauto.com.br","actor_via_sso":false,"log_type":"token"}', '2025-09-18 08:45:18.718186+00', ''),
	('00000000-0000-0000-0000-000000000000', '01c8e01d-dce7-4303-be78-99c23c9e949f', '{"action":"token_refreshed","actor_id":"54a01a20-c4dc-4da5-9f1d-493b3bccf052","actor_name":"Parceiro Mecânica","actor_username":"mecanica@parceiro.com","actor_via_sso":false,"log_type":"token"}', '2025-09-18 09:01:13.592964+00', ''),
	('00000000-0000-0000-0000-000000000000', 'e7ba794a-30b0-4c8f-9f3b-208e2e03c76f', '{"action":"token_revoked","actor_id":"54a01a20-c4dc-4da5-9f1d-493b3bccf052","actor_name":"Parceiro Mecânica","actor_username":"mecanica@parceiro.com","actor_via_sso":false,"log_type":"token"}', '2025-09-18 09:01:13.59358+00', ''),
	('00000000-0000-0000-0000-000000000000', 'd3fe8f80-b2dd-4d0f-a501-c30e1822ef56', '{"action":"token_refreshed","actor_id":"97b9308e-c98d-4b69-8666-a2744b0e8e94","actor_name":"Especialista Teste 19116","actor_username":"especialista@prolineauto.com.br","actor_via_sso":false,"log_type":"token"}', '2025-09-18 09:43:18.888594+00', ''),
	('00000000-0000-0000-0000-000000000000', 'c9dcda99-2b4a-40de-8fdb-04dba35774c9', '{"action":"token_revoked","actor_id":"97b9308e-c98d-4b69-8666-a2744b0e8e94","actor_name":"Especialista Teste 19116","actor_username":"especialista@prolineauto.com.br","actor_via_sso":false,"log_type":"token"}', '2025-09-18 09:43:18.88937+00', ''),
	('00000000-0000-0000-0000-000000000000', '9f1c0b80-c5aa-4b2a-8b27-48b5935c49b9', '{"action":"token_refreshed","actor_id":"54a01a20-c4dc-4da5-9f1d-493b3bccf052","actor_name":"Parceiro Mecânica","actor_username":"mecanica@parceiro.com","actor_via_sso":false,"log_type":"token"}', '2025-09-18 09:59:13.636889+00', ''),
	('00000000-0000-0000-0000-000000000000', 'adc48f34-df41-416a-be98-e0e9609da49f', '{"action":"token_revoked","actor_id":"54a01a20-c4dc-4da5-9f1d-493b3bccf052","actor_name":"Parceiro Mecânica","actor_username":"mecanica@parceiro.com","actor_via_sso":false,"log_type":"token"}', '2025-09-18 09:59:13.637611+00', ''),
	('00000000-0000-0000-0000-000000000000', '46a53891-19b4-4cfd-8d5a-a45ec2511340', '{"action":"token_refreshed","actor_id":"97b9308e-c98d-4b69-8666-a2744b0e8e94","actor_name":"Especialista Teste 19116","actor_username":"especialista@prolineauto.com.br","actor_via_sso":false,"log_type":"token"}', '2025-09-18 10:41:18.822632+00', ''),
	('00000000-0000-0000-0000-000000000000', '8e9c427e-c794-4442-a40f-d8ed572c6d51', '{"action":"token_revoked","actor_id":"97b9308e-c98d-4b69-8666-a2744b0e8e94","actor_name":"Especialista Teste 19116","actor_username":"especialista@prolineauto.com.br","actor_via_sso":false,"log_type":"token"}', '2025-09-18 10:41:18.823086+00', ''),
	('00000000-0000-0000-0000-000000000000', 'c6273500-3c8d-44bd-8b5a-936e9a67db2a', '{"action":"token_refreshed","actor_id":"54a01a20-c4dc-4da5-9f1d-493b3bccf052","actor_name":"Parceiro Mecânica","actor_username":"mecanica@parceiro.com","actor_via_sso":false,"log_type":"token"}', '2025-09-18 10:57:13.68583+00', ''),
	('00000000-0000-0000-0000-000000000000', 'ac820c94-6284-4231-9b81-bb192d9c8e2c', '{"action":"token_revoked","actor_id":"54a01a20-c4dc-4da5-9f1d-493b3bccf052","actor_name":"Parceiro Mecânica","actor_username":"mecanica@parceiro.com","actor_via_sso":false,"log_type":"token"}', '2025-09-18 10:57:13.686609+00', ''),
	('00000000-0000-0000-0000-000000000000', '6e92e9ab-5f03-4f7c-ab32-5f205acb4fca', '{"action":"token_refreshed","actor_id":"97b9308e-c98d-4b69-8666-a2744b0e8e94","actor_name":"Especialista Teste 19116","actor_username":"especialista@prolineauto.com.br","actor_via_sso":false,"log_type":"token"}', '2025-09-18 11:39:18.901493+00', ''),
	('00000000-0000-0000-0000-000000000000', 'e2a66808-6f96-40ae-93fd-d03a580e941c', '{"action":"token_revoked","actor_id":"97b9308e-c98d-4b69-8666-a2744b0e8e94","actor_name":"Especialista Teste 19116","actor_username":"especialista@prolineauto.com.br","actor_via_sso":false,"log_type":"token"}', '2025-09-18 11:39:18.902334+00', ''),
	('00000000-0000-0000-0000-000000000000', '574694c0-6f87-441f-8f03-2c03db326335', '{"action":"token_refreshed","actor_id":"54a01a20-c4dc-4da5-9f1d-493b3bccf052","actor_name":"Parceiro Mecânica","actor_username":"mecanica@parceiro.com","actor_via_sso":false,"log_type":"token"}', '2025-09-18 11:55:13.727588+00', ''),
	('00000000-0000-0000-0000-000000000000', 'a46f84a7-f729-45f5-8dff-fc5d28a774b1', '{"action":"token_revoked","actor_id":"54a01a20-c4dc-4da5-9f1d-493b3bccf052","actor_name":"Parceiro Mecânica","actor_username":"mecanica@parceiro.com","actor_via_sso":false,"log_type":"token"}', '2025-09-18 11:55:13.728282+00', ''),
	('00000000-0000-0000-0000-000000000000', '11151aa9-f0d2-4e5e-a751-4bb7fea926a8', '{"action":"token_refreshed","actor_id":"97b9308e-c98d-4b69-8666-a2744b0e8e94","actor_name":"Especialista Teste 19116","actor_username":"especialista@prolineauto.com.br","actor_via_sso":false,"log_type":"token"}', '2025-09-18 12:37:18.913825+00', ''),
	('00000000-0000-0000-0000-000000000000', '0cc778b3-0efa-405f-a576-90e35963615f', '{"action":"token_revoked","actor_id":"97b9308e-c98d-4b69-8666-a2744b0e8e94","actor_name":"Especialista Teste 19116","actor_username":"especialista@prolineauto.com.br","actor_via_sso":false,"log_type":"token"}', '2025-09-18 12:37:18.914596+00', ''),
	('00000000-0000-0000-0000-000000000000', '41af2158-4105-4dac-a42d-28c2a5406231', '{"action":"token_refreshed","actor_id":"54a01a20-c4dc-4da5-9f1d-493b3bccf052","actor_name":"Parceiro Mecânica","actor_username":"mecanica@parceiro.com","actor_via_sso":false,"log_type":"token"}', '2025-09-18 12:53:13.772333+00', ''),
	('00000000-0000-0000-0000-000000000000', 'ecfa9d2b-66fb-43a8-82ed-fb1ff34e6bf8', '{"action":"token_revoked","actor_id":"54a01a20-c4dc-4da5-9f1d-493b3bccf052","actor_name":"Parceiro Mecânica","actor_username":"mecanica@parceiro.com","actor_via_sso":false,"log_type":"token"}', '2025-09-18 12:53:13.773056+00', ''),
	('00000000-0000-0000-0000-000000000000', 'e59128a2-321d-4e00-9574-459d1eb2ccb5', '{"action":"token_refreshed","actor_id":"97b9308e-c98d-4b69-8666-a2744b0e8e94","actor_name":"Especialista Teste 19116","actor_username":"especialista@prolineauto.com.br","actor_via_sso":false,"log_type":"token"}', '2025-09-18 13:35:19.076882+00', ''),
	('00000000-0000-0000-0000-000000000000', 'c1508ec8-8a43-4014-923c-bc229782dbe1', '{"action":"token_revoked","actor_id":"97b9308e-c98d-4b69-8666-a2744b0e8e94","actor_name":"Especialista Teste 19116","actor_username":"especialista@prolineauto.com.br","actor_via_sso":false,"log_type":"token"}', '2025-09-18 13:35:19.077566+00', ''),
	('00000000-0000-0000-0000-000000000000', '2f57f267-1654-48a8-9818-46901e4ab0dc', '{"action":"token_refreshed","actor_id":"54a01a20-c4dc-4da5-9f1d-493b3bccf052","actor_name":"Parceiro Mecânica","actor_username":"mecanica@parceiro.com","actor_via_sso":false,"log_type":"token"}', '2025-09-18 13:51:13.837271+00', ''),
	('00000000-0000-0000-0000-000000000000', 'e97d2d79-c14a-4b53-a97b-92508fcb421c', '{"action":"token_revoked","actor_id":"54a01a20-c4dc-4da5-9f1d-493b3bccf052","actor_name":"Parceiro Mecânica","actor_username":"mecanica@parceiro.com","actor_via_sso":false,"log_type":"token"}', '2025-09-18 13:51:13.837815+00', ''),
	('00000000-0000-0000-0000-000000000000', 'de503447-d2c4-4563-8d4f-50797a253ba9', '{"action":"token_refreshed","actor_id":"97b9308e-c98d-4b69-8666-a2744b0e8e94","actor_name":"Especialista Teste 19116","actor_username":"especialista@prolineauto.com.br","actor_via_sso":false,"log_type":"token"}', '2025-09-18 14:33:49.012263+00', ''),
	('00000000-0000-0000-0000-000000000000', '9a575a8d-be48-43c7-b86b-2eaa4a415893', '{"action":"token_revoked","actor_id":"97b9308e-c98d-4b69-8666-a2744b0e8e94","actor_name":"Especialista Teste 19116","actor_username":"especialista@prolineauto.com.br","actor_via_sso":false,"log_type":"token"}', '2025-09-18 14:33:49.013083+00', ''),
	('00000000-0000-0000-0000-000000000000', '01eb65fb-722a-4af4-8751-d16ec8bc3213', '{"action":"token_refreshed","actor_id":"c80f98b9-2141-4afb-94a2-d8bfbc8de50e","actor_name":"Cliente Teste 13994","actor_username":"cliente@prolineauto.com.br","actor_via_sso":false,"log_type":"token"}', '2025-09-18 14:39:50.151001+00', ''),
	('00000000-0000-0000-0000-000000000000', '1b6940ed-6920-4947-a0fe-02bc7f3d408d', '{"action":"token_revoked","actor_id":"c80f98b9-2141-4afb-94a2-d8bfbc8de50e","actor_name":"Cliente Teste 13994","actor_username":"cliente@prolineauto.com.br","actor_via_sso":false,"log_type":"token"}', '2025-09-18 14:39:50.151257+00', ''),
	('00000000-0000-0000-0000-000000000000', 'dc20a9d1-8c61-4675-9acb-f1039811248b', '{"action":"token_refreshed","actor_id":"54a01a20-c4dc-4da5-9f1d-493b3bccf052","actor_name":"Parceiro Mecânica","actor_username":"mecanica@parceiro.com","actor_via_sso":false,"log_type":"token"}', '2025-09-18 14:49:29.288152+00', ''),
	('00000000-0000-0000-0000-000000000000', '8a88e8fb-8081-4726-94d8-9ce59bad126f', '{"action":"token_revoked","actor_id":"54a01a20-c4dc-4da5-9f1d-493b3bccf052","actor_name":"Parceiro Mecânica","actor_username":"mecanica@parceiro.com","actor_via_sso":false,"log_type":"token"}', '2025-09-18 14:49:29.289297+00', ''),
	('00000000-0000-0000-0000-000000000000', '0caa2ff7-8a00-4a52-b0c2-040748c18fc0', '{"action":"token_refreshed","actor_id":"97b9308e-c98d-4b69-8666-a2744b0e8e94","actor_name":"Especialista Teste 19116","actor_username":"especialista@prolineauto.com.br","actor_via_sso":false,"log_type":"token"}', '2025-09-18 15:31:53.766992+00', ''),
	('00000000-0000-0000-0000-000000000000', 'f40c0aff-107a-4fd8-a1ea-735154efeb22', '{"action":"token_revoked","actor_id":"97b9308e-c98d-4b69-8666-a2744b0e8e94","actor_name":"Especialista Teste 19116","actor_username":"especialista@prolineauto.com.br","actor_via_sso":false,"log_type":"token"}', '2025-09-18 15:31:53.76922+00', ''),
	('00000000-0000-0000-0000-000000000000', 'a12714b5-7b39-4d74-9205-ae7eb61179b6', '{"action":"user_signedup","actor_id":"00000000-0000-0000-0000-000000000000","actor_username":"service_role","actor_via_sso":false,"log_type":"team","traits":{"provider":"email","user_email":"rafaelbsfarias@gmail.com","user_id":"09c5cd0b-a6a2-44ed-8723-19aca349c3e6","user_phone":""}}', '2025-09-18 15:47:03.185793+00', ''),
	('00000000-0000-0000-0000-000000000000', '68399481-c2eb-4705-8eb5-96bbf0a41c9a', '{"action":"login","actor_id":"54a01a20-c4dc-4da5-9f1d-493b3bccf052","actor_name":"Parceiro Mecânica","actor_username":"mecanica@parceiro.com","actor_via_sso":false,"log_type":"account","traits":{"provider":"email"}}', '2025-09-18 15:47:40.737361+00', ''),
	('00000000-0000-0000-0000-000000000000', '746096a9-df5f-45d2-8cae-f738dd29f017', '{"action":"token_refreshed","actor_id":"97b9308e-c98d-4b69-8666-a2744b0e8e94","actor_name":"Especialista Teste 19116","actor_username":"especialista@prolineauto.com.br","actor_via_sso":false,"log_type":"token"}', '2025-09-18 16:30:19.836193+00', ''),
	('00000000-0000-0000-0000-000000000000', '7fcc32e5-efb6-4e36-a2a9-cda99a2b8971', '{"action":"token_revoked","actor_id":"97b9308e-c98d-4b69-8666-a2744b0e8e94","actor_name":"Especialista Teste 19116","actor_username":"especialista@prolineauto.com.br","actor_via_sso":false,"log_type":"token"}', '2025-09-18 16:30:19.838926+00', ''),
	('00000000-0000-0000-0000-000000000000', 'f721096f-5787-48ab-99d0-2ba780c1ecd8', '{"action":"token_refreshed","actor_id":"54a01a20-c4dc-4da5-9f1d-493b3bccf052","actor_name":"Parceiro Mecânica","actor_username":"mecanica@parceiro.com","actor_via_sso":false,"log_type":"token"}', '2025-09-18 16:45:50.930253+00', ''),
	('00000000-0000-0000-0000-000000000000', 'f091b1eb-2ab7-43ed-91a0-9e04829f7648', '{"action":"token_revoked","actor_id":"54a01a20-c4dc-4da5-9f1d-493b3bccf052","actor_name":"Parceiro Mecânica","actor_username":"mecanica@parceiro.com","actor_via_sso":false,"log_type":"token"}', '2025-09-18 16:45:50.93161+00', ''),
	('00000000-0000-0000-0000-000000000000', '7e76341f-fcc9-4c5b-9055-56bc100c85b2', '{"action":"login","actor_id":"20e8e4c3-bc4e-4869-b8d6-c5a06e8d92e3","actor_name":"Administrador Principal","actor_username":"admin@prolineauto.com.br","actor_via_sso":false,"log_type":"account","traits":{"provider":"email"}}', '2025-09-18 17:09:16.881018+00', ''),
	('00000000-0000-0000-0000-000000000000', '6146f02a-dfa7-4e6e-9a4d-ed1ea886418b', '{"action":"token_refreshed","actor_id":"c80f98b9-2141-4afb-94a2-d8bfbc8de50e","actor_name":"Cliente Teste 13994","actor_username":"cliente@prolineauto.com.br","actor_via_sso":false,"log_type":"token"}', '2025-09-18 17:11:47.379653+00', ''),
	('00000000-0000-0000-0000-000000000000', '22e86465-a466-4070-908f-ebf86fa44d8e', '{"action":"token_revoked","actor_id":"c80f98b9-2141-4afb-94a2-d8bfbc8de50e","actor_name":"Cliente Teste 13994","actor_username":"cliente@prolineauto.com.br","actor_via_sso":false,"log_type":"token"}', '2025-09-18 17:11:47.380328+00', ''),
	('00000000-0000-0000-0000-000000000000', '17268800-b115-47c3-b157-72289644f98e', '{"action":"token_refreshed","actor_id":"97b9308e-c98d-4b69-8666-a2744b0e8e94","actor_name":"Especialista Teste 19116","actor_username":"especialista@prolineauto.com.br","actor_via_sso":false,"log_type":"token"}', '2025-09-18 17:28:22.874121+00', ''),
	('00000000-0000-0000-0000-000000000000', '67376aaf-8bbb-4af2-aa33-d7dfbec6b4b1', '{"action":"token_revoked","actor_id":"97b9308e-c98d-4b69-8666-a2744b0e8e94","actor_name":"Especialista Teste 19116","actor_username":"especialista@prolineauto.com.br","actor_via_sso":false,"log_type":"token"}', '2025-09-18 17:28:22.874869+00', ''),
	('00000000-0000-0000-0000-000000000000', 'ddf68b5f-e651-49ad-b24f-d3bf5caf8001', '{"action":"token_refreshed","actor_id":"54a01a20-c4dc-4da5-9f1d-493b3bccf052","actor_name":"Parceiro Mecânica","actor_username":"mecanica@parceiro.com","actor_via_sso":false,"log_type":"token"}', '2025-09-18 17:44:01.601364+00', ''),
	('00000000-0000-0000-0000-000000000000', '1f00477e-31e3-4d1d-aa8d-5c30ecba7b59', '{"action":"token_revoked","actor_id":"54a01a20-c4dc-4da5-9f1d-493b3bccf052","actor_name":"Parceiro Mecânica","actor_username":"mecanica@parceiro.com","actor_via_sso":false,"log_type":"token"}', '2025-09-18 17:44:01.602591+00', ''),
	('00000000-0000-0000-0000-000000000000', '94faf501-bfb1-49e3-bcb7-71058e8e5302', '{"action":"token_refreshed","actor_id":"20e8e4c3-bc4e-4869-b8d6-c5a06e8d92e3","actor_name":"Administrador Principal","actor_username":"admin@prolineauto.com.br","actor_via_sso":false,"log_type":"token"}', '2025-09-18 18:07:44.623572+00', ''),
	('00000000-0000-0000-0000-000000000000', '8d938a7d-765f-4d14-b81d-2257bc4d8789', '{"action":"token_revoked","actor_id":"20e8e4c3-bc4e-4869-b8d6-c5a06e8d92e3","actor_name":"Administrador Principal","actor_username":"admin@prolineauto.com.br","actor_via_sso":false,"log_type":"token"}', '2025-09-18 18:07:44.626671+00', ''),
	('00000000-0000-0000-0000-000000000000', 'e8f76764-2a57-4952-b2c4-11307873bc8c', '{"action":"token_refreshed","actor_id":"c80f98b9-2141-4afb-94a2-d8bfbc8de50e","actor_name":"Cliente Teste 13994","actor_username":"cliente@prolineauto.com.br","actor_via_sso":false,"log_type":"token"}', '2025-09-18 18:10:43.071762+00', ''),
	('00000000-0000-0000-0000-000000000000', '41ae0245-8421-4e6e-bf41-ab46038927bd', '{"action":"token_revoked","actor_id":"c80f98b9-2141-4afb-94a2-d8bfbc8de50e","actor_name":"Cliente Teste 13994","actor_username":"cliente@prolineauto.com.br","actor_via_sso":false,"log_type":"token"}', '2025-09-18 18:10:43.072339+00', ''),
	('00000000-0000-0000-0000-000000000000', '3be4bb87-e7c2-4c12-a7b7-991af01739f3', '{"action":"token_refreshed","actor_id":"97b9308e-c98d-4b69-8666-a2744b0e8e94","actor_name":"Especialista Teste 19116","actor_username":"especialista@prolineauto.com.br","actor_via_sso":false,"log_type":"token"}', '2025-09-18 18:26:50.613538+00', ''),
	('00000000-0000-0000-0000-000000000000', 'e41f77d5-05d3-401f-a631-2cabef0accb3', '{"action":"token_revoked","actor_id":"97b9308e-c98d-4b69-8666-a2744b0e8e94","actor_name":"Especialista Teste 19116","actor_username":"especialista@prolineauto.com.br","actor_via_sso":false,"log_type":"token"}', '2025-09-18 18:26:50.616359+00', ''),
	('00000000-0000-0000-0000-000000000000', 'd63839f7-aeb7-4841-aed8-e9ae428343c9', '{"action":"token_refreshed","actor_id":"54a01a20-c4dc-4da5-9f1d-493b3bccf052","actor_name":"Parceiro Mecânica","actor_username":"mecanica@parceiro.com","actor_via_sso":false,"log_type":"token"}', '2025-09-18 18:42:03.736206+00', ''),
	('00000000-0000-0000-0000-000000000000', '6d70200d-1ea1-4a05-8ea2-50f1227a8494', '{"action":"token_revoked","actor_id":"54a01a20-c4dc-4da5-9f1d-493b3bccf052","actor_name":"Parceiro Mecânica","actor_username":"mecanica@parceiro.com","actor_via_sso":false,"log_type":"token"}', '2025-09-18 18:42:03.738351+00', ''),
	('00000000-0000-0000-0000-000000000000', 'b4033a19-9061-49e2-a957-2861c1e46134', '{"action":"token_refreshed","actor_id":"97b9308e-c98d-4b69-8666-a2744b0e8e94","actor_name":"Especialista Teste 19116","actor_username":"especialista@prolineauto.com.br","actor_via_sso":false,"log_type":"token"}', '2025-09-18 19:24:50.54426+00', ''),
	('00000000-0000-0000-0000-000000000000', '4785583f-b73f-4c23-8480-072a8ea57eba', '{"action":"token_revoked","actor_id":"97b9308e-c98d-4b69-8666-a2744b0e8e94","actor_name":"Especialista Teste 19116","actor_username":"especialista@prolineauto.com.br","actor_via_sso":false,"log_type":"token"}', '2025-09-18 19:24:50.545053+00', ''),
	('00000000-0000-0000-0000-000000000000', '81500bb7-62b3-41f0-8a4d-5177ba41a13e', '{"action":"token_refreshed","actor_id":"54a01a20-c4dc-4da5-9f1d-493b3bccf052","actor_name":"Parceiro Mecânica","actor_username":"mecanica@parceiro.com","actor_via_sso":false,"log_type":"token"}', '2025-09-18 19:40:04.227192+00', ''),
	('00000000-0000-0000-0000-000000000000', 'cf78a450-2360-4386-81ec-001950e1adb9', '{"action":"token_revoked","actor_id":"54a01a20-c4dc-4da5-9f1d-493b3bccf052","actor_name":"Parceiro Mecânica","actor_username":"mecanica@parceiro.com","actor_via_sso":false,"log_type":"token"}', '2025-09-18 19:40:04.228086+00', ''),
	('00000000-0000-0000-0000-000000000000', '5c189184-cdfa-477d-87fa-ff0ba599de88', '{"action":"token_refreshed","actor_id":"c80f98b9-2141-4afb-94a2-d8bfbc8de50e","actor_name":"Cliente Teste 13994","actor_username":"cliente@prolineauto.com.br","actor_via_sso":false,"log_type":"token"}', '2025-09-18 20:06:01.930168+00', ''),
	('00000000-0000-0000-0000-000000000000', '4c56a21f-5815-4c97-a008-72ac9208d5eb', '{"action":"token_revoked","actor_id":"c80f98b9-2141-4afb-94a2-d8bfbc8de50e","actor_name":"Cliente Teste 13994","actor_username":"cliente@prolineauto.com.br","actor_via_sso":false,"log_type":"token"}', '2025-09-18 20:06:01.931037+00', ''),
	('00000000-0000-0000-0000-000000000000', 'a61d4c0d-1b78-4d34-965c-8732114ef5b9', '{"action":"token_refreshed","actor_id":"20e8e4c3-bc4e-4869-b8d6-c5a06e8d92e3","actor_name":"Administrador Principal","actor_username":"admin@prolineauto.com.br","actor_via_sso":false,"log_type":"token"}', '2025-09-18 20:06:01.92881+00', ''),
	('00000000-0000-0000-0000-000000000000', '7b526e4d-d5f1-4797-8079-895540c2e1b9', '{"action":"token_revoked","actor_id":"20e8e4c3-bc4e-4869-b8d6-c5a06e8d92e3","actor_name":"Administrador Principal","actor_username":"admin@prolineauto.com.br","actor_via_sso":false,"log_type":"token"}', '2025-09-18 20:06:01.932796+00', ''),
	('00000000-0000-0000-0000-000000000000', '5a2347a7-c52f-48e1-b8f6-dd4973c24951', '{"action":"token_refreshed","actor_id":"97b9308e-c98d-4b69-8666-a2744b0e8e94","actor_name":"Especialista Teste 19116","actor_username":"especialista@prolineauto.com.br","actor_via_sso":false,"log_type":"token"}', '2025-09-18 20:22:51.897155+00', ''),
	('00000000-0000-0000-0000-000000000000', 'c91437f6-7709-4be8-bcf3-b030da960c92', '{"action":"token_revoked","actor_id":"97b9308e-c98d-4b69-8666-a2744b0e8e94","actor_name":"Especialista Teste 19116","actor_username":"especialista@prolineauto.com.br","actor_via_sso":false,"log_type":"token"}', '2025-09-18 20:22:51.897934+00', ''),
	('00000000-0000-0000-0000-000000000000', '128c91c3-c3d1-4bba-a69d-1363ae3204e6', '{"action":"token_refreshed","actor_id":"54a01a20-c4dc-4da5-9f1d-493b3bccf052","actor_name":"Parceiro Mecânica","actor_username":"mecanica@parceiro.com","actor_via_sso":false,"log_type":"token"}', '2025-09-18 20:38:09.08459+00', ''),
	('00000000-0000-0000-0000-000000000000', 'b208a571-ff99-4865-9bd0-f28bec6ec247', '{"action":"token_revoked","actor_id":"54a01a20-c4dc-4da5-9f1d-493b3bccf052","actor_name":"Parceiro Mecânica","actor_username":"mecanica@parceiro.com","actor_via_sso":false,"log_type":"token"}', '2025-09-18 20:38:09.085296+00', ''),
	('00000000-0000-0000-0000-000000000000', '844da13f-c137-4c47-8c43-49d66af90e79', '{"action":"token_refreshed","actor_id":"20e8e4c3-bc4e-4869-b8d6-c5a06e8d92e3","actor_name":"Administrador Principal","actor_username":"admin@prolineauto.com.br","actor_via_sso":false,"log_type":"token"}', '2025-09-18 21:19:36.3979+00', ''),
	('00000000-0000-0000-0000-000000000000', '2cf87f29-1231-4974-8ba5-37e6b32eb624', '{"action":"token_revoked","actor_id":"20e8e4c3-bc4e-4869-b8d6-c5a06e8d92e3","actor_name":"Administrador Principal","actor_username":"admin@prolineauto.com.br","actor_via_sso":false,"log_type":"token"}', '2025-09-18 21:19:36.398373+00', ''),
	('00000000-0000-0000-0000-000000000000', '9f4816b9-a548-441d-bd57-4523cf5d79b9', '{"action":"token_refreshed","actor_id":"97b9308e-c98d-4b69-8666-a2744b0e8e94","actor_name":"Especialista Teste 19116","actor_username":"especialista@prolineauto.com.br","actor_via_sso":false,"log_type":"token"}', '2025-09-18 21:20:57.954234+00', ''),
	('00000000-0000-0000-0000-000000000000', 'ac8e0c44-5f01-46b1-87ab-2ce355fbabf2', '{"action":"token_revoked","actor_id":"97b9308e-c98d-4b69-8666-a2744b0e8e94","actor_name":"Especialista Teste 19116","actor_username":"especialista@prolineauto.com.br","actor_via_sso":false,"log_type":"token"}', '2025-09-18 21:20:57.954925+00', ''),
	('00000000-0000-0000-0000-000000000000', 'd5bfac99-3123-4ef0-a727-0b339303d20a', '{"action":"token_refreshed","actor_id":"54a01a20-c4dc-4da5-9f1d-493b3bccf052","actor_name":"Parceiro Mecânica","actor_username":"mecanica@parceiro.com","actor_via_sso":false,"log_type":"token"}', '2025-09-18 21:36:11.707022+00', ''),
	('00000000-0000-0000-0000-000000000000', '1245342d-b0fe-4df9-87ed-95710fb6e27c', '{"action":"token_revoked","actor_id":"54a01a20-c4dc-4da5-9f1d-493b3bccf052","actor_name":"Parceiro Mecânica","actor_username":"mecanica@parceiro.com","actor_via_sso":false,"log_type":"token"}', '2025-09-18 21:36:11.707782+00', ''),
	('00000000-0000-0000-0000-000000000000', 'f3aa6965-59e9-4e13-9229-8746d6e17b97', '{"action":"token_refreshed","actor_id":"97b9308e-c98d-4b69-8666-a2744b0e8e94","actor_name":"Especialista Teste 19116","actor_username":"especialista@prolineauto.com.br","actor_via_sso":false,"log_type":"token"}', '2025-09-18 22:18:58.250161+00', ''),
	('00000000-0000-0000-0000-000000000000', '21e77f22-1aa9-43e1-8b34-f958418f3031', '{"action":"token_revoked","actor_id":"97b9308e-c98d-4b69-8666-a2744b0e8e94","actor_name":"Especialista Teste 19116","actor_username":"especialista@prolineauto.com.br","actor_via_sso":false,"log_type":"token"}', '2025-09-18 22:18:58.250852+00', ''),
	('00000000-0000-0000-0000-000000000000', 'c64b2dbb-f791-4932-afb3-2b7ab6914a3e', '{"action":"token_refreshed","actor_id":"54a01a20-c4dc-4da5-9f1d-493b3bccf052","actor_name":"Parceiro Mecânica","actor_username":"mecanica@parceiro.com","actor_via_sso":false,"log_type":"token"}', '2025-09-18 22:34:11.737175+00', ''),
	('00000000-0000-0000-0000-000000000000', '8363b3c3-8ef7-495b-b1e4-5dbb61063025', '{"action":"token_revoked","actor_id":"54a01a20-c4dc-4da5-9f1d-493b3bccf052","actor_name":"Parceiro Mecânica","actor_username":"mecanica@parceiro.com","actor_via_sso":false,"log_type":"token"}', '2025-09-18 22:34:11.737701+00', ''),
	('00000000-0000-0000-0000-000000000000', 'bb95d4fb-f00a-44e3-83fa-79449d1cd008', '{"action":"token_refreshed","actor_id":"97b9308e-c98d-4b69-8666-a2744b0e8e94","actor_name":"Especialista Teste 19116","actor_username":"especialista@prolineauto.com.br","actor_via_sso":false,"log_type":"token"}', '2025-09-18 23:16:58.354056+00', ''),
	('00000000-0000-0000-0000-000000000000', '2c362e1b-0144-4409-b1bb-929f5e1a4db5', '{"action":"token_revoked","actor_id":"97b9308e-c98d-4b69-8666-a2744b0e8e94","actor_name":"Especialista Teste 19116","actor_username":"especialista@prolineauto.com.br","actor_via_sso":false,"log_type":"token"}', '2025-09-18 23:16:58.355662+00', ''),
	('00000000-0000-0000-0000-000000000000', '95d79d33-2bd0-46d1-a07a-ab32a5849409', '{"action":"token_refreshed","actor_id":"54a01a20-c4dc-4da5-9f1d-493b3bccf052","actor_name":"Parceiro Mecânica","actor_username":"mecanica@parceiro.com","actor_via_sso":false,"log_type":"token"}', '2025-09-18 23:32:12.204498+00', ''),
	('00000000-0000-0000-0000-000000000000', '64cbb2b7-a64a-4436-8535-1bfe222fb419', '{"action":"token_revoked","actor_id":"54a01a20-c4dc-4da5-9f1d-493b3bccf052","actor_name":"Parceiro Mecânica","actor_username":"mecanica@parceiro.com","actor_via_sso":false,"log_type":"token"}', '2025-09-18 23:32:12.205347+00', ''),
	('00000000-0000-0000-0000-000000000000', '9ac15fb6-0c80-483a-b18b-a43c6c2e5d9e', '{"action":"token_refreshed","actor_id":"97b9308e-c98d-4b69-8666-a2744b0e8e94","actor_name":"Especialista Teste 19116","actor_username":"especialista@prolineauto.com.br","actor_via_sso":false,"log_type":"token"}', '2025-09-19 00:14:58.279318+00', ''),
	('00000000-0000-0000-0000-000000000000', 'd8f0de31-c3fd-4527-bfd4-133518438cb1', '{"action":"token_revoked","actor_id":"97b9308e-c98d-4b69-8666-a2744b0e8e94","actor_name":"Especialista Teste 19116","actor_username":"especialista@prolineauto.com.br","actor_via_sso":false,"log_type":"token"}', '2025-09-19 00:14:58.279915+00', ''),
	('00000000-0000-0000-0000-000000000000', '727245a1-28a4-459d-b91b-04cf8fdc3093', '{"action":"token_refreshed","actor_id":"54a01a20-c4dc-4da5-9f1d-493b3bccf052","actor_name":"Parceiro Mecânica","actor_username":"mecanica@parceiro.com","actor_via_sso":false,"log_type":"token"}', '2025-09-19 00:30:12.238626+00', ''),
	('00000000-0000-0000-0000-000000000000', '17cabff0-c734-4da5-93b7-940c7300f8e7', '{"action":"token_revoked","actor_id":"54a01a20-c4dc-4da5-9f1d-493b3bccf052","actor_name":"Parceiro Mecânica","actor_username":"mecanica@parceiro.com","actor_via_sso":false,"log_type":"token"}', '2025-09-19 00:30:12.239288+00', ''),
	('00000000-0000-0000-0000-000000000000', '34c7d2f2-450c-48f6-9b25-7e845fd0e257', '{"action":"token_refreshed","actor_id":"97b9308e-c98d-4b69-8666-a2744b0e8e94","actor_name":"Especialista Teste 19116","actor_username":"especialista@prolineauto.com.br","actor_via_sso":false,"log_type":"token"}', '2025-09-19 01:12:58.553658+00', ''),
	('00000000-0000-0000-0000-000000000000', '01dc16f6-9d32-4b89-b762-5d0a0acbccda', '{"action":"token_revoked","actor_id":"97b9308e-c98d-4b69-8666-a2744b0e8e94","actor_name":"Especialista Teste 19116","actor_username":"especialista@prolineauto.com.br","actor_via_sso":false,"log_type":"token"}', '2025-09-19 01:12:58.555028+00', ''),
	('00000000-0000-0000-0000-000000000000', '8f245dc1-c070-4d53-81bc-009903436093', '{"action":"token_refreshed","actor_id":"54a01a20-c4dc-4da5-9f1d-493b3bccf052","actor_name":"Parceiro Mecânica","actor_username":"mecanica@parceiro.com","actor_via_sso":false,"log_type":"token"}', '2025-09-19 01:28:12.329859+00', ''),
	('00000000-0000-0000-0000-000000000000', 'cd35f76d-82a5-4d12-97d9-82ff35b94389', '{"action":"token_revoked","actor_id":"54a01a20-c4dc-4da5-9f1d-493b3bccf052","actor_name":"Parceiro Mecânica","actor_username":"mecanica@parceiro.com","actor_via_sso":false,"log_type":"token"}', '2025-09-19 01:28:12.330492+00', ''),
	('00000000-0000-0000-0000-000000000000', '07a23f52-5d53-4508-961f-187a5cc4add8', '{"action":"token_refreshed","actor_id":"97b9308e-c98d-4b69-8666-a2744b0e8e94","actor_name":"Especialista Teste 19116","actor_username":"especialista@prolineauto.com.br","actor_via_sso":false,"log_type":"token"}', '2025-09-19 02:10:58.33507+00', ''),
	('00000000-0000-0000-0000-000000000000', '5bd1cb5b-1a41-4042-9a34-c51f68c1e005', '{"action":"token_revoked","actor_id":"97b9308e-c98d-4b69-8666-a2744b0e8e94","actor_name":"Especialista Teste 19116","actor_username":"especialista@prolineauto.com.br","actor_via_sso":false,"log_type":"token"}', '2025-09-19 02:10:58.336044+00', ''),
	('00000000-0000-0000-0000-000000000000', '7dc4fbad-3382-4970-bff3-114fdbe63eb2', '{"action":"token_refreshed","actor_id":"54a01a20-c4dc-4da5-9f1d-493b3bccf052","actor_name":"Parceiro Mecânica","actor_username":"mecanica@parceiro.com","actor_via_sso":false,"log_type":"token"}', '2025-09-19 02:26:12.311023+00', ''),
	('00000000-0000-0000-0000-000000000000', 'cfc793b5-cb98-45a0-a49a-f1d9462cbf21', '{"action":"token_revoked","actor_id":"54a01a20-c4dc-4da5-9f1d-493b3bccf052","actor_name":"Parceiro Mecânica","actor_username":"mecanica@parceiro.com","actor_via_sso":false,"log_type":"token"}', '2025-09-19 02:26:12.311589+00', ''),
	('00000000-0000-0000-0000-000000000000', '44dfff31-5a32-46a7-acf9-d9d73b367dbc', '{"action":"token_refreshed","actor_id":"97b9308e-c98d-4b69-8666-a2744b0e8e94","actor_name":"Especialista Teste 19116","actor_username":"especialista@prolineauto.com.br","actor_via_sso":false,"log_type":"token"}', '2025-09-19 03:08:58.383637+00', ''),
	('00000000-0000-0000-0000-000000000000', '327a7103-b58b-400c-a059-312d1d602616', '{"action":"token_revoked","actor_id":"97b9308e-c98d-4b69-8666-a2744b0e8e94","actor_name":"Especialista Teste 19116","actor_username":"especialista@prolineauto.com.br","actor_via_sso":false,"log_type":"token"}', '2025-09-19 03:08:58.384332+00', ''),
	('00000000-0000-0000-0000-000000000000', '248c9fc4-3d04-4d47-a42b-c30ec3093e6c', '{"action":"token_refreshed","actor_id":"54a01a20-c4dc-4da5-9f1d-493b3bccf052","actor_name":"Parceiro Mecânica","actor_username":"mecanica@parceiro.com","actor_via_sso":false,"log_type":"token"}', '2025-09-19 03:24:12.35536+00', ''),
	('00000000-0000-0000-0000-000000000000', 'e16bed3d-b84c-4e97-a8c4-c6dda59d19b1', '{"action":"token_revoked","actor_id":"54a01a20-c4dc-4da5-9f1d-493b3bccf052","actor_name":"Parceiro Mecânica","actor_username":"mecanica@parceiro.com","actor_via_sso":false,"log_type":"token"}', '2025-09-19 03:24:12.355811+00', ''),
	('00000000-0000-0000-0000-000000000000', '17f3180e-3ed8-4bc6-b5ac-9c00a1a90cff', '{"action":"token_refreshed","actor_id":"97b9308e-c98d-4b69-8666-a2744b0e8e94","actor_name":"Especialista Teste 19116","actor_username":"especialista@prolineauto.com.br","actor_via_sso":false,"log_type":"token"}', '2025-09-19 04:06:58.424891+00', ''),
	('00000000-0000-0000-0000-000000000000', 'b8a48d9b-3ed2-4a7a-8939-ba69dedaee78', '{"action":"token_revoked","actor_id":"97b9308e-c98d-4b69-8666-a2744b0e8e94","actor_name":"Especialista Teste 19116","actor_username":"especialista@prolineauto.com.br","actor_via_sso":false,"log_type":"token"}', '2025-09-19 04:06:58.42686+00', ''),
	('00000000-0000-0000-0000-000000000000', '50bc08d5-d88c-41ec-94d1-b9b4dd31097d', '{"action":"token_refreshed","actor_id":"54a01a20-c4dc-4da5-9f1d-493b3bccf052","actor_name":"Parceiro Mecânica","actor_username":"mecanica@parceiro.com","actor_via_sso":false,"log_type":"token"}', '2025-09-19 04:22:12.408516+00', ''),
	('00000000-0000-0000-0000-000000000000', '365d3526-a429-4c6c-a5ee-1e427fd8cfb4', '{"action":"token_revoked","actor_id":"54a01a20-c4dc-4da5-9f1d-493b3bccf052","actor_name":"Parceiro Mecânica","actor_username":"mecanica@parceiro.com","actor_via_sso":false,"log_type":"token"}', '2025-09-19 04:22:12.40895+00', ''),
	('00000000-0000-0000-0000-000000000000', '4a6e7eb4-4945-4380-9d58-67b909e9f8c3', '{"action":"token_refreshed","actor_id":"97b9308e-c98d-4b69-8666-a2744b0e8e94","actor_name":"Especialista Teste 19116","actor_username":"especialista@prolineauto.com.br","actor_via_sso":false,"log_type":"token"}', '2025-09-19 05:04:58.483239+00', ''),
	('00000000-0000-0000-0000-000000000000', 'b323bc0a-2902-4440-be83-c3130dc88dee', '{"action":"token_revoked","actor_id":"97b9308e-c98d-4b69-8666-a2744b0e8e94","actor_name":"Especialista Teste 19116","actor_username":"especialista@prolineauto.com.br","actor_via_sso":false,"log_type":"token"}', '2025-09-19 05:04:58.484087+00', ''),
	('00000000-0000-0000-0000-000000000000', 'c7fd369a-6e8d-4f79-8b4e-93fc09f7d0eb', '{"action":"token_refreshed","actor_id":"54a01a20-c4dc-4da5-9f1d-493b3bccf052","actor_name":"Parceiro Mecânica","actor_username":"mecanica@parceiro.com","actor_via_sso":false,"log_type":"token"}', '2025-09-19 05:20:12.455053+00', ''),
	('00000000-0000-0000-0000-000000000000', '18cd0964-a9b1-442f-9327-5e47bc7ddd0c', '{"action":"token_revoked","actor_id":"54a01a20-c4dc-4da5-9f1d-493b3bccf052","actor_name":"Parceiro Mecânica","actor_username":"mecanica@parceiro.com","actor_via_sso":false,"log_type":"token"}', '2025-09-19 05:20:12.456025+00', ''),
	('00000000-0000-0000-0000-000000000000', 'e01f81fc-44da-4ac4-a6d6-6f38547f087b', '{"action":"token_refreshed","actor_id":"97b9308e-c98d-4b69-8666-a2744b0e8e94","actor_name":"Especialista Teste 19116","actor_username":"especialista@prolineauto.com.br","actor_via_sso":false,"log_type":"token"}', '2025-09-19 06:02:58.509927+00', ''),
	('00000000-0000-0000-0000-000000000000', 'e2006db9-28bd-4df4-afbd-9e837118f402', '{"action":"token_revoked","actor_id":"97b9308e-c98d-4b69-8666-a2744b0e8e94","actor_name":"Especialista Teste 19116","actor_username":"especialista@prolineauto.com.br","actor_via_sso":false,"log_type":"token"}', '2025-09-19 06:02:58.510562+00', ''),
	('00000000-0000-0000-0000-000000000000', 'fc6fbb26-94e4-4832-be41-7565174b2015', '{"action":"token_refreshed","actor_id":"54a01a20-c4dc-4da5-9f1d-493b3bccf052","actor_name":"Parceiro Mecânica","actor_username":"mecanica@parceiro.com","actor_via_sso":false,"log_type":"token"}', '2025-09-19 06:18:12.493352+00', ''),
	('00000000-0000-0000-0000-000000000000', '61001685-de90-441c-a503-109a4cc35973', '{"action":"token_revoked","actor_id":"54a01a20-c4dc-4da5-9f1d-493b3bccf052","actor_name":"Parceiro Mecânica","actor_username":"mecanica@parceiro.com","actor_via_sso":false,"log_type":"token"}', '2025-09-19 06:18:12.493778+00', ''),
	('00000000-0000-0000-0000-000000000000', 'a14bde6d-9fd2-46db-9896-7383957cb215', '{"action":"token_refreshed","actor_id":"97b9308e-c98d-4b69-8666-a2744b0e8e94","actor_name":"Especialista Teste 19116","actor_username":"especialista@prolineauto.com.br","actor_via_sso":false,"log_type":"token"}', '2025-09-19 07:00:58.565511+00', ''),
	('00000000-0000-0000-0000-000000000000', '6fb6046a-3f31-4942-9065-2dc5adcfee13', '{"action":"token_revoked","actor_id":"97b9308e-c98d-4b69-8666-a2744b0e8e94","actor_name":"Especialista Teste 19116","actor_username":"especialista@prolineauto.com.br","actor_via_sso":false,"log_type":"token"}', '2025-09-19 07:00:58.565902+00', ''),
	('00000000-0000-0000-0000-000000000000', 'bba3898f-c8e4-4e4e-bb35-55331604bab0', '{"action":"token_refreshed","actor_id":"54a01a20-c4dc-4da5-9f1d-493b3bccf052","actor_name":"Parceiro Mecânica","actor_username":"mecanica@parceiro.com","actor_via_sso":false,"log_type":"token"}', '2025-09-19 07:16:12.533619+00', ''),
	('00000000-0000-0000-0000-000000000000', '91fa03c1-28ba-4ec5-b69f-2f66a86da47f', '{"action":"token_revoked","actor_id":"54a01a20-c4dc-4da5-9f1d-493b3bccf052","actor_name":"Parceiro Mecânica","actor_username":"mecanica@parceiro.com","actor_via_sso":false,"log_type":"token"}', '2025-09-19 07:16:12.534413+00', ''),
	('00000000-0000-0000-0000-000000000000', 'd2c7cd63-3ed9-4e6b-9fe7-f2597f575161', '{"action":"token_refreshed","actor_id":"97b9308e-c98d-4b69-8666-a2744b0e8e94","actor_name":"Especialista Teste 19116","actor_username":"especialista@prolineauto.com.br","actor_via_sso":false,"log_type":"token"}', '2025-09-19 07:58:58.58785+00', ''),
	('00000000-0000-0000-0000-000000000000', '8506bd3e-81d3-41cd-95a3-10b65e358f38', '{"action":"token_revoked","actor_id":"97b9308e-c98d-4b69-8666-a2744b0e8e94","actor_name":"Especialista Teste 19116","actor_username":"especialista@prolineauto.com.br","actor_via_sso":false,"log_type":"token"}', '2025-09-19 07:58:58.58822+00', ''),
	('00000000-0000-0000-0000-000000000000', 'c7e61904-3683-4079-a594-5618511e5943', '{"action":"token_refreshed","actor_id":"54a01a20-c4dc-4da5-9f1d-493b3bccf052","actor_name":"Parceiro Mecânica","actor_username":"mecanica@parceiro.com","actor_via_sso":false,"log_type":"token"}', '2025-09-19 08:14:12.578067+00', ''),
	('00000000-0000-0000-0000-000000000000', '1cdeae8a-f7ed-4af3-ab1a-294f540db734', '{"action":"token_revoked","actor_id":"54a01a20-c4dc-4da5-9f1d-493b3bccf052","actor_name":"Parceiro Mecânica","actor_username":"mecanica@parceiro.com","actor_via_sso":false,"log_type":"token"}', '2025-09-19 08:14:12.578828+00', ''),
	('00000000-0000-0000-0000-000000000000', '64b7bb25-b46a-45ee-bad3-b58723cccf6e', '{"action":"token_refreshed","actor_id":"97b9308e-c98d-4b69-8666-a2744b0e8e94","actor_name":"Especialista Teste 19116","actor_username":"especialista@prolineauto.com.br","actor_via_sso":false,"log_type":"token"}', '2025-09-19 08:56:58.641444+00', ''),
	('00000000-0000-0000-0000-000000000000', '9b5e514a-d8a4-4f51-be77-f3e2ad7966df', '{"action":"token_revoked","actor_id":"97b9308e-c98d-4b69-8666-a2744b0e8e94","actor_name":"Especialista Teste 19116","actor_username":"especialista@prolineauto.com.br","actor_via_sso":false,"log_type":"token"}', '2025-09-19 08:56:58.643376+00', ''),
	('00000000-0000-0000-0000-000000000000', '1e856ad1-acb0-42fa-b114-72bc3f8d307f', '{"action":"token_refreshed","actor_id":"54a01a20-c4dc-4da5-9f1d-493b3bccf052","actor_name":"Parceiro Mecânica","actor_username":"mecanica@parceiro.com","actor_via_sso":false,"log_type":"token"}', '2025-09-19 09:12:12.635694+00', ''),
	('00000000-0000-0000-0000-000000000000', '97624882-e5a8-4752-a200-eaf5a3ebf4a1', '{"action":"token_revoked","actor_id":"54a01a20-c4dc-4da5-9f1d-493b3bccf052","actor_name":"Parceiro Mecânica","actor_username":"mecanica@parceiro.com","actor_via_sso":false,"log_type":"token"}', '2025-09-19 09:12:12.636256+00', ''),
	('00000000-0000-0000-0000-000000000000', 'fbc82c59-5dce-4dee-a81d-0a81c4ba6491', '{"action":"token_refreshed","actor_id":"97b9308e-c98d-4b69-8666-a2744b0e8e94","actor_name":"Especialista Teste 19116","actor_username":"especialista@prolineauto.com.br","actor_via_sso":false,"log_type":"token"}', '2025-09-19 09:54:58.862414+00', ''),
	('00000000-0000-0000-0000-000000000000', 'b7c2527d-7bad-4f1b-9d3d-43fdc2197049', '{"action":"token_revoked","actor_id":"97b9308e-c98d-4b69-8666-a2744b0e8e94","actor_name":"Especialista Teste 19116","actor_username":"especialista@prolineauto.com.br","actor_via_sso":false,"log_type":"token"}', '2025-09-19 09:54:58.863272+00', ''),
	('00000000-0000-0000-0000-000000000000', '14a090c1-3e7a-4c9f-a7b7-6397356e43e5', '{"action":"token_refreshed","actor_id":"54a01a20-c4dc-4da5-9f1d-493b3bccf052","actor_name":"Parceiro Mecânica","actor_username":"mecanica@parceiro.com","actor_via_sso":false,"log_type":"token"}', '2025-09-19 10:10:12.662721+00', ''),
	('00000000-0000-0000-0000-000000000000', 'bda81d9f-0273-44fd-9c1a-78541aeb3b06', '{"action":"token_revoked","actor_id":"54a01a20-c4dc-4da5-9f1d-493b3bccf052","actor_name":"Parceiro Mecânica","actor_username":"mecanica@parceiro.com","actor_via_sso":false,"log_type":"token"}', '2025-09-19 10:10:12.663601+00', ''),
	('00000000-0000-0000-0000-000000000000', 'c2baa0d2-8f6e-40c4-91c5-4cb0311d3aee', '{"action":"token_refreshed","actor_id":"97b9308e-c98d-4b69-8666-a2744b0e8e94","actor_name":"Especialista Teste 19116","actor_username":"especialista@prolineauto.com.br","actor_via_sso":false,"log_type":"token"}', '2025-09-19 10:52:58.907176+00', ''),
	('00000000-0000-0000-0000-000000000000', 'e1f42efc-84f8-4398-816d-23a6b02cb8b5', '{"action":"token_revoked","actor_id":"97b9308e-c98d-4b69-8666-a2744b0e8e94","actor_name":"Especialista Teste 19116","actor_username":"especialista@prolineauto.com.br","actor_via_sso":false,"log_type":"token"}', '2025-09-19 10:52:58.908048+00', ''),
	('00000000-0000-0000-0000-000000000000', '5803b51d-feda-47c5-ac9f-154d0e87e418', '{"action":"token_refreshed","actor_id":"54a01a20-c4dc-4da5-9f1d-493b3bccf052","actor_name":"Parceiro Mecânica","actor_username":"mecanica@parceiro.com","actor_via_sso":false,"log_type":"token"}', '2025-09-19 11:08:12.699708+00', ''),
	('00000000-0000-0000-0000-000000000000', '38942134-914a-43c2-9748-664b6c6d13ef', '{"action":"token_revoked","actor_id":"54a01a20-c4dc-4da5-9f1d-493b3bccf052","actor_name":"Parceiro Mecânica","actor_username":"mecanica@parceiro.com","actor_via_sso":false,"log_type":"token"}', '2025-09-19 11:08:12.69995+00', ''),
	('00000000-0000-0000-0000-000000000000', '24185e6b-48c7-4854-b807-c67d5a5cb945', '{"action":"token_refreshed","actor_id":"97b9308e-c98d-4b69-8666-a2744b0e8e94","actor_name":"Especialista Teste 19116","actor_username":"especialista@prolineauto.com.br","actor_via_sso":false,"log_type":"token"}', '2025-09-19 11:50:59.009225+00', ''),
	('00000000-0000-0000-0000-000000000000', '6d853760-796e-4c22-bea5-fa4802b39129', '{"action":"token_revoked","actor_id":"97b9308e-c98d-4b69-8666-a2744b0e8e94","actor_name":"Especialista Teste 19116","actor_username":"especialista@prolineauto.com.br","actor_via_sso":false,"log_type":"token"}', '2025-09-19 11:50:59.010096+00', ''),
	('00000000-0000-0000-0000-000000000000', '295307ca-9635-4a28-b290-8b30aa0366b8', '{"action":"token_refreshed","actor_id":"54a01a20-c4dc-4da5-9f1d-493b3bccf052","actor_name":"Parceiro Mecânica","actor_username":"mecanica@parceiro.com","actor_via_sso":false,"log_type":"token"}', '2025-09-19 12:06:12.755252+00', ''),
	('00000000-0000-0000-0000-000000000000', '011e00d4-bf65-4309-80e3-65a156dc5b6d', '{"action":"token_revoked","actor_id":"54a01a20-c4dc-4da5-9f1d-493b3bccf052","actor_name":"Parceiro Mecânica","actor_username":"mecanica@parceiro.com","actor_via_sso":false,"log_type":"token"}', '2025-09-19 12:06:12.755868+00', ''),
	('00000000-0000-0000-0000-000000000000', 'dc4bcae1-c0c4-4709-89e7-675317f9a62f', '{"action":"token_refreshed","actor_id":"97b9308e-c98d-4b69-8666-a2744b0e8e94","actor_name":"Especialista Teste 19116","actor_username":"especialista@prolineauto.com.br","actor_via_sso":false,"log_type":"token"}', '2025-09-19 12:49:28.994562+00', ''),
	('00000000-0000-0000-0000-000000000000', 'ba6738db-5809-4f82-9d50-8d60f7a9d9e3', '{"action":"token_revoked","actor_id":"97b9308e-c98d-4b69-8666-a2744b0e8e94","actor_name":"Especialista Teste 19116","actor_username":"especialista@prolineauto.com.br","actor_via_sso":false,"log_type":"token"}', '2025-09-19 12:49:28.995471+00', ''),
	('00000000-0000-0000-0000-000000000000', 'ebdec87f-370e-4e06-84d6-4b724c81b256', '{"action":"token_refreshed","actor_id":"54a01a20-c4dc-4da5-9f1d-493b3bccf052","actor_name":"Parceiro Mecânica","actor_username":"mecanica@parceiro.com","actor_via_sso":false,"log_type":"token"}', '2025-09-19 13:04:12.792489+00', ''),
	('00000000-0000-0000-0000-000000000000', 'd16d2e66-7c7e-4d96-9431-272520b4beca', '{"action":"token_revoked","actor_id":"54a01a20-c4dc-4da5-9f1d-493b3bccf052","actor_name":"Parceiro Mecânica","actor_username":"mecanica@parceiro.com","actor_via_sso":false,"log_type":"token"}', '2025-09-19 13:04:12.793225+00', ''),
	('00000000-0000-0000-0000-000000000000', 'd191ee0f-05b0-467e-8d54-b1f4f80b118a', '{"action":"token_refreshed","actor_id":"97b9308e-c98d-4b69-8666-a2744b0e8e94","actor_name":"Especialista Teste 19116","actor_username":"especialista@prolineauto.com.br","actor_via_sso":false,"log_type":"token"}', '2025-09-19 13:47:29.040819+00', ''),
	('00000000-0000-0000-0000-000000000000', '41439f52-a7c6-4dc1-bb5e-4bd46657c658', '{"action":"token_revoked","actor_id":"97b9308e-c98d-4b69-8666-a2744b0e8e94","actor_name":"Especialista Teste 19116","actor_username":"especialista@prolineauto.com.br","actor_via_sso":false,"log_type":"token"}', '2025-09-19 13:47:29.041192+00', ''),
	('00000000-0000-0000-0000-000000000000', 'fadb960a-839f-4a4d-9e21-cade45661d0f', '{"action":"token_refreshed","actor_id":"54a01a20-c4dc-4da5-9f1d-493b3bccf052","actor_name":"Parceiro Mecânica","actor_username":"mecanica@parceiro.com","actor_via_sso":false,"log_type":"token"}', '2025-09-19 14:02:13.390662+00', ''),
	('00000000-0000-0000-0000-000000000000', 'a2f62ff3-1c36-43df-afb3-474625b3246a', '{"action":"token_revoked","actor_id":"54a01a20-c4dc-4da5-9f1d-493b3bccf052","actor_name":"Parceiro Mecânica","actor_username":"mecanica@parceiro.com","actor_via_sso":false,"log_type":"token"}', '2025-09-19 14:02:13.391338+00', ''),
	('00000000-0000-0000-0000-000000000000', '0e38f212-48f6-49da-8ea3-9fed2712f13b', '{"action":"token_refreshed","actor_id":"97b9308e-c98d-4b69-8666-a2744b0e8e94","actor_name":"Especialista Teste 19116","actor_username":"especialista@prolineauto.com.br","actor_via_sso":false,"log_type":"token"}', '2025-09-19 14:45:29.129451+00', ''),
	('00000000-0000-0000-0000-000000000000', '3920bef1-67cb-434e-9a02-147c0a347b88', '{"action":"token_revoked","actor_id":"97b9308e-c98d-4b69-8666-a2744b0e8e94","actor_name":"Especialista Teste 19116","actor_username":"especialista@prolineauto.com.br","actor_via_sso":false,"log_type":"token"}', '2025-09-19 14:45:29.131169+00', ''),
	('00000000-0000-0000-0000-000000000000', '5ac96cef-51d1-4669-a831-44138a2bd393', '{"action":"token_refreshed","actor_id":"54a01a20-c4dc-4da5-9f1d-493b3bccf052","actor_name":"Parceiro Mecânica","actor_username":"mecanica@parceiro.com","actor_via_sso":false,"log_type":"token"}', '2025-09-19 15:00:13.440992+00', ''),
	('00000000-0000-0000-0000-000000000000', '7bb61217-c571-4cb1-9b08-9029e8dc11e6', '{"action":"token_revoked","actor_id":"54a01a20-c4dc-4da5-9f1d-493b3bccf052","actor_name":"Parceiro Mecânica","actor_username":"mecanica@parceiro.com","actor_via_sso":false,"log_type":"token"}', '2025-09-19 15:00:13.441745+00', ''),
	('00000000-0000-0000-0000-000000000000', '0235aa5e-2ab8-4e62-9ea2-84098c08e31f', '{"action":"token_refreshed","actor_id":"97b9308e-c98d-4b69-8666-a2744b0e8e94","actor_name":"Especialista Teste 19116","actor_username":"especialista@prolineauto.com.br","actor_via_sso":false,"log_type":"token"}', '2025-09-19 15:43:29.137453+00', ''),
	('00000000-0000-0000-0000-000000000000', 'bba02e4d-c26b-4129-832f-1b9de4c21ce7', '{"action":"token_revoked","actor_id":"97b9308e-c98d-4b69-8666-a2744b0e8e94","actor_name":"Especialista Teste 19116","actor_username":"especialista@prolineauto.com.br","actor_via_sso":false,"log_type":"token"}', '2025-09-19 15:43:29.13823+00', ''),
	('00000000-0000-0000-0000-000000000000', 'eff1eeb9-75e5-4da8-8414-1638ab86d4bf', '{"action":"token_refreshed","actor_id":"54a01a20-c4dc-4da5-9f1d-493b3bccf052","actor_name":"Parceiro Mecânica","actor_username":"mecanica@parceiro.com","actor_via_sso":false,"log_type":"token"}', '2025-09-19 15:58:13.482229+00', ''),
	('00000000-0000-0000-0000-000000000000', '5f9cf6c3-8249-4eab-b86c-799fc087842e', '{"action":"token_revoked","actor_id":"54a01a20-c4dc-4da5-9f1d-493b3bccf052","actor_name":"Parceiro Mecânica","actor_username":"mecanica@parceiro.com","actor_via_sso":false,"log_type":"token"}', '2025-09-19 15:58:13.482497+00', ''),
	('00000000-0000-0000-0000-000000000000', '402365f2-8d44-484a-aa7c-4a2bdd24f596', '{"action":"token_refreshed","actor_id":"20e8e4c3-bc4e-4869-b8d6-c5a06e8d92e3","actor_name":"Administrador Principal","actor_username":"admin@prolineauto.com.br","actor_via_sso":false,"log_type":"token"}', '2025-09-19 16:14:16.860873+00', ''),
	('00000000-0000-0000-0000-000000000000', 'dfcc8e19-25b3-44fb-9a74-a9d51b7756b2', '{"action":"token_revoked","actor_id":"20e8e4c3-bc4e-4869-b8d6-c5a06e8d92e3","actor_name":"Administrador Principal","actor_username":"admin@prolineauto.com.br","actor_via_sso":false,"log_type":"token"}', '2025-09-19 16:14:16.861359+00', ''),
	('00000000-0000-0000-0000-000000000000', 'b037381b-4c0b-4082-b7f3-f7e55c143d75', '{"action":"token_refreshed","actor_id":"c80f98b9-2141-4afb-94a2-d8bfbc8de50e","actor_name":"Cliente Teste 13994","actor_username":"cliente@prolineauto.com.br","actor_via_sso":false,"log_type":"token"}', '2025-09-19 16:14:17.71964+00', ''),
	('00000000-0000-0000-0000-000000000000', '2334f8e0-80ae-4a99-ab35-201f94afd069', '{"action":"token_revoked","actor_id":"c80f98b9-2141-4afb-94a2-d8bfbc8de50e","actor_name":"Cliente Teste 13994","actor_username":"cliente@prolineauto.com.br","actor_via_sso":false,"log_type":"token"}', '2025-09-19 16:14:17.719975+00', ''),
	('00000000-0000-0000-0000-000000000000', '57a607f5-e45c-4fdc-bbd5-fba598f21138', '{"action":"token_refreshed","actor_id":"97b9308e-c98d-4b69-8666-a2744b0e8e94","actor_name":"Especialista Teste 19116","actor_username":"especialista@prolineauto.com.br","actor_via_sso":false,"log_type":"token"}', '2025-09-19 16:41:29.23492+00', ''),
	('00000000-0000-0000-0000-000000000000', '6c8c51af-87ea-48cd-8e2b-2fc3ca61fe86', '{"action":"token_revoked","actor_id":"97b9308e-c98d-4b69-8666-a2744b0e8e94","actor_name":"Especialista Teste 19116","actor_username":"especialista@prolineauto.com.br","actor_via_sso":false,"log_type":"token"}', '2025-09-19 16:41:29.235961+00', ''),
	('00000000-0000-0000-0000-000000000000', '84d04a5a-91c8-4eb6-bede-52bf823c454f', '{"action":"token_refreshed","actor_id":"54a01a20-c4dc-4da5-9f1d-493b3bccf052","actor_name":"Parceiro Mecânica","actor_username":"mecanica@parceiro.com","actor_via_sso":false,"log_type":"token"}', '2025-09-19 16:56:13.71219+00', ''),
	('00000000-0000-0000-0000-000000000000', '10ceda8f-f4fa-4b96-b912-f546fca70cd7', '{"action":"token_revoked","actor_id":"54a01a20-c4dc-4da5-9f1d-493b3bccf052","actor_name":"Parceiro Mecânica","actor_username":"mecanica@parceiro.com","actor_via_sso":false,"log_type":"token"}', '2025-09-19 16:56:13.713894+00', ''),
	('00000000-0000-0000-0000-000000000000', '773ca0ac-171a-4b1c-8f4e-f02c141a49ff', '{"action":"token_refreshed","actor_id":"20e8e4c3-bc4e-4869-b8d6-c5a06e8d92e3","actor_name":"Administrador Principal","actor_username":"admin@prolineauto.com.br","actor_via_sso":false,"log_type":"token"}', '2025-09-19 17:28:50.161861+00', ''),
	('00000000-0000-0000-0000-000000000000', 'aad53a84-dba0-44e2-bc02-291eb886900f', '{"action":"token_refreshed","actor_id":"c80f98b9-2141-4afb-94a2-d8bfbc8de50e","actor_name":"Cliente Teste 13994","actor_username":"cliente@prolineauto.com.br","actor_via_sso":false,"log_type":"token"}', '2025-09-19 17:28:50.161934+00', ''),
	('00000000-0000-0000-0000-000000000000', '2f61cecc-9e83-4cc2-b77a-afa8be81c7fd', '{"action":"token_revoked","actor_id":"20e8e4c3-bc4e-4869-b8d6-c5a06e8d92e3","actor_name":"Administrador Principal","actor_username":"admin@prolineauto.com.br","actor_via_sso":false,"log_type":"token"}', '2025-09-19 17:28:50.163514+00', ''),
	('00000000-0000-0000-0000-000000000000', 'cd9df2a8-8043-4a8c-b83f-32af666a1ff1', '{"action":"token_revoked","actor_id":"c80f98b9-2141-4afb-94a2-d8bfbc8de50e","actor_name":"Cliente Teste 13994","actor_username":"cliente@prolineauto.com.br","actor_via_sso":false,"log_type":"token"}', '2025-09-19 17:28:50.164641+00', ''),
	('00000000-0000-0000-0000-000000000000', 'c795d3c7-d161-4f8e-9db3-e7824e1f3c9b', '{"action":"token_refreshed","actor_id":"97b9308e-c98d-4b69-8666-a2744b0e8e94","actor_name":"Especialista Teste 19116","actor_username":"especialista@prolineauto.com.br","actor_via_sso":false,"log_type":"token"}', '2025-09-19 17:39:29.257511+00', ''),
	('00000000-0000-0000-0000-000000000000', '0c69a657-4d16-44c6-b66b-df80f8ff2366', '{"action":"token_revoked","actor_id":"97b9308e-c98d-4b69-8666-a2744b0e8e94","actor_name":"Especialista Teste 19116","actor_username":"especialista@prolineauto.com.br","actor_via_sso":false,"log_type":"token"}', '2025-09-19 17:39:29.258283+00', ''),
	('00000000-0000-0000-0000-000000000000', '8056c61f-5ba1-4ff5-aeb6-a3404565ed8f', '{"action":"token_refreshed","actor_id":"54a01a20-c4dc-4da5-9f1d-493b3bccf052","actor_name":"Parceiro Mecânica","actor_username":"mecanica@parceiro.com","actor_via_sso":false,"log_type":"token"}', '2025-09-19 17:54:21.664874+00', ''),
	('00000000-0000-0000-0000-000000000000', '325b07e3-dfa5-4c00-a65a-dc837afa845f', '{"action":"token_revoked","actor_id":"54a01a20-c4dc-4da5-9f1d-493b3bccf052","actor_name":"Parceiro Mecânica","actor_username":"mecanica@parceiro.com","actor_via_sso":false,"log_type":"token"}', '2025-09-19 17:54:21.667324+00', ''),
	('00000000-0000-0000-0000-000000000000', 'f62612e6-c0e0-431e-8a46-74b6a90e0700', '{"action":"token_refreshed","actor_id":"97b9308e-c98d-4b69-8666-a2744b0e8e94","actor_name":"Especialista Teste 19116","actor_username":"especialista@prolineauto.com.br","actor_via_sso":false,"log_type":"token"}', '2025-09-19 18:37:31.964713+00', ''),
	('00000000-0000-0000-0000-000000000000', 'dcef91e7-d04d-4212-8623-2ee976a54f5a', '{"action":"token_revoked","actor_id":"97b9308e-c98d-4b69-8666-a2744b0e8e94","actor_name":"Especialista Teste 19116","actor_username":"especialista@prolineauto.com.br","actor_via_sso":false,"log_type":"token"}', '2025-09-19 18:37:31.966955+00', ''),
	('00000000-0000-0000-0000-000000000000', '37f74d11-d936-488d-8d6f-3daf9370ac0d', '{"action":"token_refreshed","actor_id":"54a01a20-c4dc-4da5-9f1d-493b3bccf052","actor_name":"Parceiro Mecânica","actor_username":"mecanica@parceiro.com","actor_via_sso":false,"log_type":"token"}', '2025-09-19 18:52:21.561654+00', ''),
	('00000000-0000-0000-0000-000000000000', '0ebd9b4a-a5e2-4a52-a1ea-f3faecb48065', '{"action":"token_revoked","actor_id":"54a01a20-c4dc-4da5-9f1d-493b3bccf052","actor_name":"Parceiro Mecânica","actor_username":"mecanica@parceiro.com","actor_via_sso":false,"log_type":"token"}', '2025-09-19 18:52:21.562478+00', ''),
	('00000000-0000-0000-0000-000000000000', '7ac04177-ee03-4477-9153-4d7c6165f0b2', '{"action":"token_refreshed","actor_id":"c80f98b9-2141-4afb-94a2-d8bfbc8de50e","actor_name":"Cliente Teste 13994","actor_username":"cliente@prolineauto.com.br","actor_via_sso":false,"log_type":"token"}', '2025-09-19 19:30:30.81664+00', ''),
	('00000000-0000-0000-0000-000000000000', 'd118fd97-e044-4f2e-b714-719ebe004a62', '{"action":"token_refreshed","actor_id":"20e8e4c3-bc4e-4869-b8d6-c5a06e8d92e3","actor_name":"Administrador Principal","actor_username":"admin@prolineauto.com.br","actor_via_sso":false,"log_type":"token"}', '2025-09-19 19:30:30.816564+00', ''),
	('00000000-0000-0000-0000-000000000000', '2cf0026a-f489-403e-85a1-46e340094473', '{"action":"token_revoked","actor_id":"c80f98b9-2141-4afb-94a2-d8bfbc8de50e","actor_name":"Cliente Teste 13994","actor_username":"cliente@prolineauto.com.br","actor_via_sso":false,"log_type":"token"}', '2025-09-19 19:30:30.81813+00', ''),
	('00000000-0000-0000-0000-000000000000', '33e26d38-6ec2-468e-96c6-627cf769696d', '{"action":"token_revoked","actor_id":"20e8e4c3-bc4e-4869-b8d6-c5a06e8d92e3","actor_name":"Administrador Principal","actor_username":"admin@prolineauto.com.br","actor_via_sso":false,"log_type":"token"}', '2025-09-19 19:30:30.818368+00', ''),
	('00000000-0000-0000-0000-000000000000', '666e5fc3-73d0-4782-8102-ea8ac4115240', '{"action":"token_refreshed","actor_id":"97b9308e-c98d-4b69-8666-a2744b0e8e94","actor_name":"Especialista Teste 19116","actor_username":"especialista@prolineauto.com.br","actor_via_sso":false,"log_type":"token"}', '2025-09-19 19:35:31.920103+00', ''),
	('00000000-0000-0000-0000-000000000000', '48d38293-3f99-49c7-a110-853de5df1f3e', '{"action":"token_revoked","actor_id":"97b9308e-c98d-4b69-8666-a2744b0e8e94","actor_name":"Especialista Teste 19116","actor_username":"especialista@prolineauto.com.br","actor_via_sso":false,"log_type":"token"}', '2025-09-19 19:35:31.928413+00', ''),
	('00000000-0000-0000-0000-000000000000', 'bdc775c5-53d9-4449-9fb9-270b26dc4c9d', '{"action":"token_refreshed","actor_id":"54a01a20-c4dc-4da5-9f1d-493b3bccf052","actor_name":"Parceiro Mecânica","actor_username":"mecanica@parceiro.com","actor_via_sso":false,"log_type":"token"}', '2025-09-19 19:50:46.941316+00', ''),
	('00000000-0000-0000-0000-000000000000', 'a1c0af46-7cde-4da5-ae1f-9ad0724723ef', '{"action":"token_revoked","actor_id":"54a01a20-c4dc-4da5-9f1d-493b3bccf052","actor_name":"Parceiro Mecânica","actor_username":"mecanica@parceiro.com","actor_via_sso":false,"log_type":"token"}', '2025-09-19 19:50:46.942593+00', ''),
	('00000000-0000-0000-0000-000000000000', 'cb94fd7e-bb73-452b-aef6-7e1f40170bab', '{"action":"token_refreshed","actor_id":"20e8e4c3-bc4e-4869-b8d6-c5a06e8d92e3","actor_name":"Administrador Principal","actor_username":"admin@prolineauto.com.br","actor_via_sso":false,"log_type":"token"}', '2025-09-19 20:28:44.393671+00', ''),
	('00000000-0000-0000-0000-000000000000', '1b752a3d-e1bc-466c-bd96-855511636c51', '{"action":"token_revoked","actor_id":"20e8e4c3-bc4e-4869-b8d6-c5a06e8d92e3","actor_name":"Administrador Principal","actor_username":"admin@prolineauto.com.br","actor_via_sso":false,"log_type":"token"}', '2025-09-19 20:28:44.396273+00', ''),
	('00000000-0000-0000-0000-000000000000', '830b8676-459f-4d6d-a1a7-7c91ecc0776f', '{"action":"token_refreshed","actor_id":"97b9308e-c98d-4b69-8666-a2744b0e8e94","actor_name":"Especialista Teste 19116","actor_username":"especialista@prolineauto.com.br","actor_via_sso":false,"log_type":"token"}', '2025-09-19 20:33:36.867546+00', ''),
	('00000000-0000-0000-0000-000000000000', '51eb381a-4552-4b4e-8ac6-630deaa29d70', '{"action":"token_revoked","actor_id":"97b9308e-c98d-4b69-8666-a2744b0e8e94","actor_name":"Especialista Teste 19116","actor_username":"especialista@prolineauto.com.br","actor_via_sso":false,"log_type":"token"}', '2025-09-19 20:33:36.870015+00', ''),
	('00000000-0000-0000-0000-000000000000', '9ebf7f6b-f333-4618-b39a-61010958a50e', '{"action":"token_refreshed","actor_id":"54a01a20-c4dc-4da5-9f1d-493b3bccf052","actor_name":"Parceiro Mecânica","actor_username":"mecanica@parceiro.com","actor_via_sso":false,"log_type":"token"}', '2025-09-19 20:48:49.239955+00', ''),
	('00000000-0000-0000-0000-000000000000', '06612147-2f93-4834-bff6-ebbd21892d59', '{"action":"token_revoked","actor_id":"54a01a20-c4dc-4da5-9f1d-493b3bccf052","actor_name":"Parceiro Mecânica","actor_username":"mecanica@parceiro.com","actor_via_sso":false,"log_type":"token"}', '2025-09-19 20:48:49.241303+00', ''),
	('00000000-0000-0000-0000-000000000000', '167b2a34-66de-498f-9676-58f56ff95013', '{"action":"token_refreshed","actor_id":"20e8e4c3-bc4e-4869-b8d6-c5a06e8d92e3","actor_name":"Administrador Principal","actor_username":"admin@prolineauto.com.br","actor_via_sso":false,"log_type":"token"}', '2025-09-19 23:47:10.563367+00', ''),
	('00000000-0000-0000-0000-000000000000', '596c69f4-2a33-4ec4-a32b-5994a8647cfe', '{"action":"token_revoked","actor_id":"20e8e4c3-bc4e-4869-b8d6-c5a06e8d92e3","actor_name":"Administrador Principal","actor_username":"admin@prolineauto.com.br","actor_via_sso":false,"log_type":"token"}', '2025-09-19 23:47:10.565407+00', ''),
	('00000000-0000-0000-0000-000000000000', '0620ab9c-0908-438f-9ce7-d3c419864846', '{"action":"token_refreshed","actor_id":"97b9308e-c98d-4b69-8666-a2744b0e8e94","actor_name":"Especialista Teste 19116","actor_username":"especialista@prolineauto.com.br","actor_via_sso":false,"log_type":"token"}', '2025-09-20 00:25:45.750207+00', ''),
	('00000000-0000-0000-0000-000000000000', '711f6303-e38e-4d39-bee5-cae894cdec1f', '{"action":"token_revoked","actor_id":"97b9308e-c98d-4b69-8666-a2744b0e8e94","actor_name":"Especialista Teste 19116","actor_username":"especialista@prolineauto.com.br","actor_via_sso":false,"log_type":"token"}', '2025-09-20 00:25:45.751091+00', ''),
	('00000000-0000-0000-0000-000000000000', 'ea26c0b8-52de-407c-a626-0996c1b20d51', '{"action":"token_refreshed","actor_id":"54a01a20-c4dc-4da5-9f1d-493b3bccf052","actor_name":"Parceiro Mecânica","actor_username":"mecanica@parceiro.com","actor_via_sso":false,"log_type":"token"}', '2025-09-20 00:40:54.00331+00', ''),
	('00000000-0000-0000-0000-000000000000', '728b69e9-03a7-415f-bc34-556709d2279f', '{"action":"token_revoked","actor_id":"54a01a20-c4dc-4da5-9f1d-493b3bccf052","actor_name":"Parceiro Mecânica","actor_username":"mecanica@parceiro.com","actor_via_sso":false,"log_type":"token"}', '2025-09-20 00:40:54.004764+00', ''),
	('00000000-0000-0000-0000-000000000000', 'bc3fb5e6-d82b-49a4-9edc-09574752dc05', '{"action":"token_refreshed","actor_id":"97b9308e-c98d-4b69-8666-a2744b0e8e94","actor_name":"Especialista Teste 19116","actor_username":"especialista@prolineauto.com.br","actor_via_sso":false,"log_type":"token"}', '2025-09-20 01:23:45.757208+00', ''),
	('00000000-0000-0000-0000-000000000000', 'b4c19abd-c6d8-4efc-856f-a5811ca118ec', '{"action":"token_revoked","actor_id":"97b9308e-c98d-4b69-8666-a2744b0e8e94","actor_name":"Especialista Teste 19116","actor_username":"especialista@prolineauto.com.br","actor_via_sso":false,"log_type":"token"}', '2025-09-20 01:23:45.758316+00', ''),
	('00000000-0000-0000-0000-000000000000', '7cd8c807-e4bb-41ec-b29b-b39c879873de', '{"action":"token_refreshed","actor_id":"54a01a20-c4dc-4da5-9f1d-493b3bccf052","actor_name":"Parceiro Mecânica","actor_username":"mecanica@parceiro.com","actor_via_sso":false,"log_type":"token"}', '2025-09-20 01:38:57.277536+00', ''),
	('00000000-0000-0000-0000-000000000000', '0c904fff-610f-48af-9f3d-1baf68442e55', '{"action":"token_revoked","actor_id":"54a01a20-c4dc-4da5-9f1d-493b3bccf052","actor_name":"Parceiro Mecânica","actor_username":"mecanica@parceiro.com","actor_via_sso":false,"log_type":"token"}', '2025-09-20 01:38:57.278374+00', ''),
	('00000000-0000-0000-0000-000000000000', '2d8b9c26-4ae9-4401-aa96-49922a3cacd7', '{"action":"token_refreshed","actor_id":"97b9308e-c98d-4b69-8666-a2744b0e8e94","actor_name":"Especialista Teste 19116","actor_username":"especialista@prolineauto.com.br","actor_via_sso":false,"log_type":"token"}', '2025-09-20 02:21:45.856873+00', ''),
	('00000000-0000-0000-0000-000000000000', 'ef428661-49a3-4ea1-bbdc-529422ed5a72', '{"action":"token_revoked","actor_id":"97b9308e-c98d-4b69-8666-a2744b0e8e94","actor_name":"Especialista Teste 19116","actor_username":"especialista@prolineauto.com.br","actor_via_sso":false,"log_type":"token"}', '2025-09-20 02:21:45.858143+00', ''),
	('00000000-0000-0000-0000-000000000000', '697175f5-1185-45d8-89e0-f7974278d194', '{"action":"token_refreshed","actor_id":"54a01a20-c4dc-4da5-9f1d-493b3bccf052","actor_name":"Parceiro Mecânica","actor_username":"mecanica@parceiro.com","actor_via_sso":false,"log_type":"token"}', '2025-09-20 02:36:57.312343+00', ''),
	('00000000-0000-0000-0000-000000000000', 'e22ea1b5-bdc3-4e63-bd54-057285497cad', '{"action":"token_revoked","actor_id":"54a01a20-c4dc-4da5-9f1d-493b3bccf052","actor_name":"Parceiro Mecânica","actor_username":"mecanica@parceiro.com","actor_via_sso":false,"log_type":"token"}', '2025-09-20 02:36:57.313017+00', ''),
	('00000000-0000-0000-0000-000000000000', 'ef9eff89-b329-43e3-9b12-d964f77b82cb', '{"action":"token_refreshed","actor_id":"97b9308e-c98d-4b69-8666-a2744b0e8e94","actor_name":"Especialista Teste 19116","actor_username":"especialista@prolineauto.com.br","actor_via_sso":false,"log_type":"token"}', '2025-09-20 03:19:45.836943+00', ''),
	('00000000-0000-0000-0000-000000000000', '07430e5e-9876-4500-8720-7792f0637b7f', '{"action":"token_revoked","actor_id":"97b9308e-c98d-4b69-8666-a2744b0e8e94","actor_name":"Especialista Teste 19116","actor_username":"especialista@prolineauto.com.br","actor_via_sso":false,"log_type":"token"}', '2025-09-20 03:19:45.837734+00', ''),
	('00000000-0000-0000-0000-000000000000', 'bf395f33-583c-4baf-a525-140fbea3309d', '{"action":"token_refreshed","actor_id":"54a01a20-c4dc-4da5-9f1d-493b3bccf052","actor_name":"Parceiro Mecânica","actor_username":"mecanica@parceiro.com","actor_via_sso":false,"log_type":"token"}', '2025-09-20 03:34:57.337638+00', ''),
	('00000000-0000-0000-0000-000000000000', '0b28e700-4686-4c11-b518-459519841d4a', '{"action":"token_revoked","actor_id":"54a01a20-c4dc-4da5-9f1d-493b3bccf052","actor_name":"Parceiro Mecânica","actor_username":"mecanica@parceiro.com","actor_via_sso":false,"log_type":"token"}', '2025-09-20 03:34:57.338378+00', ''),
	('00000000-0000-0000-0000-000000000000', 'e127aef4-acdf-4dc9-8eee-c72c716c233e', '{"action":"token_refreshed","actor_id":"c80f98b9-2141-4afb-94a2-d8bfbc8de50e","actor_name":"Cliente Teste 13994","actor_username":"cliente@prolineauto.com.br","actor_via_sso":false,"log_type":"token"}', '2025-09-19 20:28:44.396874+00', ''),
	('00000000-0000-0000-0000-000000000000', 'da2a8bc2-27a1-4025-af62-9fe9a1a366c8', '{"action":"token_revoked","actor_id":"c80f98b9-2141-4afb-94a2-d8bfbc8de50e","actor_name":"Cliente Teste 13994","actor_username":"cliente@prolineauto.com.br","actor_via_sso":false,"log_type":"token"}', '2025-09-19 20:28:44.398345+00', ''),
	('00000000-0000-0000-0000-000000000000', '32c1c54d-3a11-4e53-ac83-824e56994b6a', '{"action":"token_refreshed","actor_id":"97b9308e-c98d-4b69-8666-a2744b0e8e94","actor_name":"Especialista Teste 19116","actor_username":"especialista@prolineauto.com.br","actor_via_sso":false,"log_type":"token"}', '2025-09-19 21:31:40.953126+00', ''),
	('00000000-0000-0000-0000-000000000000', 'abfaf4a3-2364-4bbf-bb59-c86b3f8c5435', '{"action":"token_revoked","actor_id":"97b9308e-c98d-4b69-8666-a2744b0e8e94","actor_name":"Especialista Teste 19116","actor_username":"especialista@prolineauto.com.br","actor_via_sso":false,"log_type":"token"}', '2025-09-19 21:31:40.957149+00', ''),
	('00000000-0000-0000-0000-000000000000', '13405c48-5f27-41cd-8952-b4264284c566', '{"action":"token_refreshed","actor_id":"54a01a20-c4dc-4da5-9f1d-493b3bccf052","actor_name":"Parceiro Mecânica","actor_username":"mecanica@parceiro.com","actor_via_sso":false,"log_type":"token"}', '2025-09-19 21:46:53.728344+00', ''),
	('00000000-0000-0000-0000-000000000000', '79c28115-fb99-4320-8979-dec7cc4bda89', '{"action":"token_revoked","actor_id":"54a01a20-c4dc-4da5-9f1d-493b3bccf052","actor_name":"Parceiro Mecânica","actor_username":"mecanica@parceiro.com","actor_via_sso":false,"log_type":"token"}', '2025-09-19 21:46:53.728916+00', ''),
	('00000000-0000-0000-0000-000000000000', 'b718a7cb-cd4d-43cd-9bf2-53f52f487d51', '{"action":"token_refreshed","actor_id":"97b9308e-c98d-4b69-8666-a2744b0e8e94","actor_name":"Especialista Teste 19116","actor_username":"especialista@prolineauto.com.br","actor_via_sso":false,"log_type":"token"}', '2025-09-19 22:29:43.573677+00', ''),
	('00000000-0000-0000-0000-000000000000', '7302bb13-5f65-43ba-b418-6d46514c5ec4', '{"action":"token_revoked","actor_id":"97b9308e-c98d-4b69-8666-a2744b0e8e94","actor_name":"Especialista Teste 19116","actor_username":"especialista@prolineauto.com.br","actor_via_sso":false,"log_type":"token"}', '2025-09-19 22:29:43.574685+00', ''),
	('00000000-0000-0000-0000-000000000000', 'e2827ba5-ce39-4066-b0b9-95c1eac86830', '{"action":"token_refreshed","actor_id":"54a01a20-c4dc-4da5-9f1d-493b3bccf052","actor_name":"Parceiro Mecânica","actor_username":"mecanica@parceiro.com","actor_via_sso":false,"log_type":"token"}', '2025-09-19 22:44:53.794485+00', ''),
	('00000000-0000-0000-0000-000000000000', 'cbe9308a-cc37-41ee-843e-27090a3ef4ca', '{"action":"token_revoked","actor_id":"54a01a20-c4dc-4da5-9f1d-493b3bccf052","actor_name":"Parceiro Mecânica","actor_username":"mecanica@parceiro.com","actor_via_sso":false,"log_type":"token"}', '2025-09-19 22:44:53.795038+00', ''),
	('00000000-0000-0000-0000-000000000000', '9f62eae6-74fb-4f24-a90e-5167017a5c46', '{"action":"token_refreshed","actor_id":"97b9308e-c98d-4b69-8666-a2744b0e8e94","actor_name":"Especialista Teste 19116","actor_username":"especialista@prolineauto.com.br","actor_via_sso":false,"log_type":"token"}', '2025-09-19 23:27:43.598636+00', ''),
	('00000000-0000-0000-0000-000000000000', '2a619821-6dd7-44fc-ad91-6ebfc0915774', '{"action":"token_revoked","actor_id":"97b9308e-c98d-4b69-8666-a2744b0e8e94","actor_name":"Especialista Teste 19116","actor_username":"especialista@prolineauto.com.br","actor_via_sso":false,"log_type":"token"}', '2025-09-19 23:27:43.599714+00', ''),
	('00000000-0000-0000-0000-000000000000', '0f5c7acf-62a7-4faf-b4d4-c15cc3015e6b', '{"action":"token_refreshed","actor_id":"54a01a20-c4dc-4da5-9f1d-493b3bccf052","actor_name":"Parceiro Mecânica","actor_username":"mecanica@parceiro.com","actor_via_sso":false,"log_type":"token"}', '2025-09-19 23:42:53.904494+00', ''),
	('00000000-0000-0000-0000-000000000000', '5b02178e-6ae0-456f-9ae7-806b2a109c20', '{"action":"token_revoked","actor_id":"54a01a20-c4dc-4da5-9f1d-493b3bccf052","actor_name":"Parceiro Mecânica","actor_username":"mecanica@parceiro.com","actor_via_sso":false,"log_type":"token"}', '2025-09-19 23:42:53.905204+00', ''),
	('00000000-0000-0000-0000-000000000000', '43729302-7ee8-4318-add7-251fe9257bbd', '{"action":"token_refreshed","actor_id":"c80f98b9-2141-4afb-94a2-d8bfbc8de50e","actor_name":"Cliente Teste 13994","actor_username":"cliente@prolineauto.com.br","actor_via_sso":false,"log_type":"token"}', '2025-09-19 23:47:10.557193+00', ''),
	('00000000-0000-0000-0000-000000000000', '29f24044-9a8f-454e-a4a7-931f52a612db', '{"action":"token_revoked","actor_id":"c80f98b9-2141-4afb-94a2-d8bfbc8de50e","actor_name":"Cliente Teste 13994","actor_username":"cliente@prolineauto.com.br","actor_via_sso":false,"log_type":"token"}', '2025-09-19 23:47:10.559609+00', ''),
	('00000000-0000-0000-0000-000000000000', 'f2972c05-ec22-4f10-8ede-0ece96a9b1b4', '{"action":"token_refreshed","actor_id":"97b9308e-c98d-4b69-8666-a2744b0e8e94","actor_name":"Especialista Teste 19116","actor_username":"especialista@prolineauto.com.br","actor_via_sso":false,"log_type":"token"}', '2025-09-20 04:17:45.865964+00', ''),
	('00000000-0000-0000-0000-000000000000', '0e934e68-efa7-42f9-8b51-4a19d84be0b9', '{"action":"token_revoked","actor_id":"97b9308e-c98d-4b69-8666-a2744b0e8e94","actor_name":"Especialista Teste 19116","actor_username":"especialista@prolineauto.com.br","actor_via_sso":false,"log_type":"token"}', '2025-09-20 04:17:45.869043+00', ''),
	('00000000-0000-0000-0000-000000000000', '9dcb8f4f-4bcd-446b-8c28-66d465e5e5fe', '{"action":"token_refreshed","actor_id":"54a01a20-c4dc-4da5-9f1d-493b3bccf052","actor_name":"Parceiro Mecânica","actor_username":"mecanica@parceiro.com","actor_via_sso":false,"log_type":"token"}', '2025-09-20 04:32:57.369867+00', ''),
	('00000000-0000-0000-0000-000000000000', 'fd7bffa5-1718-4a7e-b1c2-9432d7f416de', '{"action":"token_revoked","actor_id":"54a01a20-c4dc-4da5-9f1d-493b3bccf052","actor_name":"Parceiro Mecânica","actor_username":"mecanica@parceiro.com","actor_via_sso":false,"log_type":"token"}', '2025-09-20 04:32:57.370689+00', ''),
	('00000000-0000-0000-0000-000000000000', '15dd6c63-d29e-4ee0-af14-3b501b0e1ff6', '{"action":"token_refreshed","actor_id":"97b9308e-c98d-4b69-8666-a2744b0e8e94","actor_name":"Especialista Teste 19116","actor_username":"especialista@prolineauto.com.br","actor_via_sso":false,"log_type":"token"}', '2025-09-20 05:15:45.891703+00', ''),
	('00000000-0000-0000-0000-000000000000', 'bf3c57dc-d698-4956-8bbd-834c279fcab5', '{"action":"token_revoked","actor_id":"97b9308e-c98d-4b69-8666-a2744b0e8e94","actor_name":"Especialista Teste 19116","actor_username":"especialista@prolineauto.com.br","actor_via_sso":false,"log_type":"token"}', '2025-09-20 05:15:45.892296+00', ''),
	('00000000-0000-0000-0000-000000000000', 'd5bbf91c-a852-4183-8013-f8042c562545', '{"action":"token_refreshed","actor_id":"54a01a20-c4dc-4da5-9f1d-493b3bccf052","actor_name":"Parceiro Mecânica","actor_username":"mecanica@parceiro.com","actor_via_sso":false,"log_type":"token"}', '2025-09-20 05:30:57.421424+00', ''),
	('00000000-0000-0000-0000-000000000000', '2dc95f5f-e356-4ed1-9d44-2ad3377d4e33', '{"action":"token_revoked","actor_id":"54a01a20-c4dc-4da5-9f1d-493b3bccf052","actor_name":"Parceiro Mecânica","actor_username":"mecanica@parceiro.com","actor_via_sso":false,"log_type":"token"}', '2025-09-20 05:30:57.422088+00', ''),
	('00000000-0000-0000-0000-000000000000', '611cba68-a977-40a6-881c-b73b8245007c', '{"action":"token_refreshed","actor_id":"97b9308e-c98d-4b69-8666-a2744b0e8e94","actor_name":"Especialista Teste 19116","actor_username":"especialista@prolineauto.com.br","actor_via_sso":false,"log_type":"token"}', '2025-09-20 06:13:45.931147+00', ''),
	('00000000-0000-0000-0000-000000000000', 'ecf0efcb-cedf-4fd2-b46d-3be6b6e85ee3', '{"action":"token_revoked","actor_id":"97b9308e-c98d-4b69-8666-a2744b0e8e94","actor_name":"Especialista Teste 19116","actor_username":"especialista@prolineauto.com.br","actor_via_sso":false,"log_type":"token"}', '2025-09-20 06:13:45.931772+00', ''),
	('00000000-0000-0000-0000-000000000000', 'a353f3f3-f7c3-4b1b-9d89-0b86893b23fb', '{"action":"token_refreshed","actor_id":"54a01a20-c4dc-4da5-9f1d-493b3bccf052","actor_name":"Parceiro Mecânica","actor_username":"mecanica@parceiro.com","actor_via_sso":false,"log_type":"token"}', '2025-09-20 06:28:57.431814+00', ''),
	('00000000-0000-0000-0000-000000000000', '4dcd10b1-384a-420b-9724-1205a09bddbe', '{"action":"token_revoked","actor_id":"54a01a20-c4dc-4da5-9f1d-493b3bccf052","actor_name":"Parceiro Mecânica","actor_username":"mecanica@parceiro.com","actor_via_sso":false,"log_type":"token"}', '2025-09-20 06:28:57.433404+00', ''),
	('00000000-0000-0000-0000-000000000000', '430e444f-fd1c-42dc-b72a-da06a3dc5d71', '{"action":"token_refreshed","actor_id":"97b9308e-c98d-4b69-8666-a2744b0e8e94","actor_name":"Especialista Teste 19116","actor_username":"especialista@prolineauto.com.br","actor_via_sso":false,"log_type":"token"}', '2025-09-20 07:11:45.971579+00', ''),
	('00000000-0000-0000-0000-000000000000', '32854132-bc36-42c0-a642-73302caa1693', '{"action":"token_revoked","actor_id":"97b9308e-c98d-4b69-8666-a2744b0e8e94","actor_name":"Especialista Teste 19116","actor_username":"especialista@prolineauto.com.br","actor_via_sso":false,"log_type":"token"}', '2025-09-20 07:11:45.972537+00', ''),
	('00000000-0000-0000-0000-000000000000', '19ed24aa-712e-4448-90b0-b9eab945e4cd', '{"action":"token_refreshed","actor_id":"54a01a20-c4dc-4da5-9f1d-493b3bccf052","actor_name":"Parceiro Mecânica","actor_username":"mecanica@parceiro.com","actor_via_sso":false,"log_type":"token"}', '2025-09-20 07:26:57.4543+00', ''),
	('00000000-0000-0000-0000-000000000000', '7c491314-59a7-49b6-9af8-feff273bacc1', '{"action":"token_revoked","actor_id":"54a01a20-c4dc-4da5-9f1d-493b3bccf052","actor_name":"Parceiro Mecânica","actor_username":"mecanica@parceiro.com","actor_via_sso":false,"log_type":"token"}', '2025-09-20 07:26:57.454882+00', ''),
	('00000000-0000-0000-0000-000000000000', 'c52e2fa3-f1c3-493a-8fe5-812357841d7e', '{"action":"token_refreshed","actor_id":"97b9308e-c98d-4b69-8666-a2744b0e8e94","actor_name":"Especialista Teste 19116","actor_username":"especialista@prolineauto.com.br","actor_via_sso":false,"log_type":"token"}', '2025-09-20 08:09:46.001608+00', ''),
	('00000000-0000-0000-0000-000000000000', '4dab6c14-e424-41a9-9039-a2849a6eefd9', '{"action":"token_revoked","actor_id":"97b9308e-c98d-4b69-8666-a2744b0e8e94","actor_name":"Especialista Teste 19116","actor_username":"especialista@prolineauto.com.br","actor_via_sso":false,"log_type":"token"}', '2025-09-20 08:09:46.002411+00', ''),
	('00000000-0000-0000-0000-000000000000', 'b116647a-0ca9-466c-94a5-3d0154924090', '{"action":"token_refreshed","actor_id":"54a01a20-c4dc-4da5-9f1d-493b3bccf052","actor_name":"Parceiro Mecânica","actor_username":"mecanica@parceiro.com","actor_via_sso":false,"log_type":"token"}', '2025-09-20 08:24:57.497055+00', ''),
	('00000000-0000-0000-0000-000000000000', 'fa66ead5-ff58-45d6-9c51-95c76e16a9de', '{"action":"token_revoked","actor_id":"54a01a20-c4dc-4da5-9f1d-493b3bccf052","actor_name":"Parceiro Mecânica","actor_username":"mecanica@parceiro.com","actor_via_sso":false,"log_type":"token"}', '2025-09-20 08:24:57.497693+00', ''),
	('00000000-0000-0000-0000-000000000000', '24bec750-8dda-4a68-9932-9f701098e7e9', '{"action":"token_refreshed","actor_id":"97b9308e-c98d-4b69-8666-a2744b0e8e94","actor_name":"Especialista Teste 19116","actor_username":"especialista@prolineauto.com.br","actor_via_sso":false,"log_type":"token"}', '2025-09-20 09:08:16.063989+00', ''),
	('00000000-0000-0000-0000-000000000000', '288ae902-a3e9-4db2-a62e-2b4011337cd4', '{"action":"token_revoked","actor_id":"97b9308e-c98d-4b69-8666-a2744b0e8e94","actor_name":"Especialista Teste 19116","actor_username":"especialista@prolineauto.com.br","actor_via_sso":false,"log_type":"token"}', '2025-09-20 09:08:16.064538+00', ''),
	('00000000-0000-0000-0000-000000000000', '5bd03d70-09b8-4679-a260-e6ee3fa4d3bc', '{"action":"token_refreshed","actor_id":"54a01a20-c4dc-4da5-9f1d-493b3bccf052","actor_name":"Parceiro Mecânica","actor_username":"mecanica@parceiro.com","actor_via_sso":false,"log_type":"token"}', '2025-09-20 09:22:57.536203+00', ''),
	('00000000-0000-0000-0000-000000000000', '98a43b31-f52c-4bae-86a0-3963cbb1eeca', '{"action":"token_revoked","actor_id":"54a01a20-c4dc-4da5-9f1d-493b3bccf052","actor_name":"Parceiro Mecânica","actor_username":"mecanica@parceiro.com","actor_via_sso":false,"log_type":"token"}', '2025-09-20 09:22:57.536707+00', ''),
	('00000000-0000-0000-0000-000000000000', '2e8119a8-cb06-4e28-8a99-724844f2c28d', '{"action":"token_refreshed","actor_id":"97b9308e-c98d-4b69-8666-a2744b0e8e94","actor_name":"Especialista Teste 19116","actor_username":"especialista@prolineauto.com.br","actor_via_sso":false,"log_type":"token"}', '2025-09-20 10:06:16.503792+00', ''),
	('00000000-0000-0000-0000-000000000000', '369f4548-ca6f-429b-8000-5f4b692e5bd3', '{"action":"token_revoked","actor_id":"97b9308e-c98d-4b69-8666-a2744b0e8e94","actor_name":"Especialista Teste 19116","actor_username":"especialista@prolineauto.com.br","actor_via_sso":false,"log_type":"token"}', '2025-09-20 10:06:16.504635+00', ''),
	('00000000-0000-0000-0000-000000000000', 'af51d55a-6f9c-491d-ad31-4d6768db3421', '{"action":"token_refreshed","actor_id":"54a01a20-c4dc-4da5-9f1d-493b3bccf052","actor_name":"Parceiro Mecânica","actor_username":"mecanica@parceiro.com","actor_via_sso":false,"log_type":"token"}', '2025-09-20 10:20:57.570028+00', ''),
	('00000000-0000-0000-0000-000000000000', 'fd918367-001e-4406-a257-a39672f2fca9', '{"action":"token_revoked","actor_id":"54a01a20-c4dc-4da5-9f1d-493b3bccf052","actor_name":"Parceiro Mecânica","actor_username":"mecanica@parceiro.com","actor_via_sso":false,"log_type":"token"}', '2025-09-20 10:20:57.570764+00', ''),
	('00000000-0000-0000-0000-000000000000', '05c260dc-2180-4ce7-bfab-d7272e8de3b7', '{"action":"token_refreshed","actor_id":"97b9308e-c98d-4b69-8666-a2744b0e8e94","actor_name":"Especialista Teste 19116","actor_username":"especialista@prolineauto.com.br","actor_via_sso":false,"log_type":"token"}', '2025-09-20 11:04:16.160945+00', ''),
	('00000000-0000-0000-0000-000000000000', '117f0a98-fc27-4ea3-9927-c1fc3c305b03', '{"action":"token_revoked","actor_id":"97b9308e-c98d-4b69-8666-a2744b0e8e94","actor_name":"Especialista Teste 19116","actor_username":"especialista@prolineauto.com.br","actor_via_sso":false,"log_type":"token"}', '2025-09-20 11:04:16.161855+00', ''),
	('00000000-0000-0000-0000-000000000000', 'f8a900fe-53b5-4174-a131-bbf8b0a60992', '{"action":"token_refreshed","actor_id":"54a01a20-c4dc-4da5-9f1d-493b3bccf052","actor_name":"Parceiro Mecânica","actor_username":"mecanica@parceiro.com","actor_via_sso":false,"log_type":"token"}', '2025-09-20 11:18:57.623497+00', ''),
	('00000000-0000-0000-0000-000000000000', '94645a0a-9d6e-43ba-b157-9414a62181f2', '{"action":"token_revoked","actor_id":"54a01a20-c4dc-4da5-9f1d-493b3bccf052","actor_name":"Parceiro Mecânica","actor_username":"mecanica@parceiro.com","actor_via_sso":false,"log_type":"token"}', '2025-09-20 11:18:57.624168+00', ''),
	('00000000-0000-0000-0000-000000000000', '7512ff98-a494-433d-9b7f-f3998da1c1d6', '{"action":"token_refreshed","actor_id":"97b9308e-c98d-4b69-8666-a2744b0e8e94","actor_name":"Especialista Teste 19116","actor_username":"especialista@prolineauto.com.br","actor_via_sso":false,"log_type":"token"}', '2025-09-20 12:02:16.156337+00', ''),
	('00000000-0000-0000-0000-000000000000', 'cc79024f-931a-4872-a93c-424a0eb4cb70', '{"action":"token_revoked","actor_id":"97b9308e-c98d-4b69-8666-a2744b0e8e94","actor_name":"Especialista Teste 19116","actor_username":"especialista@prolineauto.com.br","actor_via_sso":false,"log_type":"token"}', '2025-09-20 12:02:16.157144+00', ''),
	('00000000-0000-0000-0000-000000000000', '539d9b33-c558-4b9a-af0e-351bdbe3d61e', '{"action":"token_refreshed","actor_id":"54a01a20-c4dc-4da5-9f1d-493b3bccf052","actor_name":"Parceiro Mecânica","actor_username":"mecanica@parceiro.com","actor_via_sso":false,"log_type":"token"}', '2025-09-20 12:16:57.626518+00', ''),
	('00000000-0000-0000-0000-000000000000', '4b8b3e94-7c3f-4d51-bf4c-cd5e0cbf01f0', '{"action":"token_revoked","actor_id":"54a01a20-c4dc-4da5-9f1d-493b3bccf052","actor_name":"Parceiro Mecânica","actor_username":"mecanica@parceiro.com","actor_via_sso":false,"log_type":"token"}', '2025-09-20 12:16:57.626781+00', ''),
	('00000000-0000-0000-0000-000000000000', '94131a28-3c89-461e-a42b-c0a2f6141b9e', '{"action":"token_refreshed","actor_id":"97b9308e-c98d-4b69-8666-a2744b0e8e94","actor_name":"Especialista Teste 19116","actor_username":"especialista@prolineauto.com.br","actor_via_sso":false,"log_type":"token"}', '2025-09-20 13:00:16.198289+00', ''),
	('00000000-0000-0000-0000-000000000000', '48253061-8ce6-45d5-adcb-214bf1bdad53', '{"action":"token_revoked","actor_id":"97b9308e-c98d-4b69-8666-a2744b0e8e94","actor_name":"Especialista Teste 19116","actor_username":"especialista@prolineauto.com.br","actor_via_sso":false,"log_type":"token"}', '2025-09-20 13:00:16.199244+00', ''),
	('00000000-0000-0000-0000-000000000000', '61d876e4-ed98-47e5-bab6-0ef5077cb58b', '{"action":"token_refreshed","actor_id":"54a01a20-c4dc-4da5-9f1d-493b3bccf052","actor_name":"Parceiro Mecânica","actor_username":"mecanica@parceiro.com","actor_via_sso":false,"log_type":"token"}', '2025-09-20 13:14:57.708168+00', ''),
	('00000000-0000-0000-0000-000000000000', '024f915e-9200-4fc0-9a62-c9878f6f8fe4', '{"action":"token_revoked","actor_id":"54a01a20-c4dc-4da5-9f1d-493b3bccf052","actor_name":"Parceiro Mecânica","actor_username":"mecanica@parceiro.com","actor_via_sso":false,"log_type":"token"}', '2025-09-20 13:14:57.70883+00', ''),
	('00000000-0000-0000-0000-000000000000', 'd42579ec-de65-4279-b3ad-79341b123406', '{"action":"token_refreshed","actor_id":"97b9308e-c98d-4b69-8666-a2744b0e8e94","actor_name":"Especialista Teste 19116","actor_username":"especialista@prolineauto.com.br","actor_via_sso":false,"log_type":"token"}', '2025-09-20 13:58:16.226619+00', ''),
	('00000000-0000-0000-0000-000000000000', 'd6ef6c71-c7e6-4870-8b2a-cbfc0057b193', '{"action":"token_revoked","actor_id":"97b9308e-c98d-4b69-8666-a2744b0e8e94","actor_name":"Especialista Teste 19116","actor_username":"especialista@prolineauto.com.br","actor_via_sso":false,"log_type":"token"}', '2025-09-20 13:58:16.227281+00', ''),
	('00000000-0000-0000-0000-000000000000', 'af886825-1970-4c58-80f7-bf8d5c81d2c1', '{"action":"token_refreshed","actor_id":"54a01a20-c4dc-4da5-9f1d-493b3bccf052","actor_name":"Parceiro Mecânica","actor_username":"mecanica@parceiro.com","actor_via_sso":false,"log_type":"token"}', '2025-09-20 14:12:57.702464+00', ''),
	('00000000-0000-0000-0000-000000000000', '3e1b5c9b-cc72-4e10-944f-96697ff48821', '{"action":"token_revoked","actor_id":"54a01a20-c4dc-4da5-9f1d-493b3bccf052","actor_name":"Parceiro Mecânica","actor_username":"mecanica@parceiro.com","actor_via_sso":false,"log_type":"token"}', '2025-09-20 14:12:57.703197+00', ''),
	('00000000-0000-0000-0000-000000000000', '0d0d73db-7e97-4a9b-aa8e-72762e65e09d', '{"action":"token_refreshed","actor_id":"97b9308e-c98d-4b69-8666-a2744b0e8e94","actor_name":"Especialista Teste 19116","actor_username":"especialista@prolineauto.com.br","actor_via_sso":false,"log_type":"token"}', '2025-09-20 14:56:16.268299+00', ''),
	('00000000-0000-0000-0000-000000000000', 'be6b535f-007c-4a19-97bd-2df91acd3af2', '{"action":"token_revoked","actor_id":"97b9308e-c98d-4b69-8666-a2744b0e8e94","actor_name":"Especialista Teste 19116","actor_username":"especialista@prolineauto.com.br","actor_via_sso":false,"log_type":"token"}', '2025-09-20 14:56:16.269007+00', ''),
	('00000000-0000-0000-0000-000000000000', 'de022b55-d9dc-471b-9fd3-a64901f6eaad', '{"action":"token_refreshed","actor_id":"54a01a20-c4dc-4da5-9f1d-493b3bccf052","actor_name":"Parceiro Mecânica","actor_username":"mecanica@parceiro.com","actor_via_sso":false,"log_type":"token"}', '2025-09-20 15:10:57.74526+00', ''),
	('00000000-0000-0000-0000-000000000000', 'b3c4ed1c-6984-42bc-aabd-4f20b909d18f', '{"action":"token_revoked","actor_id":"54a01a20-c4dc-4da5-9f1d-493b3bccf052","actor_name":"Parceiro Mecânica","actor_username":"mecanica@parceiro.com","actor_via_sso":false,"log_type":"token"}', '2025-09-20 15:10:57.745917+00', ''),
	('00000000-0000-0000-0000-000000000000', 'a7782560-31f7-49a9-b3a6-b77189ff62f1', '{"action":"token_refreshed","actor_id":"97b9308e-c98d-4b69-8666-a2744b0e8e94","actor_name":"Especialista Teste 19116","actor_username":"especialista@prolineauto.com.br","actor_via_sso":false,"log_type":"token"}', '2025-09-20 15:54:16.314713+00', ''),
	('00000000-0000-0000-0000-000000000000', '90cf3cda-6985-4464-9fb9-8b9272a0d315', '{"action":"token_revoked","actor_id":"97b9308e-c98d-4b69-8666-a2744b0e8e94","actor_name":"Especialista Teste 19116","actor_username":"especialista@prolineauto.com.br","actor_via_sso":false,"log_type":"token"}', '2025-09-20 15:54:16.315565+00', ''),
	('00000000-0000-0000-0000-000000000000', 'd2d888df-cd24-49a1-908f-94201eb9faa4', '{"action":"token_refreshed","actor_id":"54a01a20-c4dc-4da5-9f1d-493b3bccf052","actor_name":"Parceiro Mecânica","actor_username":"mecanica@parceiro.com","actor_via_sso":false,"log_type":"token"}', '2025-09-20 16:08:57.777412+00', ''),
	('00000000-0000-0000-0000-000000000000', '282842d2-b0dc-4533-9974-4e84677187cf', '{"action":"token_revoked","actor_id":"54a01a20-c4dc-4da5-9f1d-493b3bccf052","actor_name":"Parceiro Mecânica","actor_username":"mecanica@parceiro.com","actor_via_sso":false,"log_type":"token"}', '2025-09-20 16:08:57.77806+00', ''),
	('00000000-0000-0000-0000-000000000000', 'e3664b68-99be-4ae8-89f1-d6e218c09d07', '{"action":"token_refreshed","actor_id":"97b9308e-c98d-4b69-8666-a2744b0e8e94","actor_name":"Especialista Teste 19116","actor_username":"especialista@prolineauto.com.br","actor_via_sso":false,"log_type":"token"}', '2025-09-20 16:52:16.333833+00', ''),
	('00000000-0000-0000-0000-000000000000', '8c0b8ac3-58d1-4d9e-b1eb-ce1329f14e68', '{"action":"token_revoked","actor_id":"97b9308e-c98d-4b69-8666-a2744b0e8e94","actor_name":"Especialista Teste 19116","actor_username":"especialista@prolineauto.com.br","actor_via_sso":false,"log_type":"token"}', '2025-09-20 16:52:16.334336+00', ''),
	('00000000-0000-0000-0000-000000000000', '7a2b0c12-0bbd-454b-83d6-95a20fcdae65', '{"action":"token_refreshed","actor_id":"54a01a20-c4dc-4da5-9f1d-493b3bccf052","actor_name":"Parceiro Mecânica","actor_username":"mecanica@parceiro.com","actor_via_sso":false,"log_type":"token"}', '2025-09-20 17:06:57.814858+00', ''),
	('00000000-0000-0000-0000-000000000000', '69734a64-a2ce-40a8-ae03-5e0ac06b762b', '{"action":"token_revoked","actor_id":"54a01a20-c4dc-4da5-9f1d-493b3bccf052","actor_name":"Parceiro Mecânica","actor_username":"mecanica@parceiro.com","actor_via_sso":false,"log_type":"token"}', '2025-09-20 17:06:57.815165+00', ''),
	('00000000-0000-0000-0000-000000000000', '24a66e13-7492-49f7-8ee8-130a4f75f32d', '{"action":"token_refreshed","actor_id":"97b9308e-c98d-4b69-8666-a2744b0e8e94","actor_name":"Especialista Teste 19116","actor_username":"especialista@prolineauto.com.br","actor_via_sso":false,"log_type":"token"}', '2025-09-20 17:50:16.778028+00', ''),
	('00000000-0000-0000-0000-000000000000', '98a85511-2d57-4d67-8542-0cf7e9ba750e', '{"action":"token_revoked","actor_id":"97b9308e-c98d-4b69-8666-a2744b0e8e94","actor_name":"Especialista Teste 19116","actor_username":"especialista@prolineauto.com.br","actor_via_sso":false,"log_type":"token"}', '2025-09-20 17:50:16.778829+00', ''),
	('00000000-0000-0000-0000-000000000000', '1cf3c58f-119f-4916-8243-1b859a9e508e', '{"action":"token_refreshed","actor_id":"54a01a20-c4dc-4da5-9f1d-493b3bccf052","actor_name":"Parceiro Mecânica","actor_username":"mecanica@parceiro.com","actor_via_sso":false,"log_type":"token"}', '2025-09-20 18:04:57.844288+00', ''),
	('00000000-0000-0000-0000-000000000000', 'c15e84f6-939b-4392-ba62-91afa3a31a98', '{"action":"token_revoked","actor_id":"54a01a20-c4dc-4da5-9f1d-493b3bccf052","actor_name":"Parceiro Mecânica","actor_username":"mecanica@parceiro.com","actor_via_sso":false,"log_type":"token"}', '2025-09-20 18:04:57.844875+00', ''),
	('00000000-0000-0000-0000-000000000000', 'c060a752-8c3e-44b5-b2eb-5021469159e3', '{"action":"token_refreshed","actor_id":"97b9308e-c98d-4b69-8666-a2744b0e8e94","actor_name":"Especialista Teste 19116","actor_username":"especialista@prolineauto.com.br","actor_via_sso":false,"log_type":"token"}', '2025-09-20 18:48:16.401562+00', ''),
	('00000000-0000-0000-0000-000000000000', 'd1d5b9a9-2f27-408b-92ea-8b01ef46379f', '{"action":"token_revoked","actor_id":"97b9308e-c98d-4b69-8666-a2744b0e8e94","actor_name":"Especialista Teste 19116","actor_username":"especialista@prolineauto.com.br","actor_via_sso":false,"log_type":"token"}', '2025-09-20 18:48:16.402242+00', ''),
	('00000000-0000-0000-0000-000000000000', 'a0d77347-acb2-4c2b-a9e5-14c87644f0c5', '{"action":"token_refreshed","actor_id":"54a01a20-c4dc-4da5-9f1d-493b3bccf052","actor_name":"Parceiro Mecânica","actor_username":"mecanica@parceiro.com","actor_via_sso":false,"log_type":"token"}', '2025-09-20 19:02:57.916787+00', ''),
	('00000000-0000-0000-0000-000000000000', '86395fb1-62ca-4529-91fa-de46009af490', '{"action":"token_revoked","actor_id":"54a01a20-c4dc-4da5-9f1d-493b3bccf052","actor_name":"Parceiro Mecânica","actor_username":"mecanica@parceiro.com","actor_via_sso":false,"log_type":"token"}', '2025-09-20 19:02:57.917624+00', ''),
	('00000000-0000-0000-0000-000000000000', '91fb7fec-51f1-4a9c-a0ef-492fd6e753c2', '{"action":"token_refreshed","actor_id":"97b9308e-c98d-4b69-8666-a2744b0e8e94","actor_name":"Especialista Teste 19116","actor_username":"especialista@prolineauto.com.br","actor_via_sso":false,"log_type":"token"}', '2025-09-20 19:46:16.428874+00', ''),
	('00000000-0000-0000-0000-000000000000', '93ca3e31-2496-4326-93e1-1f3395621a46', '{"action":"token_revoked","actor_id":"97b9308e-c98d-4b69-8666-a2744b0e8e94","actor_name":"Especialista Teste 19116","actor_username":"especialista@prolineauto.com.br","actor_via_sso":false,"log_type":"token"}', '2025-09-20 19:46:16.429813+00', ''),
	('00000000-0000-0000-0000-000000000000', 'ad65471c-b8cc-42aa-b4af-99f55727a092', '{"action":"token_refreshed","actor_id":"54a01a20-c4dc-4da5-9f1d-493b3bccf052","actor_name":"Parceiro Mecânica","actor_username":"mecanica@parceiro.com","actor_via_sso":false,"log_type":"token"}', '2025-09-20 20:00:57.905161+00', ''),
	('00000000-0000-0000-0000-000000000000', 'a91deaab-4dfb-418a-973a-c8cb8931761e', '{"action":"token_revoked","actor_id":"54a01a20-c4dc-4da5-9f1d-493b3bccf052","actor_name":"Parceiro Mecânica","actor_username":"mecanica@parceiro.com","actor_via_sso":false,"log_type":"token"}', '2025-09-20 20:00:57.906026+00', ''),
	('00000000-0000-0000-0000-000000000000', 'a32b016e-d696-467c-8977-191cc92ecc16', '{"action":"token_refreshed","actor_id":"97b9308e-c98d-4b69-8666-a2744b0e8e94","actor_name":"Especialista Teste 19116","actor_username":"especialista@prolineauto.com.br","actor_via_sso":false,"log_type":"token"}', '2025-09-20 20:44:16.49504+00', ''),
	('00000000-0000-0000-0000-000000000000', '439bf198-2f27-4c5f-884e-98f993b61fd2', '{"action":"token_revoked","actor_id":"97b9308e-c98d-4b69-8666-a2744b0e8e94","actor_name":"Especialista Teste 19116","actor_username":"especialista@prolineauto.com.br","actor_via_sso":false,"log_type":"token"}', '2025-09-20 20:44:16.495965+00', ''),
	('00000000-0000-0000-0000-000000000000', '7ea3b3ce-9f90-4a65-a02c-9a6a8a4bc529', '{"action":"token_refreshed","actor_id":"54a01a20-c4dc-4da5-9f1d-493b3bccf052","actor_name":"Parceiro Mecânica","actor_username":"mecanica@parceiro.com","actor_via_sso":false,"log_type":"token"}', '2025-09-20 20:58:57.939925+00', ''),
	('00000000-0000-0000-0000-000000000000', '2357b28b-408a-4861-ad96-23d12267be88', '{"action":"token_revoked","actor_id":"54a01a20-c4dc-4da5-9f1d-493b3bccf052","actor_name":"Parceiro Mecânica","actor_username":"mecanica@parceiro.com","actor_via_sso":false,"log_type":"token"}', '2025-09-20 20:58:57.940805+00', ''),
	('00000000-0000-0000-0000-000000000000', 'c0270832-03b8-481e-8c71-dbd5ddadc4f5', '{"action":"token_refreshed","actor_id":"97b9308e-c98d-4b69-8666-a2744b0e8e94","actor_name":"Especialista Teste 19116","actor_username":"especialista@prolineauto.com.br","actor_via_sso":false,"log_type":"token"}', '2025-09-20 21:42:16.541916+00', ''),
	('00000000-0000-0000-0000-000000000000', 'a2484a37-ef92-46c0-9c90-c2f7e372dee8', '{"action":"token_revoked","actor_id":"97b9308e-c98d-4b69-8666-a2744b0e8e94","actor_name":"Especialista Teste 19116","actor_username":"especialista@prolineauto.com.br","actor_via_sso":false,"log_type":"token"}', '2025-09-20 21:42:16.542829+00', ''),
	('00000000-0000-0000-0000-000000000000', '1dad1091-d7fe-4d39-a7d3-d06888595c39', '{"action":"token_refreshed","actor_id":"54a01a20-c4dc-4da5-9f1d-493b3bccf052","actor_name":"Parceiro Mecânica","actor_username":"mecanica@parceiro.com","actor_via_sso":false,"log_type":"token"}', '2025-09-20 21:56:58.00361+00', ''),
	('00000000-0000-0000-0000-000000000000', 'ac22e151-7715-424c-9baa-7529ac976e9f', '{"action":"token_revoked","actor_id":"54a01a20-c4dc-4da5-9f1d-493b3bccf052","actor_name":"Parceiro Mecânica","actor_username":"mecanica@parceiro.com","actor_via_sso":false,"log_type":"token"}', '2025-09-20 21:56:58.003985+00', ''),
	('00000000-0000-0000-0000-000000000000', 'bde2d420-e89f-4071-9826-015bbf0ea7b2', '{"action":"token_refreshed","actor_id":"97b9308e-c98d-4b69-8666-a2744b0e8e94","actor_name":"Especialista Teste 19116","actor_username":"especialista@prolineauto.com.br","actor_via_sso":false,"log_type":"token"}', '2025-09-20 22:40:16.58431+00', ''),
	('00000000-0000-0000-0000-000000000000', '1c0f8ecd-97d6-402e-b034-74c4db0ebb86', '{"action":"token_revoked","actor_id":"97b9308e-c98d-4b69-8666-a2744b0e8e94","actor_name":"Especialista Teste 19116","actor_username":"especialista@prolineauto.com.br","actor_via_sso":false,"log_type":"token"}', '2025-09-20 22:40:16.584965+00', ''),
	('00000000-0000-0000-0000-000000000000', '62d12b5d-ced4-485f-8384-b622b5c8fd1c', '{"action":"token_refreshed","actor_id":"54a01a20-c4dc-4da5-9f1d-493b3bccf052","actor_name":"Parceiro Mecânica","actor_username":"mecanica@parceiro.com","actor_via_sso":false,"log_type":"token"}', '2025-09-20 22:55:28.011574+00', ''),
	('00000000-0000-0000-0000-000000000000', '09139d08-5b28-4fdd-9fed-114c87c952af', '{"action":"token_revoked","actor_id":"54a01a20-c4dc-4da5-9f1d-493b3bccf052","actor_name":"Parceiro Mecânica","actor_username":"mecanica@parceiro.com","actor_via_sso":false,"log_type":"token"}', '2025-09-20 22:55:28.012064+00', ''),
	('00000000-0000-0000-0000-000000000000', '1151d05e-9c37-499b-bc59-22dff52fcd01', '{"action":"token_refreshed","actor_id":"c80f98b9-2141-4afb-94a2-d8bfbc8de50e","actor_name":"Cliente Teste 13994","actor_username":"cliente@prolineauto.com.br","actor_via_sso":false,"log_type":"token"}', '2025-09-20 23:10:25.730156+00', ''),
	('00000000-0000-0000-0000-000000000000', 'e367cb9c-c636-448b-adc1-e090e7f4ec9d', '{"action":"token_revoked","actor_id":"c80f98b9-2141-4afb-94a2-d8bfbc8de50e","actor_name":"Cliente Teste 13994","actor_username":"cliente@prolineauto.com.br","actor_via_sso":false,"log_type":"token"}', '2025-09-20 23:10:25.730707+00', ''),
	('00000000-0000-0000-0000-000000000000', '198d887f-8478-4b67-9d90-6306c3e82831', '{"action":"token_refreshed","actor_id":"97b9308e-c98d-4b69-8666-a2744b0e8e94","actor_name":"Especialista Teste 19116","actor_username":"especialista@prolineauto.com.br","actor_via_sso":false,"log_type":"token"}', '2025-09-20 23:38:16.559664+00', ''),
	('00000000-0000-0000-0000-000000000000', 'be6b509e-7bfc-4a55-88ac-9d6f0812552e', '{"action":"token_revoked","actor_id":"97b9308e-c98d-4b69-8666-a2744b0e8e94","actor_name":"Especialista Teste 19116","actor_username":"especialista@prolineauto.com.br","actor_via_sso":false,"log_type":"token"}', '2025-09-20 23:38:16.56028+00', ''),
	('00000000-0000-0000-0000-000000000000', '9cb0ab9f-c558-4b41-8046-20255e6419ce', '{"action":"token_refreshed","actor_id":"54a01a20-c4dc-4da5-9f1d-493b3bccf052","actor_name":"Parceiro Mecânica","actor_username":"mecanica@parceiro.com","actor_via_sso":false,"log_type":"token"}', '2025-09-20 23:53:29.544331+00', ''),
	('00000000-0000-0000-0000-000000000000', '6ac87b00-f637-4ef7-a33f-c1191e199bb5', '{"action":"token_revoked","actor_id":"54a01a20-c4dc-4da5-9f1d-493b3bccf052","actor_name":"Parceiro Mecânica","actor_username":"mecanica@parceiro.com","actor_via_sso":false,"log_type":"token"}', '2025-09-20 23:53:29.545122+00', ''),
	('00000000-0000-0000-0000-000000000000', 'd50dff42-83a0-443a-aef8-aa6bb511f128', '{"action":"token_refreshed","actor_id":"97b9308e-c98d-4b69-8666-a2744b0e8e94","actor_name":"Especialista Teste 19116","actor_username":"especialista@prolineauto.com.br","actor_via_sso":false,"log_type":"token"}', '2025-09-21 00:36:16.6005+00', ''),
	('00000000-0000-0000-0000-000000000000', 'f831a044-8d99-4bf2-90f0-86bf4ad5ccf9', '{"action":"token_revoked","actor_id":"97b9308e-c98d-4b69-8666-a2744b0e8e94","actor_name":"Especialista Teste 19116","actor_username":"especialista@prolineauto.com.br","actor_via_sso":false,"log_type":"token"}', '2025-09-21 00:36:16.601964+00', ''),
	('00000000-0000-0000-0000-000000000000', '3374e546-c85a-4867-b865-875ae3ecb843', '{"action":"token_refreshed","actor_id":"54a01a20-c4dc-4da5-9f1d-493b3bccf052","actor_name":"Parceiro Mecânica","actor_username":"mecanica@parceiro.com","actor_via_sso":false,"log_type":"token"}', '2025-09-21 00:51:29.536871+00', ''),
	('00000000-0000-0000-0000-000000000000', '09b06071-0698-49d6-b744-cd4b0bf09cdf', '{"action":"token_revoked","actor_id":"54a01a20-c4dc-4da5-9f1d-493b3bccf052","actor_name":"Parceiro Mecânica","actor_username":"mecanica@parceiro.com","actor_via_sso":false,"log_type":"token"}', '2025-09-21 00:51:29.537845+00', ''),
	('00000000-0000-0000-0000-000000000000', '3387c558-e90e-4e50-9776-2618d13b15f0', '{"action":"token_refreshed","actor_id":"97b9308e-c98d-4b69-8666-a2744b0e8e94","actor_name":"Especialista Teste 19116","actor_username":"especialista@prolineauto.com.br","actor_via_sso":false,"log_type":"token"}', '2025-09-21 01:34:16.670287+00', ''),
	('00000000-0000-0000-0000-000000000000', '83ba3c28-d4e8-45e2-8ad2-b28d627c0c48', '{"action":"token_revoked","actor_id":"97b9308e-c98d-4b69-8666-a2744b0e8e94","actor_name":"Especialista Teste 19116","actor_username":"especialista@prolineauto.com.br","actor_via_sso":false,"log_type":"token"}', '2025-09-21 01:34:16.670913+00', ''),
	('00000000-0000-0000-0000-000000000000', 'fb3f8d88-7376-4275-9188-e0d33aff575f', '{"action":"token_refreshed","actor_id":"54a01a20-c4dc-4da5-9f1d-493b3bccf052","actor_name":"Parceiro Mecânica","actor_username":"mecanica@parceiro.com","actor_via_sso":false,"log_type":"token"}', '2025-09-21 01:49:29.578203+00', ''),
	('00000000-0000-0000-0000-000000000000', '01123fc4-8b04-41f8-b27d-d6ce56337944', '{"action":"token_revoked","actor_id":"54a01a20-c4dc-4da5-9f1d-493b3bccf052","actor_name":"Parceiro Mecânica","actor_username":"mecanica@parceiro.com","actor_via_sso":false,"log_type":"token"}', '2025-09-21 01:49:29.579147+00', ''),
	('00000000-0000-0000-0000-000000000000', '6016fb7b-535b-4707-a901-88bc244fd1fa', '{"action":"token_refreshed","actor_id":"97b9308e-c98d-4b69-8666-a2744b0e8e94","actor_name":"Especialista Teste 19116","actor_username":"especialista@prolineauto.com.br","actor_via_sso":false,"log_type":"token"}', '2025-09-21 02:32:16.670698+00', ''),
	('00000000-0000-0000-0000-000000000000', '55e05b6b-eae7-4054-87d5-289098bf1449', '{"action":"token_revoked","actor_id":"97b9308e-c98d-4b69-8666-a2744b0e8e94","actor_name":"Especialista Teste 19116","actor_username":"especialista@prolineauto.com.br","actor_via_sso":false,"log_type":"token"}', '2025-09-21 02:32:16.671506+00', ''),
	('00000000-0000-0000-0000-000000000000', '22c7bb99-9867-45eb-bbfa-6f02afc6278f', '{"action":"token_refreshed","actor_id":"54a01a20-c4dc-4da5-9f1d-493b3bccf052","actor_name":"Parceiro Mecânica","actor_username":"mecanica@parceiro.com","actor_via_sso":false,"log_type":"token"}', '2025-09-21 02:47:29.608849+00', ''),
	('00000000-0000-0000-0000-000000000000', '2977d607-bef5-468c-a74d-cc72cc1a6e7f', '{"action":"token_revoked","actor_id":"54a01a20-c4dc-4da5-9f1d-493b3bccf052","actor_name":"Parceiro Mecânica","actor_username":"mecanica@parceiro.com","actor_via_sso":false,"log_type":"token"}', '2025-09-21 02:47:29.609451+00', ''),
	('00000000-0000-0000-0000-000000000000', '4e419f4e-1855-442d-a160-11e350d904a4', '{"action":"token_refreshed","actor_id":"97b9308e-c98d-4b69-8666-a2744b0e8e94","actor_name":"Especialista Teste 19116","actor_username":"especialista@prolineauto.com.br","actor_via_sso":false,"log_type":"token"}', '2025-09-21 03:30:16.709109+00', ''),
	('00000000-0000-0000-0000-000000000000', 'f43630ea-3ea2-4317-bcb8-ab69ad4b8497', '{"action":"token_revoked","actor_id":"97b9308e-c98d-4b69-8666-a2744b0e8e94","actor_name":"Especialista Teste 19116","actor_username":"especialista@prolineauto.com.br","actor_via_sso":false,"log_type":"token"}', '2025-09-21 03:30:16.70961+00', ''),
	('00000000-0000-0000-0000-000000000000', '91f6c7de-fc1b-4ed9-a03a-df06ac25842c', '{"action":"token_refreshed","actor_id":"54a01a20-c4dc-4da5-9f1d-493b3bccf052","actor_name":"Parceiro Mecânica","actor_username":"mecanica@parceiro.com","actor_via_sso":false,"log_type":"token"}', '2025-09-21 03:45:29.740082+00', ''),
	('00000000-0000-0000-0000-000000000000', '93e72e74-ff9a-4352-a599-5e00649ec867', '{"action":"token_revoked","actor_id":"54a01a20-c4dc-4da5-9f1d-493b3bccf052","actor_name":"Parceiro Mecânica","actor_username":"mecanica@parceiro.com","actor_via_sso":false,"log_type":"token"}', '2025-09-21 03:45:29.741036+00', ''),
	('00000000-0000-0000-0000-000000000000', 'c53cbe8b-9c6e-4454-8a95-b9337e7e1dcc', '{"action":"token_refreshed","actor_id":"97b9308e-c98d-4b69-8666-a2744b0e8e94","actor_name":"Especialista Teste 19116","actor_username":"especialista@prolineauto.com.br","actor_via_sso":false,"log_type":"token"}', '2025-09-21 04:28:16.799636+00', ''),
	('00000000-0000-0000-0000-000000000000', '3c3f6c2a-9298-4764-a5c8-8830889d2a0a', '{"action":"token_revoked","actor_id":"97b9308e-c98d-4b69-8666-a2744b0e8e94","actor_name":"Especialista Teste 19116","actor_username":"especialista@prolineauto.com.br","actor_via_sso":false,"log_type":"token"}', '2025-09-21 04:28:16.800884+00', ''),
	('00000000-0000-0000-0000-000000000000', 'a4ee717d-e478-464a-930a-9a2df3292673', '{"action":"token_refreshed","actor_id":"54a01a20-c4dc-4da5-9f1d-493b3bccf052","actor_name":"Parceiro Mecânica","actor_username":"mecanica@parceiro.com","actor_via_sso":false,"log_type":"token"}', '2025-09-21 04:43:29.722215+00', ''),
	('00000000-0000-0000-0000-000000000000', '4f08a6f9-9d4f-4ec2-8ee8-8664e827ece7', '{"action":"token_revoked","actor_id":"54a01a20-c4dc-4da5-9f1d-493b3bccf052","actor_name":"Parceiro Mecânica","actor_username":"mecanica@parceiro.com","actor_via_sso":false,"log_type":"token"}', '2025-09-21 04:43:29.724099+00', ''),
	('00000000-0000-0000-0000-000000000000', '32dee8f4-a7ca-4aec-9471-8af34067d418', '{"action":"token_refreshed","actor_id":"97b9308e-c98d-4b69-8666-a2744b0e8e94","actor_name":"Especialista Teste 19116","actor_username":"especialista@prolineauto.com.br","actor_via_sso":false,"log_type":"token"}', '2025-09-21 05:26:16.796249+00', ''),
	('00000000-0000-0000-0000-000000000000', '89760c69-0859-403f-ab04-249ebd778a24', '{"action":"token_revoked","actor_id":"97b9308e-c98d-4b69-8666-a2744b0e8e94","actor_name":"Especialista Teste 19116","actor_username":"especialista@prolineauto.com.br","actor_via_sso":false,"log_type":"token"}', '2025-09-21 05:26:16.797289+00', ''),
	('00000000-0000-0000-0000-000000000000', 'ea26dbb0-2076-4e94-9cf5-46e1ded1ac75', '{"action":"token_refreshed","actor_id":"54a01a20-c4dc-4da5-9f1d-493b3bccf052","actor_name":"Parceiro Mecânica","actor_username":"mecanica@parceiro.com","actor_via_sso":false,"log_type":"token"}', '2025-09-21 05:41:30.245039+00', ''),
	('00000000-0000-0000-0000-000000000000', 'a8813858-3d51-4fa2-b069-066044fa3e02', '{"action":"token_revoked","actor_id":"54a01a20-c4dc-4da5-9f1d-493b3bccf052","actor_name":"Parceiro Mecânica","actor_username":"mecanica@parceiro.com","actor_via_sso":false,"log_type":"token"}', '2025-09-21 05:41:30.245635+00', ''),
	('00000000-0000-0000-0000-000000000000', '1c978aa0-c435-4b55-868a-d71d5ba63eb5', '{"action":"token_refreshed","actor_id":"97b9308e-c98d-4b69-8666-a2744b0e8e94","actor_name":"Especialista Teste 19116","actor_username":"especialista@prolineauto.com.br","actor_via_sso":false,"log_type":"token"}', '2025-09-21 06:24:16.816013+00', ''),
	('00000000-0000-0000-0000-000000000000', 'b0af5f57-4a4c-48bc-9567-83c6f7cd8a78', '{"action":"token_revoked","actor_id":"97b9308e-c98d-4b69-8666-a2744b0e8e94","actor_name":"Especialista Teste 19116","actor_username":"especialista@prolineauto.com.br","actor_via_sso":false,"log_type":"token"}', '2025-09-21 06:24:16.816575+00', ''),
	('00000000-0000-0000-0000-000000000000', '433811a7-0ab3-49b7-ab26-ca645fc2477f', '{"action":"token_refreshed","actor_id":"54a01a20-c4dc-4da5-9f1d-493b3bccf052","actor_name":"Parceiro Mecânica","actor_username":"mecanica@parceiro.com","actor_via_sso":false,"log_type":"token"}', '2025-09-21 06:39:30.262111+00', ''),
	('00000000-0000-0000-0000-000000000000', '2cf136e7-00d3-4e28-8c61-d2a0cbd62f54', '{"action":"token_revoked","actor_id":"54a01a20-c4dc-4da5-9f1d-493b3bccf052","actor_name":"Parceiro Mecânica","actor_username":"mecanica@parceiro.com","actor_via_sso":false,"log_type":"token"}', '2025-09-21 06:39:30.262514+00', ''),
	('00000000-0000-0000-0000-000000000000', '8fb77333-d8be-4367-8414-93a6ef81afbb', '{"action":"token_refreshed","actor_id":"97b9308e-c98d-4b69-8666-a2744b0e8e94","actor_name":"Especialista Teste 19116","actor_username":"especialista@prolineauto.com.br","actor_via_sso":false,"log_type":"token"}', '2025-09-21 07:22:16.863303+00', ''),
	('00000000-0000-0000-0000-000000000000', 'd1a8de01-3f9e-444f-9fe3-55e2066372c0', '{"action":"token_revoked","actor_id":"97b9308e-c98d-4b69-8666-a2744b0e8e94","actor_name":"Especialista Teste 19116","actor_username":"especialista@prolineauto.com.br","actor_via_sso":false,"log_type":"token"}', '2025-09-21 07:22:16.863773+00', ''),
	('00000000-0000-0000-0000-000000000000', 'c47b7061-39d3-45b7-af84-b764eeee2048', '{"action":"token_refreshed","actor_id":"54a01a20-c4dc-4da5-9f1d-493b3bccf052","actor_name":"Parceiro Mecânica","actor_username":"mecanica@parceiro.com","actor_via_sso":false,"log_type":"token"}', '2025-09-21 07:37:30.309414+00', ''),
	('00000000-0000-0000-0000-000000000000', '05dcdedf-52b6-4285-847f-d33a11d2be99', '{"action":"token_revoked","actor_id":"54a01a20-c4dc-4da5-9f1d-493b3bccf052","actor_name":"Parceiro Mecânica","actor_username":"mecanica@parceiro.com","actor_via_sso":false,"log_type":"token"}', '2025-09-21 07:37:30.310012+00', ''),
	('00000000-0000-0000-0000-000000000000', '393da71c-bd0b-44ab-9fb6-6d30a20272d2', '{"action":"token_refreshed","actor_id":"97b9308e-c98d-4b69-8666-a2744b0e8e94","actor_name":"Especialista Teste 19116","actor_username":"especialista@prolineauto.com.br","actor_via_sso":false,"log_type":"token"}', '2025-09-21 08:20:16.910959+00', ''),
	('00000000-0000-0000-0000-000000000000', '90cd1396-d7c0-4247-aed7-f97da5089467', '{"action":"token_revoked","actor_id":"97b9308e-c98d-4b69-8666-a2744b0e8e94","actor_name":"Especialista Teste 19116","actor_username":"especialista@prolineauto.com.br","actor_via_sso":false,"log_type":"token"}', '2025-09-21 08:20:16.911604+00', ''),
	('00000000-0000-0000-0000-000000000000', '7b98b156-fb2c-4176-b018-00005bfe832b', '{"action":"token_refreshed","actor_id":"54a01a20-c4dc-4da5-9f1d-493b3bccf052","actor_name":"Parceiro Mecânica","actor_username":"mecanica@parceiro.com","actor_via_sso":false,"log_type":"token"}', '2025-09-21 08:35:30.367223+00', ''),
	('00000000-0000-0000-0000-000000000000', '2d8ff1a1-6c04-4acc-856e-1ac181430566', '{"action":"token_revoked","actor_id":"54a01a20-c4dc-4da5-9f1d-493b3bccf052","actor_name":"Parceiro Mecânica","actor_username":"mecanica@parceiro.com","actor_via_sso":false,"log_type":"token"}', '2025-09-21 08:35:30.368054+00', ''),
	('00000000-0000-0000-0000-000000000000', 'b310168a-fc35-421a-8de0-9489ffc0d0c7', '{"action":"token_refreshed","actor_id":"97b9308e-c98d-4b69-8666-a2744b0e8e94","actor_name":"Especialista Teste 19116","actor_username":"especialista@prolineauto.com.br","actor_via_sso":false,"log_type":"token"}', '2025-09-21 09:18:16.958116+00', ''),
	('00000000-0000-0000-0000-000000000000', 'da91fa36-0e0f-45ef-9b48-45e9cf2d4512', '{"action":"token_revoked","actor_id":"97b9308e-c98d-4b69-8666-a2744b0e8e94","actor_name":"Especialista Teste 19116","actor_username":"especialista@prolineauto.com.br","actor_via_sso":false,"log_type":"token"}', '2025-09-21 09:18:16.958891+00', ''),
	('00000000-0000-0000-0000-000000000000', '968deb95-84f4-45d8-a94e-30296a3d2be1', '{"action":"token_refreshed","actor_id":"54a01a20-c4dc-4da5-9f1d-493b3bccf052","actor_name":"Parceiro Mecânica","actor_username":"mecanica@parceiro.com","actor_via_sso":false,"log_type":"token"}', '2025-09-21 09:33:30.394636+00', ''),
	('00000000-0000-0000-0000-000000000000', '1cfc9b81-115f-4114-b5ff-e0b8db41409d', '{"action":"token_revoked","actor_id":"54a01a20-c4dc-4da5-9f1d-493b3bccf052","actor_name":"Parceiro Mecânica","actor_username":"mecanica@parceiro.com","actor_via_sso":false,"log_type":"token"}', '2025-09-21 09:33:30.395119+00', ''),
	('00000000-0000-0000-0000-000000000000', '7dc1e3a5-3032-40ac-a61d-837cd5119d9b', '{"action":"token_refreshed","actor_id":"97b9308e-c98d-4b69-8666-a2744b0e8e94","actor_name":"Especialista Teste 19116","actor_username":"especialista@prolineauto.com.br","actor_via_sso":false,"log_type":"token"}', '2025-09-21 10:16:16.998778+00', ''),
	('00000000-0000-0000-0000-000000000000', '9b59b477-1a7d-42f6-8310-702d05c98193', '{"action":"token_revoked","actor_id":"97b9308e-c98d-4b69-8666-a2744b0e8e94","actor_name":"Especialista Teste 19116","actor_username":"especialista@prolineauto.com.br","actor_via_sso":false,"log_type":"token"}', '2025-09-21 10:16:16.999987+00', ''),
	('00000000-0000-0000-0000-000000000000', '1fadd7eb-5a77-4061-9ef7-6426a65b3078', '{"action":"token_refreshed","actor_id":"54a01a20-c4dc-4da5-9f1d-493b3bccf052","actor_name":"Parceiro Mecânica","actor_username":"mecanica@parceiro.com","actor_via_sso":false,"log_type":"token"}', '2025-09-21 10:31:30.439658+00', ''),
	('00000000-0000-0000-0000-000000000000', '80f0baf1-a569-450b-85f7-5ddc6a2d4712', '{"action":"token_revoked","actor_id":"54a01a20-c4dc-4da5-9f1d-493b3bccf052","actor_name":"Parceiro Mecânica","actor_username":"mecanica@parceiro.com","actor_via_sso":false,"log_type":"token"}', '2025-09-21 10:31:30.440174+00', ''),
	('00000000-0000-0000-0000-000000000000', '9a7b8c33-e273-4457-a70a-2a30dd7393d0', '{"action":"token_refreshed","actor_id":"97b9308e-c98d-4b69-8666-a2744b0e8e94","actor_name":"Especialista Teste 19116","actor_username":"especialista@prolineauto.com.br","actor_via_sso":false,"log_type":"token"}', '2025-09-21 11:14:47.060915+00', ''),
	('00000000-0000-0000-0000-000000000000', 'e7b51e69-3c87-4bd2-b653-4dd23837735c', '{"action":"token_revoked","actor_id":"97b9308e-c98d-4b69-8666-a2744b0e8e94","actor_name":"Especialista Teste 19116","actor_username":"especialista@prolineauto.com.br","actor_via_sso":false,"log_type":"token"}', '2025-09-21 11:14:47.061742+00', ''),
	('00000000-0000-0000-0000-000000000000', 'cca3ae23-a176-4dd7-9673-e3cc89563bfa', '{"action":"token_refreshed","actor_id":"54a01a20-c4dc-4da5-9f1d-493b3bccf052","actor_name":"Parceiro Mecânica","actor_username":"mecanica@parceiro.com","actor_via_sso":false,"log_type":"token"}', '2025-09-21 11:29:30.48411+00', ''),
	('00000000-0000-0000-0000-000000000000', 'f1049450-f8d3-4904-9134-613ebbb2d89a', '{"action":"token_revoked","actor_id":"54a01a20-c4dc-4da5-9f1d-493b3bccf052","actor_name":"Parceiro Mecânica","actor_username":"mecanica@parceiro.com","actor_via_sso":false,"log_type":"token"}', '2025-09-21 11:29:30.484696+00', ''),
	('00000000-0000-0000-0000-000000000000', '6afc3084-2901-4648-8d91-aa4a5cf044a4', '{"action":"token_refreshed","actor_id":"97b9308e-c98d-4b69-8666-a2744b0e8e94","actor_name":"Especialista Teste 19116","actor_username":"especialista@prolineauto.com.br","actor_via_sso":false,"log_type":"token"}', '2025-09-21 12:12:47.129851+00', ''),
	('00000000-0000-0000-0000-000000000000', '5990fd9d-4fbb-428c-b796-e16e9ef0cf9a', '{"action":"token_revoked","actor_id":"97b9308e-c98d-4b69-8666-a2744b0e8e94","actor_name":"Especialista Teste 19116","actor_username":"especialista@prolineauto.com.br","actor_via_sso":false,"log_type":"token"}', '2025-09-21 12:12:47.130924+00', ''),
	('00000000-0000-0000-0000-000000000000', 'd0c8b087-eea5-409e-9045-b27a225736ec', '{"action":"token_refreshed","actor_id":"54a01a20-c4dc-4da5-9f1d-493b3bccf052","actor_name":"Parceiro Mecânica","actor_username":"mecanica@parceiro.com","actor_via_sso":false,"log_type":"token"}', '2025-09-21 12:27:30.526682+00', ''),
	('00000000-0000-0000-0000-000000000000', '57677b02-e7d3-4775-bafb-83dc3ce63e50', '{"action":"token_revoked","actor_id":"54a01a20-c4dc-4da5-9f1d-493b3bccf052","actor_name":"Parceiro Mecânica","actor_username":"mecanica@parceiro.com","actor_via_sso":false,"log_type":"token"}', '2025-09-21 12:27:30.527452+00', ''),
	('00000000-0000-0000-0000-000000000000', '0755c48c-bee3-4895-a816-40a1e6db425d', '{"action":"token_refreshed","actor_id":"97b9308e-c98d-4b69-8666-a2744b0e8e94","actor_name":"Especialista Teste 19116","actor_username":"especialista@prolineauto.com.br","actor_via_sso":false,"log_type":"token"}', '2025-09-21 13:10:47.157605+00', ''),
	('00000000-0000-0000-0000-000000000000', '42699993-a895-49d2-b086-76dd92ec151d', '{"action":"token_revoked","actor_id":"97b9308e-c98d-4b69-8666-a2744b0e8e94","actor_name":"Especialista Teste 19116","actor_username":"especialista@prolineauto.com.br","actor_via_sso":false,"log_type":"token"}', '2025-09-21 13:10:47.158168+00', ''),
	('00000000-0000-0000-0000-000000000000', '754da6b5-943f-4675-87f8-4154d828a8f5', '{"action":"token_refreshed","actor_id":"54a01a20-c4dc-4da5-9f1d-493b3bccf052","actor_name":"Parceiro Mecânica","actor_username":"mecanica@parceiro.com","actor_via_sso":false,"log_type":"token"}', '2025-09-21 13:25:30.609516+00', ''),
	('00000000-0000-0000-0000-000000000000', 'd09e4adc-68fa-4a98-b495-899dc2f8a9a9', '{"action":"token_revoked","actor_id":"54a01a20-c4dc-4da5-9f1d-493b3bccf052","actor_name":"Parceiro Mecânica","actor_username":"mecanica@parceiro.com","actor_via_sso":false,"log_type":"token"}', '2025-09-21 13:25:30.610423+00', ''),
	('00000000-0000-0000-0000-000000000000', '3ffe80e2-8b99-4aa1-a9f2-cdabd694dba2', '{"action":"token_refreshed","actor_id":"97b9308e-c98d-4b69-8666-a2744b0e8e94","actor_name":"Especialista Teste 19116","actor_username":"especialista@prolineauto.com.br","actor_via_sso":false,"log_type":"token"}', '2025-09-21 14:08:47.292324+00', ''),
	('00000000-0000-0000-0000-000000000000', '0872949c-e078-4f05-be25-0bd376e37025', '{"action":"token_revoked","actor_id":"97b9308e-c98d-4b69-8666-a2744b0e8e94","actor_name":"Especialista Teste 19116","actor_username":"especialista@prolineauto.com.br","actor_via_sso":false,"log_type":"token"}', '2025-09-21 14:08:47.292843+00', ''),
	('00000000-0000-0000-0000-000000000000', '30be70ac-e4db-43c7-bb05-f3b52e193906', '{"action":"token_refreshed","actor_id":"54a01a20-c4dc-4da5-9f1d-493b3bccf052","actor_name":"Parceiro Mecânica","actor_username":"mecanica@parceiro.com","actor_via_sso":false,"log_type":"token"}', '2025-09-21 14:23:30.636179+00', ''),
	('00000000-0000-0000-0000-000000000000', '50f1090a-10f7-46a0-9178-b1ff57be83e5', '{"action":"token_revoked","actor_id":"54a01a20-c4dc-4da5-9f1d-493b3bccf052","actor_name":"Parceiro Mecânica","actor_username":"mecanica@parceiro.com","actor_via_sso":false,"log_type":"token"}', '2025-09-21 14:23:30.637104+00', ''),
	('00000000-0000-0000-0000-000000000000', 'a3ec96aa-fceb-4845-9f31-ccd54e9ae62e', '{"action":"token_refreshed","actor_id":"97b9308e-c98d-4b69-8666-a2744b0e8e94","actor_name":"Especialista Teste 19116","actor_username":"especialista@prolineauto.com.br","actor_via_sso":false,"log_type":"token"}', '2025-09-21 15:06:47.268536+00', ''),
	('00000000-0000-0000-0000-000000000000', '189e01d2-fe2e-4657-954e-bd8048ac4e37', '{"action":"token_revoked","actor_id":"97b9308e-c98d-4b69-8666-a2744b0e8e94","actor_name":"Especialista Teste 19116","actor_username":"especialista@prolineauto.com.br","actor_via_sso":false,"log_type":"token"}', '2025-09-21 15:06:47.269124+00', ''),
	('00000000-0000-0000-0000-000000000000', 'b205ceae-f152-48fd-836f-58da4d9c40a2', '{"action":"token_refreshed","actor_id":"54a01a20-c4dc-4da5-9f1d-493b3bccf052","actor_name":"Parceiro Mecânica","actor_username":"mecanica@parceiro.com","actor_via_sso":false,"log_type":"token"}', '2025-09-21 15:21:30.679733+00', ''),
	('00000000-0000-0000-0000-000000000000', 'cc84f826-5965-428f-9a66-9e1108fd6ea9', '{"action":"token_revoked","actor_id":"54a01a20-c4dc-4da5-9f1d-493b3bccf052","actor_name":"Parceiro Mecânica","actor_username":"mecanica@parceiro.com","actor_via_sso":false,"log_type":"token"}', '2025-09-21 15:21:30.680419+00', ''),
	('00000000-0000-0000-0000-000000000000', 'ba20c580-8f68-4f66-9141-bd370f8267fc', '{"action":"token_refreshed","actor_id":"97b9308e-c98d-4b69-8666-a2744b0e8e94","actor_name":"Especialista Teste 19116","actor_username":"especialista@prolineauto.com.br","actor_via_sso":false,"log_type":"token"}', '2025-09-21 16:04:47.28106+00', ''),
	('00000000-0000-0000-0000-000000000000', '912698fc-0b2f-440c-a589-7d0667c4c072', '{"action":"token_revoked","actor_id":"97b9308e-c98d-4b69-8666-a2744b0e8e94","actor_name":"Especialista Teste 19116","actor_username":"especialista@prolineauto.com.br","actor_via_sso":false,"log_type":"token"}', '2025-09-21 16:04:47.281618+00', ''),
	('00000000-0000-0000-0000-000000000000', '0d4de772-5e3e-4f05-9c95-b245663c9293', '{"action":"token_refreshed","actor_id":"54a01a20-c4dc-4da5-9f1d-493b3bccf052","actor_name":"Parceiro Mecânica","actor_username":"mecanica@parceiro.com","actor_via_sso":false,"log_type":"token"}', '2025-09-21 16:19:30.751404+00', ''),
	('00000000-0000-0000-0000-000000000000', '69cf35a4-6030-437a-932c-1775b76acaba', '{"action":"token_revoked","actor_id":"54a01a20-c4dc-4da5-9f1d-493b3bccf052","actor_name":"Parceiro Mecânica","actor_username":"mecanica@parceiro.com","actor_via_sso":false,"log_type":"token"}', '2025-09-21 16:19:30.752281+00', ''),
	('00000000-0000-0000-0000-000000000000', '99e4234d-3828-4ba8-a95d-7f7428a2339b', '{"action":"token_refreshed","actor_id":"97b9308e-c98d-4b69-8666-a2744b0e8e94","actor_name":"Especialista Teste 19116","actor_username":"especialista@prolineauto.com.br","actor_via_sso":false,"log_type":"token"}', '2025-09-21 17:02:47.319602+00', ''),
	('00000000-0000-0000-0000-000000000000', 'e9804bbe-39e5-443e-91a4-5c0f4c57ab3d', '{"action":"token_revoked","actor_id":"97b9308e-c98d-4b69-8666-a2744b0e8e94","actor_name":"Especialista Teste 19116","actor_username":"especialista@prolineauto.com.br","actor_via_sso":false,"log_type":"token"}', '2025-09-21 17:02:47.320353+00', ''),
	('00000000-0000-0000-0000-000000000000', '717c9b05-58f5-42a5-b4e0-4221f8018168', '{"action":"token_refreshed","actor_id":"54a01a20-c4dc-4da5-9f1d-493b3bccf052","actor_name":"Parceiro Mecânica","actor_username":"mecanica@parceiro.com","actor_via_sso":false,"log_type":"token"}', '2025-09-21 17:17:30.757769+00', ''),
	('00000000-0000-0000-0000-000000000000', '9110c4b2-ff54-4271-bb4e-ec4bbbfd7860', '{"action":"token_revoked","actor_id":"54a01a20-c4dc-4da5-9f1d-493b3bccf052","actor_name":"Parceiro Mecânica","actor_username":"mecanica@parceiro.com","actor_via_sso":false,"log_type":"token"}', '2025-09-21 17:17:30.75859+00', ''),
	('00000000-0000-0000-0000-000000000000', 'ab615a2a-d5c7-463f-9627-81f65b50d7bd', '{"action":"token_refreshed","actor_id":"97b9308e-c98d-4b69-8666-a2744b0e8e94","actor_name":"Especialista Teste 19116","actor_username":"especialista@prolineauto.com.br","actor_via_sso":false,"log_type":"token"}', '2025-09-21 18:00:47.367355+00', ''),
	('00000000-0000-0000-0000-000000000000', 'b1c4c220-82c1-4d79-bab2-23976ac37e04', '{"action":"token_revoked","actor_id":"97b9308e-c98d-4b69-8666-a2744b0e8e94","actor_name":"Especialista Teste 19116","actor_username":"especialista@prolineauto.com.br","actor_via_sso":false,"log_type":"token"}', '2025-09-21 18:00:47.36793+00', ''),
	('00000000-0000-0000-0000-000000000000', '126007d5-09ff-4af6-b283-dbade9374c53', '{"action":"token_refreshed","actor_id":"54a01a20-c4dc-4da5-9f1d-493b3bccf052","actor_name":"Parceiro Mecânica","actor_username":"mecanica@parceiro.com","actor_via_sso":false,"log_type":"token"}', '2025-09-21 18:15:30.795085+00', ''),
	('00000000-0000-0000-0000-000000000000', '1089b7ea-a851-45d2-a05d-195e1c6d25ef', '{"action":"token_revoked","actor_id":"54a01a20-c4dc-4da5-9f1d-493b3bccf052","actor_name":"Parceiro Mecânica","actor_username":"mecanica@parceiro.com","actor_via_sso":false,"log_type":"token"}', '2025-09-21 18:15:30.795643+00', ''),
	('00000000-0000-0000-0000-000000000000', 'bd189f37-4ad1-42dc-8f43-4182418ef548', '{"action":"token_refreshed","actor_id":"97b9308e-c98d-4b69-8666-a2744b0e8e94","actor_name":"Especialista Teste 19116","actor_username":"especialista@prolineauto.com.br","actor_via_sso":false,"log_type":"token"}', '2025-09-21 18:58:47.441226+00', ''),
	('00000000-0000-0000-0000-000000000000', 'be1766af-bc50-45cd-96c9-f70162bdc316', '{"action":"token_revoked","actor_id":"97b9308e-c98d-4b69-8666-a2744b0e8e94","actor_name":"Especialista Teste 19116","actor_username":"especialista@prolineauto.com.br","actor_via_sso":false,"log_type":"token"}', '2025-09-21 18:58:47.441622+00', ''),
	('00000000-0000-0000-0000-000000000000', '90c872e1-2691-470c-a12e-905b9aaed580', '{"action":"token_refreshed","actor_id":"54a01a20-c4dc-4da5-9f1d-493b3bccf052","actor_name":"Parceiro Mecânica","actor_username":"mecanica@parceiro.com","actor_via_sso":false,"log_type":"token"}', '2025-09-21 19:13:30.832769+00', ''),
	('00000000-0000-0000-0000-000000000000', '6cb1b927-c6d1-4258-8486-60b34d6b920e', '{"action":"token_revoked","actor_id":"54a01a20-c4dc-4da5-9f1d-493b3bccf052","actor_name":"Parceiro Mecânica","actor_username":"mecanica@parceiro.com","actor_via_sso":false,"log_type":"token"}', '2025-09-21 19:13:30.833299+00', ''),
	('00000000-0000-0000-0000-000000000000', 'ba17295b-ea43-4be2-bc35-397a5049fa55', '{"action":"token_refreshed","actor_id":"97b9308e-c98d-4b69-8666-a2744b0e8e94","actor_name":"Especialista Teste 19116","actor_username":"especialista@prolineauto.com.br","actor_via_sso":false,"log_type":"token"}', '2025-09-21 19:56:47.491706+00', ''),
	('00000000-0000-0000-0000-000000000000', 'bf3491e0-36f8-4b36-8d35-37df187fe8e9', '{"action":"token_revoked","actor_id":"97b9308e-c98d-4b69-8666-a2744b0e8e94","actor_name":"Especialista Teste 19116","actor_username":"especialista@prolineauto.com.br","actor_via_sso":false,"log_type":"token"}', '2025-09-21 19:56:47.492676+00', ''),
	('00000000-0000-0000-0000-000000000000', '2ab9135c-83a1-499f-96b8-94bcfb501c57', '{"action":"token_refreshed","actor_id":"54a01a20-c4dc-4da5-9f1d-493b3bccf052","actor_name":"Parceiro Mecânica","actor_username":"mecanica@parceiro.com","actor_via_sso":false,"log_type":"token"}', '2025-09-21 20:11:30.923003+00', ''),
	('00000000-0000-0000-0000-000000000000', '6f7fffc7-9cc1-4e27-8d4c-bef42f4bcb6a', '{"action":"token_revoked","actor_id":"54a01a20-c4dc-4da5-9f1d-493b3bccf052","actor_name":"Parceiro Mecânica","actor_username":"mecanica@parceiro.com","actor_via_sso":false,"log_type":"token"}', '2025-09-21 20:11:30.924202+00', ''),
	('00000000-0000-0000-0000-000000000000', '9691590d-cb1b-49e4-a87b-ff095a6167fe', '{"action":"token_refreshed","actor_id":"97b9308e-c98d-4b69-8666-a2744b0e8e94","actor_name":"Especialista Teste 19116","actor_username":"especialista@prolineauto.com.br","actor_via_sso":false,"log_type":"token"}', '2025-09-21 20:54:47.503003+00', ''),
	('00000000-0000-0000-0000-000000000000', '13cd3112-efa6-44df-b492-bb32bf8ba9f0', '{"action":"token_revoked","actor_id":"97b9308e-c98d-4b69-8666-a2744b0e8e94","actor_name":"Especialista Teste 19116","actor_username":"especialista@prolineauto.com.br","actor_via_sso":false,"log_type":"token"}', '2025-09-21 20:54:47.503873+00', ''),
	('00000000-0000-0000-0000-000000000000', '02cd99a8-6240-4c69-a5f4-9b2c83b42bf3', '{"action":"token_refreshed","actor_id":"54a01a20-c4dc-4da5-9f1d-493b3bccf052","actor_name":"Parceiro Mecânica","actor_username":"mecanica@parceiro.com","actor_via_sso":false,"log_type":"token"}', '2025-09-21 21:09:30.944819+00', ''),
	('00000000-0000-0000-0000-000000000000', '833d010a-1226-4e60-a56e-5059cf27014f', '{"action":"token_revoked","actor_id":"54a01a20-c4dc-4da5-9f1d-493b3bccf052","actor_name":"Parceiro Mecânica","actor_username":"mecanica@parceiro.com","actor_via_sso":false,"log_type":"token"}', '2025-09-21 21:09:30.945378+00', ''),
	('00000000-0000-0000-0000-000000000000', '8288053e-1e2a-4bad-a2b3-5de344ccd768', '{"action":"token_refreshed","actor_id":"97b9308e-c98d-4b69-8666-a2744b0e8e94","actor_name":"Especialista Teste 19116","actor_username":"especialista@prolineauto.com.br","actor_via_sso":false,"log_type":"token"}', '2025-09-21 21:52:47.53512+00', ''),
	('00000000-0000-0000-0000-000000000000', '84ecd896-6ca2-4521-b167-6dd8503aea1e', '{"action":"token_revoked","actor_id":"97b9308e-c98d-4b69-8666-a2744b0e8e94","actor_name":"Especialista Teste 19116","actor_username":"especialista@prolineauto.com.br","actor_via_sso":false,"log_type":"token"}', '2025-09-21 21:52:47.536117+00', ''),
	('00000000-0000-0000-0000-000000000000', 'c9b51baf-6cc9-400c-ac84-8fdfb18f5313', '{"action":"token_refreshed","actor_id":"54a01a20-c4dc-4da5-9f1d-493b3bccf052","actor_name":"Parceiro Mecânica","actor_username":"mecanica@parceiro.com","actor_via_sso":false,"log_type":"token"}', '2025-09-21 22:07:31.042282+00', ''),
	('00000000-0000-0000-0000-000000000000', '4e2fcdea-0201-43c2-8b51-ca831aa9928b', '{"action":"token_revoked","actor_id":"54a01a20-c4dc-4da5-9f1d-493b3bccf052","actor_name":"Parceiro Mecânica","actor_username":"mecanica@parceiro.com","actor_via_sso":false,"log_type":"token"}', '2025-09-21 22:07:31.04304+00', ''),
	('00000000-0000-0000-0000-000000000000', '93d944ee-b4da-4786-85cd-9c28c7cbb12f', '{"action":"token_refreshed","actor_id":"97b9308e-c98d-4b69-8666-a2744b0e8e94","actor_name":"Especialista Teste 19116","actor_username":"especialista@prolineauto.com.br","actor_via_sso":false,"log_type":"token"}', '2025-09-21 22:50:47.581166+00', ''),
	('00000000-0000-0000-0000-000000000000', 'fb83795b-a86e-424d-9e40-2ea41761df2c', '{"action":"token_revoked","actor_id":"97b9308e-c98d-4b69-8666-a2744b0e8e94","actor_name":"Especialista Teste 19116","actor_username":"especialista@prolineauto.com.br","actor_via_sso":false,"log_type":"token"}', '2025-09-21 22:50:47.581916+00', ''),
	('00000000-0000-0000-0000-000000000000', 'ef2d1dfe-1c66-4c66-b4f4-2b868f1f2ad0', '{"action":"token_refreshed","actor_id":"54a01a20-c4dc-4da5-9f1d-493b3bccf052","actor_name":"Parceiro Mecânica","actor_username":"mecanica@parceiro.com","actor_via_sso":false,"log_type":"token"}', '2025-09-21 23:06:01.065057+00', ''),
	('00000000-0000-0000-0000-000000000000', 'd5354634-d661-407a-be6e-01345f7192f0', '{"action":"token_revoked","actor_id":"54a01a20-c4dc-4da5-9f1d-493b3bccf052","actor_name":"Parceiro Mecânica","actor_username":"mecanica@parceiro.com","actor_via_sso":false,"log_type":"token"}', '2025-09-21 23:06:01.065742+00', ''),
	('00000000-0000-0000-0000-000000000000', '76d55fab-67a3-44fa-8281-fd6c2f6c2dc7', '{"action":"token_refreshed","actor_id":"97b9308e-c98d-4b69-8666-a2744b0e8e94","actor_name":"Especialista Teste 19116","actor_username":"especialista@prolineauto.com.br","actor_via_sso":false,"log_type":"token"}', '2025-09-21 23:48:47.675868+00', ''),
	('00000000-0000-0000-0000-000000000000', 'd3f1a446-d728-485f-aa8d-71d6c876d48a', '{"action":"token_revoked","actor_id":"97b9308e-c98d-4b69-8666-a2744b0e8e94","actor_name":"Especialista Teste 19116","actor_username":"especialista@prolineauto.com.br","actor_via_sso":false,"log_type":"token"}', '2025-09-21 23:48:47.676705+00', ''),
	('00000000-0000-0000-0000-000000000000', '96b9f12f-f6e5-45a5-a270-86dd004b03ed', '{"action":"token_refreshed","actor_id":"54a01a20-c4dc-4da5-9f1d-493b3bccf052","actor_name":"Parceiro Mecânica","actor_username":"mecanica@parceiro.com","actor_via_sso":false,"log_type":"token"}', '2025-09-22 00:04:31.072979+00', ''),
	('00000000-0000-0000-0000-000000000000', 'b0afb744-284f-4ccd-9e25-8a0ee5b63536', '{"action":"token_revoked","actor_id":"54a01a20-c4dc-4da5-9f1d-493b3bccf052","actor_name":"Parceiro Mecânica","actor_username":"mecanica@parceiro.com","actor_via_sso":false,"log_type":"token"}', '2025-09-22 00:04:31.073472+00', ''),
	('00000000-0000-0000-0000-000000000000', 'd7b69266-49db-4d19-82d5-de5f30f9f508', '{"action":"token_refreshed","actor_id":"97b9308e-c98d-4b69-8666-a2744b0e8e94","actor_name":"Especialista Teste 19116","actor_username":"especialista@prolineauto.com.br","actor_via_sso":false,"log_type":"token"}', '2025-09-22 00:46:47.715651+00', ''),
	('00000000-0000-0000-0000-000000000000', '155117dd-b51c-4545-9cfb-26937d004eaa', '{"action":"token_revoked","actor_id":"97b9308e-c98d-4b69-8666-a2744b0e8e94","actor_name":"Especialista Teste 19116","actor_username":"especialista@prolineauto.com.br","actor_via_sso":false,"log_type":"token"}', '2025-09-22 00:46:47.71624+00', ''),
	('00000000-0000-0000-0000-000000000000', '5245a4d6-8893-4a66-9b7e-24176bee3e76', '{"action":"token_refreshed","actor_id":"54a01a20-c4dc-4da5-9f1d-493b3bccf052","actor_name":"Parceiro Mecânica","actor_username":"mecanica@parceiro.com","actor_via_sso":false,"log_type":"token"}', '2025-09-22 01:02:31.163365+00', ''),
	('00000000-0000-0000-0000-000000000000', '01c87b47-2b37-4bfa-92bb-45e17128a715', '{"action":"token_revoked","actor_id":"54a01a20-c4dc-4da5-9f1d-493b3bccf052","actor_name":"Parceiro Mecânica","actor_username":"mecanica@parceiro.com","actor_via_sso":false,"log_type":"token"}', '2025-09-22 01:02:31.164329+00', ''),
	('00000000-0000-0000-0000-000000000000', '3b301332-1738-4c60-a3b8-7c5acfdfc220', '{"action":"token_refreshed","actor_id":"97b9308e-c98d-4b69-8666-a2744b0e8e94","actor_name":"Especialista Teste 19116","actor_username":"especialista@prolineauto.com.br","actor_via_sso":false,"log_type":"token"}', '2025-09-22 01:44:47.821277+00', ''),
	('00000000-0000-0000-0000-000000000000', '14c70e2f-cf2c-45cf-b3c0-ec488d920249', '{"action":"token_revoked","actor_id":"97b9308e-c98d-4b69-8666-a2744b0e8e94","actor_name":"Especialista Teste 19116","actor_username":"especialista@prolineauto.com.br","actor_via_sso":false,"log_type":"token"}', '2025-09-22 01:44:47.822102+00', ''),
	('00000000-0000-0000-0000-000000000000', 'b5c32adf-1843-4b14-8d1d-d4740fdd01f0', '{"action":"token_refreshed","actor_id":"54a01a20-c4dc-4da5-9f1d-493b3bccf052","actor_name":"Parceiro Mecânica","actor_username":"mecanica@parceiro.com","actor_via_sso":false,"log_type":"token"}', '2025-09-22 02:00:31.196894+00', ''),
	('00000000-0000-0000-0000-000000000000', 'b041103c-813c-49e3-a077-5b681cc33c43', '{"action":"token_revoked","actor_id":"54a01a20-c4dc-4da5-9f1d-493b3bccf052","actor_name":"Parceiro Mecânica","actor_username":"mecanica@parceiro.com","actor_via_sso":false,"log_type":"token"}', '2025-09-22 02:00:31.197751+00', ''),
	('00000000-0000-0000-0000-000000000000', '9964c542-7993-4e99-8dec-479dc8255b46', '{"action":"token_refreshed","actor_id":"97b9308e-c98d-4b69-8666-a2744b0e8e94","actor_name":"Especialista Teste 19116","actor_username":"especialista@prolineauto.com.br","actor_via_sso":false,"log_type":"token"}', '2025-09-22 02:42:47.786438+00', ''),
	('00000000-0000-0000-0000-000000000000', '2bb1bc5a-af5a-42ff-b7f8-e202bb1e4a74', '{"action":"token_revoked","actor_id":"97b9308e-c98d-4b69-8666-a2744b0e8e94","actor_name":"Especialista Teste 19116","actor_username":"especialista@prolineauto.com.br","actor_via_sso":false,"log_type":"token"}', '2025-09-22 02:42:47.787389+00', ''),
	('00000000-0000-0000-0000-000000000000', 'e7eefb6a-bd33-47f8-9fb0-8bf1836fd233', '{"action":"token_refreshed","actor_id":"54a01a20-c4dc-4da5-9f1d-493b3bccf052","actor_name":"Parceiro Mecânica","actor_username":"mecanica@parceiro.com","actor_via_sso":false,"log_type":"token"}', '2025-09-22 02:58:31.238863+00', ''),
	('00000000-0000-0000-0000-000000000000', '20a7da46-e2e0-4f62-8698-43a778e8b7b1', '{"action":"token_revoked","actor_id":"54a01a20-c4dc-4da5-9f1d-493b3bccf052","actor_name":"Parceiro Mecânica","actor_username":"mecanica@parceiro.com","actor_via_sso":false,"log_type":"token"}', '2025-09-22 02:58:31.239441+00', ''),
	('00000000-0000-0000-0000-000000000000', '2936d31c-4af2-4d9d-b7ee-e022fe472efc', '{"action":"token_refreshed","actor_id":"97b9308e-c98d-4b69-8666-a2744b0e8e94","actor_name":"Especialista Teste 19116","actor_username":"especialista@prolineauto.com.br","actor_via_sso":false,"log_type":"token"}', '2025-09-22 03:40:47.777539+00', ''),
	('00000000-0000-0000-0000-000000000000', 'b1cbd020-7253-4c23-9449-a119aae20191', '{"action":"token_revoked","actor_id":"97b9308e-c98d-4b69-8666-a2744b0e8e94","actor_name":"Especialista Teste 19116","actor_username":"especialista@prolineauto.com.br","actor_via_sso":false,"log_type":"token"}', '2025-09-22 03:40:47.778158+00', ''),
	('00000000-0000-0000-0000-000000000000', '82116c89-ad96-4b7c-b915-43c746ef000c', '{"action":"token_refreshed","actor_id":"54a01a20-c4dc-4da5-9f1d-493b3bccf052","actor_name":"Parceiro Mecânica","actor_username":"mecanica@parceiro.com","actor_via_sso":false,"log_type":"token"}', '2025-09-22 03:56:31.236772+00', ''),
	('00000000-0000-0000-0000-000000000000', 'ee4ca3a6-d3f4-4933-9fee-9d81b5e0e22e', '{"action":"token_revoked","actor_id":"54a01a20-c4dc-4da5-9f1d-493b3bccf052","actor_name":"Parceiro Mecânica","actor_username":"mecanica@parceiro.com","actor_via_sso":false,"log_type":"token"}', '2025-09-22 03:56:31.237038+00', ''),
	('00000000-0000-0000-0000-000000000000', '9f1ffb64-f0be-406f-99ad-b3328ca5499b', '{"action":"token_refreshed","actor_id":"97b9308e-c98d-4b69-8666-a2744b0e8e94","actor_name":"Especialista Teste 19116","actor_username":"especialista@prolineauto.com.br","actor_via_sso":false,"log_type":"token"}', '2025-09-22 04:38:47.815939+00', ''),
	('00000000-0000-0000-0000-000000000000', '51616456-cc5c-4448-bdfe-32885837d481', '{"action":"token_revoked","actor_id":"97b9308e-c98d-4b69-8666-a2744b0e8e94","actor_name":"Especialista Teste 19116","actor_username":"especialista@prolineauto.com.br","actor_via_sso":false,"log_type":"token"}', '2025-09-22 04:38:47.817371+00', ''),
	('00000000-0000-0000-0000-000000000000', '19f0506c-1753-416e-97cd-856195a05612', '{"action":"token_refreshed","actor_id":"54a01a20-c4dc-4da5-9f1d-493b3bccf052","actor_name":"Parceiro Mecânica","actor_username":"mecanica@parceiro.com","actor_via_sso":false,"log_type":"token"}', '2025-09-22 04:54:31.289996+00', ''),
	('00000000-0000-0000-0000-000000000000', '880102e3-7bb5-4d0d-a327-8a90505a4587', '{"action":"token_revoked","actor_id":"54a01a20-c4dc-4da5-9f1d-493b3bccf052","actor_name":"Parceiro Mecânica","actor_username":"mecanica@parceiro.com","actor_via_sso":false,"log_type":"token"}', '2025-09-22 04:54:31.290546+00', ''),
	('00000000-0000-0000-0000-000000000000', '7adfb46c-4cde-49bb-9ab3-d86232c6eca7', '{"action":"token_refreshed","actor_id":"97b9308e-c98d-4b69-8666-a2744b0e8e94","actor_name":"Especialista Teste 19116","actor_username":"especialista@prolineauto.com.br","actor_via_sso":false,"log_type":"token"}', '2025-09-22 05:36:47.862688+00', ''),
	('00000000-0000-0000-0000-000000000000', '092bc929-ab48-455c-8dfa-7924d4b5bc51', '{"action":"token_revoked","actor_id":"97b9308e-c98d-4b69-8666-a2744b0e8e94","actor_name":"Especialista Teste 19116","actor_username":"especialista@prolineauto.com.br","actor_via_sso":false,"log_type":"token"}', '2025-09-22 05:36:47.863198+00', ''),
	('00000000-0000-0000-0000-000000000000', 'c22cbc43-3d4d-4e33-b431-245e971df905', '{"action":"token_refreshed","actor_id":"54a01a20-c4dc-4da5-9f1d-493b3bccf052","actor_name":"Parceiro Mecânica","actor_username":"mecanica@parceiro.com","actor_via_sso":false,"log_type":"token"}', '2025-09-22 05:52:31.329721+00', ''),
	('00000000-0000-0000-0000-000000000000', 'e6dbb355-92bf-4b94-be79-23eb41597e7e', '{"action":"token_revoked","actor_id":"54a01a20-c4dc-4da5-9f1d-493b3bccf052","actor_name":"Parceiro Mecânica","actor_username":"mecanica@parceiro.com","actor_via_sso":false,"log_type":"token"}', '2025-09-22 05:52:31.330382+00', ''),
	('00000000-0000-0000-0000-000000000000', '5a8f0029-ba8a-4ed8-a54c-87274af7bc34', '{"action":"token_refreshed","actor_id":"97b9308e-c98d-4b69-8666-a2744b0e8e94","actor_name":"Especialista Teste 19116","actor_username":"especialista@prolineauto.com.br","actor_via_sso":false,"log_type":"token"}', '2025-09-22 06:34:47.899648+00', ''),
	('00000000-0000-0000-0000-000000000000', '5e976944-0847-470f-bf5a-4f74538eb0f0', '{"action":"token_revoked","actor_id":"97b9308e-c98d-4b69-8666-a2744b0e8e94","actor_name":"Especialista Teste 19116","actor_username":"especialista@prolineauto.com.br","actor_via_sso":false,"log_type":"token"}', '2025-09-22 06:34:47.900187+00', ''),
	('00000000-0000-0000-0000-000000000000', '14f1ad1d-4fa8-41d5-9c47-b3acc81a67f4', '{"action":"token_refreshed","actor_id":"54a01a20-c4dc-4da5-9f1d-493b3bccf052","actor_name":"Parceiro Mecânica","actor_username":"mecanica@parceiro.com","actor_via_sso":false,"log_type":"token"}', '2025-09-22 06:50:31.387707+00', ''),
	('00000000-0000-0000-0000-000000000000', '6598195c-9133-4f3d-9b60-52d5c2dcf0a6', '{"action":"token_revoked","actor_id":"54a01a20-c4dc-4da5-9f1d-493b3bccf052","actor_name":"Parceiro Mecânica","actor_username":"mecanica@parceiro.com","actor_via_sso":false,"log_type":"token"}', '2025-09-22 06:50:31.388358+00', ''),
	('00000000-0000-0000-0000-000000000000', 'b647ca05-eea1-4b65-b791-7c6b540cfed9', '{"action":"token_refreshed","actor_id":"97b9308e-c98d-4b69-8666-a2744b0e8e94","actor_name":"Especialista Teste 19116","actor_username":"especialista@prolineauto.com.br","actor_via_sso":false,"log_type":"token"}', '2025-09-22 07:32:47.952865+00', ''),
	('00000000-0000-0000-0000-000000000000', 'b4968e19-d082-4d12-818a-b2bed6ce19fb', '{"action":"token_revoked","actor_id":"97b9308e-c98d-4b69-8666-a2744b0e8e94","actor_name":"Especialista Teste 19116","actor_username":"especialista@prolineauto.com.br","actor_via_sso":false,"log_type":"token"}', '2025-09-22 07:32:47.953674+00', ''),
	('00000000-0000-0000-0000-000000000000', '2f47679a-edbc-4480-b232-6ee6e83a5049', '{"action":"token_refreshed","actor_id":"54a01a20-c4dc-4da5-9f1d-493b3bccf052","actor_name":"Parceiro Mecânica","actor_username":"mecanica@parceiro.com","actor_via_sso":false,"log_type":"token"}', '2025-09-22 07:48:31.434829+00', ''),
	('00000000-0000-0000-0000-000000000000', '2e307f51-5a67-4364-a3a4-5d006edb7b4f', '{"action":"token_revoked","actor_id":"54a01a20-c4dc-4da5-9f1d-493b3bccf052","actor_name":"Parceiro Mecânica","actor_username":"mecanica@parceiro.com","actor_via_sso":false,"log_type":"token"}', '2025-09-22 07:48:31.435595+00', ''),
	('00000000-0000-0000-0000-000000000000', '96ba9d98-cccb-4a23-8e0f-1e912a8df862', '{"action":"token_refreshed","actor_id":"97b9308e-c98d-4b69-8666-a2744b0e8e94","actor_name":"Especialista Teste 19116","actor_username":"especialista@prolineauto.com.br","actor_via_sso":false,"log_type":"token"}', '2025-09-22 08:30:47.988974+00', ''),
	('00000000-0000-0000-0000-000000000000', 'ebdb9a2c-baa6-47a2-9c50-5133b9514912', '{"action":"token_revoked","actor_id":"97b9308e-c98d-4b69-8666-a2744b0e8e94","actor_name":"Especialista Teste 19116","actor_username":"especialista@prolineauto.com.br","actor_via_sso":false,"log_type":"token"}', '2025-09-22 08:30:47.990515+00', ''),
	('00000000-0000-0000-0000-000000000000', '909c19a0-10e6-487a-9342-146bb8174b39', '{"action":"token_refreshed","actor_id":"54a01a20-c4dc-4da5-9f1d-493b3bccf052","actor_name":"Parceiro Mecânica","actor_username":"mecanica@parceiro.com","actor_via_sso":false,"log_type":"token"}', '2025-09-22 08:46:31.469669+00', ''),
	('00000000-0000-0000-0000-000000000000', '3e21ba45-0ddf-4fb5-824b-c6c0dcf3c2ec', '{"action":"token_revoked","actor_id":"54a01a20-c4dc-4da5-9f1d-493b3bccf052","actor_name":"Parceiro Mecânica","actor_username":"mecanica@parceiro.com","actor_via_sso":false,"log_type":"token"}', '2025-09-22 08:46:31.470293+00', ''),
	('00000000-0000-0000-0000-000000000000', '1348fec1-26cc-4829-b02a-57e399744f2e', '{"action":"token_refreshed","actor_id":"97b9308e-c98d-4b69-8666-a2744b0e8e94","actor_name":"Especialista Teste 19116","actor_username":"especialista@prolineauto.com.br","actor_via_sso":false,"log_type":"token"}', '2025-09-22 09:28:48.055766+00', ''),
	('00000000-0000-0000-0000-000000000000', 'b638e79a-7882-4600-be93-fb2d7d31f3fe', '{"action":"token_revoked","actor_id":"97b9308e-c98d-4b69-8666-a2744b0e8e94","actor_name":"Especialista Teste 19116","actor_username":"especialista@prolineauto.com.br","actor_via_sso":false,"log_type":"token"}', '2025-09-22 09:28:48.056637+00', ''),
	('00000000-0000-0000-0000-000000000000', '830f17cf-61e9-4cf2-90b7-58d6789786a8', '{"action":"token_refreshed","actor_id":"54a01a20-c4dc-4da5-9f1d-493b3bccf052","actor_name":"Parceiro Mecânica","actor_username":"mecanica@parceiro.com","actor_via_sso":false,"log_type":"token"}', '2025-09-22 09:44:31.521017+00', ''),
	('00000000-0000-0000-0000-000000000000', '84573c8f-71d7-4040-a390-94a8acc97dd1', '{"action":"token_revoked","actor_id":"54a01a20-c4dc-4da5-9f1d-493b3bccf052","actor_name":"Parceiro Mecânica","actor_username":"mecanica@parceiro.com","actor_via_sso":false,"log_type":"token"}', '2025-09-22 09:44:31.521693+00', ''),
	('00000000-0000-0000-0000-000000000000', '6da064c8-c5b5-4b5b-b93d-7222863f11c0', '{"action":"token_refreshed","actor_id":"97b9308e-c98d-4b69-8666-a2744b0e8e94","actor_name":"Especialista Teste 19116","actor_username":"especialista@prolineauto.com.br","actor_via_sso":false,"log_type":"token"}', '2025-09-22 10:26:48.072969+00', ''),
	('00000000-0000-0000-0000-000000000000', 'be6399e2-55ed-4952-8f8a-1d688efabe71', '{"action":"token_revoked","actor_id":"97b9308e-c98d-4b69-8666-a2744b0e8e94","actor_name":"Especialista Teste 19116","actor_username":"especialista@prolineauto.com.br","actor_via_sso":false,"log_type":"token"}', '2025-09-22 10:26:48.073775+00', ''),
	('00000000-0000-0000-0000-000000000000', 'e4345c30-2c47-4e65-9a50-0ecb169427ef', '{"action":"token_refreshed","actor_id":"54a01a20-c4dc-4da5-9f1d-493b3bccf052","actor_name":"Parceiro Mecânica","actor_username":"mecanica@parceiro.com","actor_via_sso":false,"log_type":"token"}', '2025-09-22 10:42:31.550488+00', ''),
	('00000000-0000-0000-0000-000000000000', '6b5b9b1f-86d7-4fd3-ae48-26292c093a0f', '{"action":"token_revoked","actor_id":"54a01a20-c4dc-4da5-9f1d-493b3bccf052","actor_name":"Parceiro Mecânica","actor_username":"mecanica@parceiro.com","actor_via_sso":false,"log_type":"token"}', '2025-09-22 10:42:31.551395+00', ''),
	('00000000-0000-0000-0000-000000000000', '77aca805-3c53-42cb-ac61-b80cc67013db', '{"action":"token_refreshed","actor_id":"97b9308e-c98d-4b69-8666-a2744b0e8e94","actor_name":"Especialista Teste 19116","actor_username":"especialista@prolineauto.com.br","actor_via_sso":false,"log_type":"token"}', '2025-09-22 11:24:48.164529+00', ''),
	('00000000-0000-0000-0000-000000000000', '8d28706e-6a76-459c-8ca1-716f419a0352', '{"action":"token_revoked","actor_id":"97b9308e-c98d-4b69-8666-a2744b0e8e94","actor_name":"Especialista Teste 19116","actor_username":"especialista@prolineauto.com.br","actor_via_sso":false,"log_type":"token"}', '2025-09-22 11:24:48.165094+00', ''),
	('00000000-0000-0000-0000-000000000000', '18420d51-188a-4826-a7f7-41a64625f93a', '{"action":"token_refreshed","actor_id":"54a01a20-c4dc-4da5-9f1d-493b3bccf052","actor_name":"Parceiro Mecânica","actor_username":"mecanica@parceiro.com","actor_via_sso":false,"log_type":"token"}', '2025-09-22 11:40:31.584489+00', ''),
	('00000000-0000-0000-0000-000000000000', '0eb423d5-011d-4929-9516-f9f7805d0150', '{"action":"token_revoked","actor_id":"54a01a20-c4dc-4da5-9f1d-493b3bccf052","actor_name":"Parceiro Mecânica","actor_username":"mecanica@parceiro.com","actor_via_sso":false,"log_type":"token"}', '2025-09-22 11:40:31.585041+00', ''),
	('00000000-0000-0000-0000-000000000000', 'b24ba1ac-f6de-46cb-aac7-3f9a7332220b', '{"action":"token_refreshed","actor_id":"97b9308e-c98d-4b69-8666-a2744b0e8e94","actor_name":"Especialista Teste 19116","actor_username":"especialista@prolineauto.com.br","actor_via_sso":false,"log_type":"token"}', '2025-09-22 12:22:48.164285+00', ''),
	('00000000-0000-0000-0000-000000000000', '777a1e7d-cb76-42c7-9520-227cde3b17c1', '{"action":"token_revoked","actor_id":"97b9308e-c98d-4b69-8666-a2744b0e8e94","actor_name":"Especialista Teste 19116","actor_username":"especialista@prolineauto.com.br","actor_via_sso":false,"log_type":"token"}', '2025-09-22 12:22:48.164856+00', ''),
	('00000000-0000-0000-0000-000000000000', 'bf8c1312-c8d3-48bf-bc55-290b77c2e115', '{"action":"token_refreshed","actor_id":"54a01a20-c4dc-4da5-9f1d-493b3bccf052","actor_name":"Parceiro Mecânica","actor_username":"mecanica@parceiro.com","actor_via_sso":false,"log_type":"token"}', '2025-09-22 12:38:31.636846+00', ''),
	('00000000-0000-0000-0000-000000000000', 'a0a7ba32-7c5b-4510-b309-6ed7b26e2eee', '{"action":"token_revoked","actor_id":"54a01a20-c4dc-4da5-9f1d-493b3bccf052","actor_name":"Parceiro Mecânica","actor_username":"mecanica@parceiro.com","actor_via_sso":false,"log_type":"token"}', '2025-09-22 12:38:31.637871+00', ''),
	('00000000-0000-0000-0000-000000000000', '59498fa6-2f1a-4c7f-8e89-fbc10aa710bf', '{"action":"token_refreshed","actor_id":"97b9308e-c98d-4b69-8666-a2744b0e8e94","actor_name":"Especialista Teste 19116","actor_username":"especialista@prolineauto.com.br","actor_via_sso":false,"log_type":"token"}', '2025-09-22 13:20:48.312858+00', ''),
	('00000000-0000-0000-0000-000000000000', 'bd4a50af-e545-4c61-a1fc-05d3737c3639', '{"action":"token_revoked","actor_id":"97b9308e-c98d-4b69-8666-a2744b0e8e94","actor_name":"Especialista Teste 19116","actor_username":"especialista@prolineauto.com.br","actor_via_sso":false,"log_type":"token"}', '2025-09-22 13:20:48.314601+00', ''),
	('00000000-0000-0000-0000-000000000000', 'c236a136-8fa0-4a4b-8b9e-3323bce85a8e', '{"action":"token_refreshed","actor_id":"54a01a20-c4dc-4da5-9f1d-493b3bccf052","actor_name":"Parceiro Mecânica","actor_username":"mecanica@parceiro.com","actor_via_sso":false,"log_type":"token"}', '2025-09-22 13:36:31.676583+00', ''),
	('00000000-0000-0000-0000-000000000000', '0c3f6867-bce7-4d09-8f30-be3f790eb188', '{"action":"token_revoked","actor_id":"54a01a20-c4dc-4da5-9f1d-493b3bccf052","actor_name":"Parceiro Mecânica","actor_username":"mecanica@parceiro.com","actor_via_sso":false,"log_type":"token"}', '2025-09-22 13:36:31.677413+00', ''),
	('00000000-0000-0000-0000-000000000000', '18d9ba3b-a572-4a8d-b581-85deadc2af54', '{"action":"token_refreshed","actor_id":"20e8e4c3-bc4e-4869-b8d6-c5a06e8d92e3","actor_name":"Administrador Principal","actor_username":"admin@prolineauto.com.br","actor_via_sso":false,"log_type":"token"}', '2025-09-22 13:59:15.569124+00', ''),
	('00000000-0000-0000-0000-000000000000', '8572d732-3ed2-48b7-8341-71b3c5e02112', '{"action":"token_revoked","actor_id":"20e8e4c3-bc4e-4869-b8d6-c5a06e8d92e3","actor_name":"Administrador Principal","actor_username":"admin@prolineauto.com.br","actor_via_sso":false,"log_type":"token"}', '2025-09-22 13:59:15.569776+00', ''),
	('00000000-0000-0000-0000-000000000000', '2a92acad-31af-4516-9019-d4a6376758e4', '{"action":"token_refreshed","actor_id":"97b9308e-c98d-4b69-8666-a2744b0e8e94","actor_name":"Especialista Teste 19116","actor_username":"especialista@prolineauto.com.br","actor_via_sso":false,"log_type":"token"}', '2025-09-22 14:18:48.31877+00', ''),
	('00000000-0000-0000-0000-000000000000', '6303ff65-c09b-40e7-b053-acaefa669aac', '{"action":"token_revoked","actor_id":"97b9308e-c98d-4b69-8666-a2744b0e8e94","actor_name":"Especialista Teste 19116","actor_username":"especialista@prolineauto.com.br","actor_via_sso":false,"log_type":"token"}', '2025-09-22 14:18:48.320064+00', ''),
	('00000000-0000-0000-0000-000000000000', 'd2635e78-04be-47fb-a324-16ddce37bca6', '{"action":"token_refreshed","actor_id":"54a01a20-c4dc-4da5-9f1d-493b3bccf052","actor_name":"Parceiro Mecânica","actor_username":"mecanica@parceiro.com","actor_via_sso":false,"log_type":"token"}', '2025-09-22 14:34:35.395643+00', ''),
	('00000000-0000-0000-0000-000000000000', 'f496ec02-11d7-4649-81d9-bb87c2b573bd', '{"action":"token_revoked","actor_id":"54a01a20-c4dc-4da5-9f1d-493b3bccf052","actor_name":"Parceiro Mecânica","actor_username":"mecanica@parceiro.com","actor_via_sso":false,"log_type":"token"}', '2025-09-22 14:34:35.396788+00', ''),
	('00000000-0000-0000-0000-000000000000', 'f20c681e-38e2-4256-a2d1-bfa364a77d4c', '{"action":"token_refreshed","actor_id":"97b9308e-c98d-4b69-8666-a2744b0e8e94","actor_name":"Especialista Teste 19116","actor_username":"especialista@prolineauto.com.br","actor_via_sso":false,"log_type":"token"}', '2025-09-22 15:16:48.353498+00', ''),
	('00000000-0000-0000-0000-000000000000', '5e0b3a20-303b-47f9-8e6e-49f50a815f05', '{"action":"token_revoked","actor_id":"97b9308e-c98d-4b69-8666-a2744b0e8e94","actor_name":"Especialista Teste 19116","actor_username":"especialista@prolineauto.com.br","actor_via_sso":false,"log_type":"token"}', '2025-09-22 15:16:48.35476+00', ''),
	('00000000-0000-0000-0000-000000000000', '7e3e764a-ad2c-4516-95cf-7448422d768d', '{"action":"token_refreshed","actor_id":"54a01a20-c4dc-4da5-9f1d-493b3bccf052","actor_name":"Parceiro Mecânica","actor_username":"mecanica@parceiro.com","actor_via_sso":false,"log_type":"token"}', '2025-09-22 15:32:36.444338+00', ''),
	('00000000-0000-0000-0000-000000000000', 'f01f2c46-2bdc-4092-8284-d775aaad71cc', '{"action":"token_revoked","actor_id":"54a01a20-c4dc-4da5-9f1d-493b3bccf052","actor_name":"Parceiro Mecânica","actor_username":"mecanica@parceiro.com","actor_via_sso":false,"log_type":"token"}', '2025-09-22 15:32:36.446116+00', ''),
	('00000000-0000-0000-0000-000000000000', 'f8c9bb1f-c6ac-4611-8fa3-0a809df6c5ff', '{"action":"token_refreshed","actor_id":"20e8e4c3-bc4e-4869-b8d6-c5a06e8d92e3","actor_name":"Administrador Principal","actor_username":"admin@prolineauto.com.br","actor_via_sso":false,"log_type":"token"}', '2025-09-22 15:55:37.089817+00', ''),
	('00000000-0000-0000-0000-000000000000', '5b2df742-c067-46dd-8a16-c2f4cf641ce0', '{"action":"token_revoked","actor_id":"20e8e4c3-bc4e-4869-b8d6-c5a06e8d92e3","actor_name":"Administrador Principal","actor_username":"admin@prolineauto.com.br","actor_via_sso":false,"log_type":"token"}', '2025-09-22 15:55:37.096141+00', ''),
	('00000000-0000-0000-0000-000000000000', 'dde4979e-dff4-487a-a680-b8ce07d844ed', '{"action":"logout","actor_id":"97b9308e-c98d-4b69-8666-a2744b0e8e94","actor_name":"Especialista Teste 19116","actor_username":"especialista@prolineauto.com.br","actor_via_sso":false,"log_type":"account"}', '2025-09-22 15:55:55.670193+00', ''),
	('00000000-0000-0000-0000-000000000000', '7f541084-6fbe-4345-8167-23348e32cdea', '{"action":"logout","actor_id":"54a01a20-c4dc-4da5-9f1d-493b3bccf052","actor_name":"Parceiro Mecânica","actor_username":"mecanica@parceiro.com","actor_via_sso":false,"log_type":"account"}', '2025-09-22 15:55:56.623597+00', ''),
	('00000000-0000-0000-0000-000000000000', '1e825ae5-f633-4637-81aa-50699dd0b6b3', '{"action":"logout","actor_id":"20e8e4c3-bc4e-4869-b8d6-c5a06e8d92e3","actor_name":"Administrador Principal","actor_username":"admin@prolineauto.com.br","actor_via_sso":false,"log_type":"account"}', '2025-09-22 15:55:57.581613+00', ''),
	('00000000-0000-0000-0000-000000000000', 'badd9fb3-49a8-4c90-9fb3-665c7fd73caf', '{"action":"token_refreshed","actor_id":"c80f98b9-2141-4afb-94a2-d8bfbc8de50e","actor_name":"Cliente Teste 13994","actor_username":"cliente@prolineauto.com.br","actor_via_sso":false,"log_type":"token"}', '2025-09-22 15:56:15.590338+00', ''),
	('00000000-0000-0000-0000-000000000000', '74d88b82-651c-4cc5-bc14-925483cbccfe', '{"action":"token_revoked","actor_id":"c80f98b9-2141-4afb-94a2-d8bfbc8de50e","actor_name":"Cliente Teste 13994","actor_username":"cliente@prolineauto.com.br","actor_via_sso":false,"log_type":"token"}', '2025-09-22 15:56:15.591043+00', ''),
	('00000000-0000-0000-0000-000000000000', '0e530a88-ec75-4bc6-9333-8f3c902d56bc', '{"action":"login","actor_id":"c80f98b9-2141-4afb-94a2-d8bfbc8de50e","actor_name":"Cliente Teste 13994","actor_username":"cliente@prolineauto.com.br","actor_via_sso":false,"log_type":"account","traits":{"provider":"email"}}', '2025-09-22 15:57:55.964913+00', ''),
	('00000000-0000-0000-0000-000000000000', 'bfb1488e-5740-42ee-9fd9-8fd93781b5ff', '{"action":"login","actor_id":"54a01a20-c4dc-4da5-9f1d-493b3bccf052","actor_name":"Parceiro Mecânica","actor_username":"mecanica@parceiro.com","actor_via_sso":false,"log_type":"account","traits":{"provider":"email"}}', '2025-09-22 15:58:00.752216+00', ''),
	('00000000-0000-0000-0000-000000000000', '53afcb0d-2e12-4a21-abb8-ca783a797279', '{"action":"login","actor_id":"20e8e4c3-bc4e-4869-b8d6-c5a06e8d92e3","actor_name":"Administrador Principal","actor_username":"admin@prolineauto.com.br","actor_via_sso":false,"log_type":"account","traits":{"provider":"email"}}', '2025-09-22 15:58:12.125907+00', ''),
	('00000000-0000-0000-0000-000000000000', '942eb8f0-54ef-447a-935a-6e34d35645e7', '{"action":"login","actor_id":"97b9308e-c98d-4b69-8666-a2744b0e8e94","actor_name":"Especialista Teste 19116","actor_username":"especialista@prolineauto.com.br","actor_via_sso":false,"log_type":"account","traits":{"provider":"email"}}', '2025-09-22 15:58:21.017681+00', ''),
	('00000000-0000-0000-0000-000000000000', '7e22a565-809c-492c-9df7-257cb33a36c2', '{"action":"logout","actor_id":"54a01a20-c4dc-4da5-9f1d-493b3bccf052","actor_name":"Parceiro Mecânica","actor_username":"mecanica@parceiro.com","actor_via_sso":false,"log_type":"account"}', '2025-09-22 16:18:41.302027+00', ''),
	('00000000-0000-0000-0000-000000000000', 'e15633c6-47d5-4d1f-bffc-5d49888b4db4', '{"action":"login","actor_id":"1b80300b-2aec-479d-a88a-606e28645cdd","actor_name":"Parceiro Funilaria/Pintura","actor_username":"pintura@parceiro.com","actor_via_sso":false,"log_type":"account","traits":{"provider":"email"}}', '2025-09-22 16:18:47.624212+00', ''),
	('00000000-0000-0000-0000-000000000000', '9ccd49ee-72bc-4e89-95e7-92b1f1aa351a', '{"action":"token_refreshed","actor_id":"20e8e4c3-bc4e-4869-b8d6-c5a06e8d92e3","actor_name":"Administrador Principal","actor_username":"admin@prolineauto.com.br","actor_via_sso":false,"log_type":"token"}', '2025-09-22 16:56:19.296377+00', ''),
	('00000000-0000-0000-0000-000000000000', '0c99e629-5819-438d-b8e7-642bd3faceff', '{"action":"token_revoked","actor_id":"20e8e4c3-bc4e-4869-b8d6-c5a06e8d92e3","actor_name":"Administrador Principal","actor_username":"admin@prolineauto.com.br","actor_via_sso":false,"log_type":"token"}', '2025-09-22 16:56:19.29907+00', ''),
	('00000000-0000-0000-0000-000000000000', '90e6fe1b-d6af-4240-8e60-8c422394877f', '{"action":"token_refreshed","actor_id":"c80f98b9-2141-4afb-94a2-d8bfbc8de50e","actor_name":"Cliente Teste 13994","actor_username":"cliente@prolineauto.com.br","actor_via_sso":false,"log_type":"token"}', '2025-09-22 17:29:06.202131+00', ''),
	('00000000-0000-0000-0000-000000000000', 'bb92d658-3898-4e9d-9aa9-fc34abce5513', '{"action":"token_revoked","actor_id":"c80f98b9-2141-4afb-94a2-d8bfbc8de50e","actor_name":"Cliente Teste 13994","actor_username":"cliente@prolineauto.com.br","actor_via_sso":false,"log_type":"token"}', '2025-09-22 17:29:06.205044+00', ''),
	('00000000-0000-0000-0000-000000000000', '04f68776-eff7-4209-8cd6-34de7ab2cdc5', '{"action":"token_refreshed","actor_id":"c80f98b9-2141-4afb-94a2-d8bfbc8de50e","actor_name":"Cliente Teste 13994","actor_username":"cliente@prolineauto.com.br","actor_via_sso":false,"log_type":"token"}', '2025-09-25 07:29:59.717495+00', ''),
	('00000000-0000-0000-0000-000000000000', '25a6c46f-46cd-498d-a03f-118563f335db', '{"action":"token_revoked","actor_id":"c80f98b9-2141-4afb-94a2-d8bfbc8de50e","actor_name":"Cliente Teste 13994","actor_username":"cliente@prolineauto.com.br","actor_via_sso":false,"log_type":"token"}', '2025-09-25 07:29:59.720214+00', ''),
	('00000000-0000-0000-0000-000000000000', '8db50723-1723-439d-a25e-241496ed49f5', '{"action":"login","actor_id":"97b9308e-c98d-4b69-8666-a2744b0e8e94","actor_name":"Especialista Teste 19116","actor_username":"especialista@prolineauto.com.br","actor_via_sso":false,"log_type":"account","traits":{"provider":"email"}}', '2025-09-25 07:31:15.443195+00', ''),
	('00000000-0000-0000-0000-000000000000', 'c38ec57b-927f-478c-bbf0-e8389cd11fcc', '{"action":"token_refreshed","actor_id":"1b80300b-2aec-479d-a88a-606e28645cdd","actor_name":"Parceiro Funilaria/Pintura","actor_username":"pintura@parceiro.com","actor_via_sso":false,"log_type":"token"}', '2025-09-25 07:34:18.392177+00', ''),
	('00000000-0000-0000-0000-000000000000', 'cc9cdc57-30ef-4038-90a3-5c1bdc7a36ce', '{"action":"token_revoked","actor_id":"1b80300b-2aec-479d-a88a-606e28645cdd","actor_name":"Parceiro Funilaria/Pintura","actor_username":"pintura@parceiro.com","actor_via_sso":false,"log_type":"token"}', '2025-09-25 07:34:18.392536+00', ''),
	('00000000-0000-0000-0000-000000000000', 'eeccfe27-2749-413f-a98d-a1a959090893', '{"action":"login","actor_id":"54a01a20-c4dc-4da5-9f1d-493b3bccf052","actor_name":"Parceiro Mecânica","actor_username":"mecanica@parceiro.com","actor_via_sso":false,"log_type":"account","traits":{"provider":"email"}}', '2025-09-25 07:34:44.459762+00', ''),
	('00000000-0000-0000-0000-000000000000', '08e53b10-bb2a-4ec3-8192-17f11ba2b24b', '{"action":"login","actor_id":"54a01a20-c4dc-4da5-9f1d-493b3bccf052","actor_name":"Parceiro Mecânica","actor_username":"mecanica@parceiro.com","actor_via_sso":false,"log_type":"account","traits":{"provider":"email"}}', '2025-09-25 08:31:37.220587+00', ''),
	('00000000-0000-0000-0000-000000000000', 'b3ec23cc-0a5b-489b-b5bc-ff109430e3bd', '{"action":"token_refreshed","actor_id":"54a01a20-c4dc-4da5-9f1d-493b3bccf052","actor_name":"Parceiro Mecânica","actor_username":"mecanica@parceiro.com","actor_via_sso":false,"log_type":"token"}', '2025-09-25 08:32:44.727213+00', ''),
	('00000000-0000-0000-0000-000000000000', '82bb9a29-2b8f-4756-bca4-2bef74b146a5', '{"action":"token_revoked","actor_id":"54a01a20-c4dc-4da5-9f1d-493b3bccf052","actor_name":"Parceiro Mecânica","actor_username":"mecanica@parceiro.com","actor_via_sso":false,"log_type":"token"}', '2025-09-25 08:32:44.727764+00', ''),
	('00000000-0000-0000-0000-000000000000', '73bb3d1e-54b2-4f3d-8187-4b83685b6a00', '{"action":"token_refreshed","actor_id":"54a01a20-c4dc-4da5-9f1d-493b3bccf052","actor_name":"Parceiro Mecânica","actor_username":"mecanica@parceiro.com","actor_via_sso":false,"log_type":"token"}', '2025-09-25 09:29:55.722797+00', ''),
	('00000000-0000-0000-0000-000000000000', '444b869e-cb86-4ac2-8acc-66decc46e0ef', '{"action":"token_revoked","actor_id":"54a01a20-c4dc-4da5-9f1d-493b3bccf052","actor_name":"Parceiro Mecânica","actor_username":"mecanica@parceiro.com","actor_via_sso":false,"log_type":"token"}', '2025-09-25 09:29:55.724391+00', ''),
	('00000000-0000-0000-0000-000000000000', '9c3770b1-2bdc-4804-811e-8a2b5c30da19', '{"action":"token_refreshed","actor_id":"54a01a20-c4dc-4da5-9f1d-493b3bccf052","actor_name":"Parceiro Mecânica","actor_username":"mecanica@parceiro.com","actor_via_sso":false,"log_type":"token"}', '2025-09-25 10:27:55.724492+00', ''),
	('00000000-0000-0000-0000-000000000000', '255c47b1-45c5-484f-ae9a-bcb13e51aa61', '{"action":"token_revoked","actor_id":"54a01a20-c4dc-4da5-9f1d-493b3bccf052","actor_name":"Parceiro Mecânica","actor_username":"mecanica@parceiro.com","actor_via_sso":false,"log_type":"token"}', '2025-09-25 10:27:55.727669+00', '');


--
-- Data for Name: flow_state; Type: TABLE DATA; Schema: auth; Owner: supabase_auth_admin
--



--
-- Data for Name: users; Type: TABLE DATA; Schema: auth; Owner: supabase_auth_admin
--

INSERT INTO "auth"."users" ("instance_id", "id", "aud", "role", "email", "encrypted_password", "email_confirmed_at", "invited_at", "confirmation_token", "confirmation_sent_at", "recovery_token", "recovery_sent_at", "email_change_token_new", "email_change", "email_change_sent_at", "last_sign_in_at", "raw_app_meta_data", "raw_user_meta_data", "is_super_admin", "created_at", "updated_at", "phone", "phone_confirmed_at", "phone_change", "phone_change_token", "phone_change_sent_at", "email_change_token_current", "email_change_confirm_status", "banned_until", "reauthentication_token", "reauthentication_sent_at", "is_sso_user", "deleted_at", "is_anonymous") VALUES
	('00000000-0000-0000-0000-000000000000', '08974176-19d5-4f94-a340-67cb8a12c2b0', 'authenticated', 'authenticated', 'admin_7_555600@prolineauto.com.br', '$2a$10$5cN0suqKFjeVd/JaAq14b.8I6IGLXWXjBHcXskymEMVUtROawBJE6', '2025-09-18 03:52:31.867782+00', NULL, '', NULL, '', NULL, '', '', NULL, NULL, '{"provider": "email", "providers": ["email"]}', '{"role": "admin", "full_name": "Admin Teste 7", "profile_id": "08974176-19d5-4f94-a340-67cb8a12c2b0", "email_verified": true}', NULL, '2025-09-18 03:52:31.866516+00', '2025-09-18 03:52:31.868062+00', NULL, NULL, '', '', NULL, '', 0, NULL, '', NULL, false, NULL, false),
	('00000000-0000-0000-0000-000000000000', '6c0b433b-5e84-403a-ba20-8757c93cbb81', 'authenticated', 'authenticated', 'admin_6_266562@prolineauto.com.br', '$2a$10$A19t1otyjS5y.OYFuhirW.cY1k7X9BTxFrOjNeUfYKn4Ufur1jp2.', '2025-09-18 03:52:31.801189+00', NULL, '', NULL, '', NULL, '', '', NULL, NULL, '{"provider": "email", "providers": ["email"]}', '{"role": "admin", "full_name": "Admin Teste 6", "profile_id": "6c0b433b-5e84-403a-ba20-8757c93cbb81", "email_verified": true}', NULL, '2025-09-18 03:52:31.799265+00', '2025-09-18 03:52:31.801513+00', NULL, NULL, '', '', NULL, '', 0, NULL, '', NULL, false, NULL, false),
	('00000000-0000-0000-0000-000000000000', 'f1a56c93-6679-4f79-8f4c-5b17ac49d7e0', 'authenticated', 'authenticated', 'admin_1_650272@prolineauto.com.br', '$2a$10$1DQXY5iACcMA/lYDYcwv3uwXVtATZ5o5R.AR1TGgU7Nevd/gScDNi', '2025-09-18 03:52:31.424317+00', NULL, '', NULL, '', NULL, '', '', NULL, NULL, '{"provider": "email", "providers": ["email"]}', '{"role": "admin", "full_name": "Admin Teste 1", "profile_id": "f1a56c93-6679-4f79-8f4c-5b17ac49d7e0", "email_verified": true}', NULL, '2025-09-18 03:52:31.42218+00', '2025-09-18 03:52:31.424883+00', NULL, NULL, '', '', NULL, '', 0, NULL, '', NULL, false, NULL, false),
	('00000000-0000-0000-0000-000000000000', '3c406502-2d12-4619-bc5a-ea25533a18be', 'authenticated', 'authenticated', 'admin_4_393062@prolineauto.com.br', '$2a$10$Q.0bBBM4OvqhXl5NhWgeJOHoWxbMk2A1k0LVVOzDyTEpgwiS8q5te', '2025-09-18 03:52:31.656141+00', NULL, '', NULL, '', NULL, '', '', NULL, NULL, '{"provider": "email", "providers": ["email"]}', '{"role": "admin", "full_name": "Admin Teste 4", "profile_id": "3c406502-2d12-4619-bc5a-ea25533a18be", "email_verified": true}', NULL, '2025-09-18 03:52:31.653891+00', '2025-09-18 03:52:31.656638+00', NULL, NULL, '', '', NULL, '', 0, NULL, '', NULL, false, NULL, false),
	('00000000-0000-0000-0000-000000000000', '20e8e4c3-bc4e-4869-b8d6-c5a06e8d92e3', 'authenticated', 'authenticated', 'admin@prolineauto.com.br', '$2a$10$34/bISMq1R6PPNNlD8gW0uQWo/P31wikCwBnEelUVjUDklA2504Ri', '2025-09-18 03:52:30.820718+00', NULL, '', NULL, '', NULL, '', '', NULL, '2025-09-22 15:58:12.126266+00', '{"provider": "email", "providers": ["email"]}', '{"role": "admin", "full_name": "Administrador Principal", "profile_id": "20e8e4c3-bc4e-4869-b8d6-c5a06e8d92e3", "email_verified": true}', NULL, '2025-09-18 03:52:30.811748+00', '2025-09-22 16:56:19.30449+00', NULL, NULL, '', '', NULL, '', 0, NULL, '', NULL, false, NULL, false),
	('00000000-0000-0000-0000-000000000000', '280a287f-827c-4d31-a4c8-2bbd34725be7', 'authenticated', 'authenticated', 'admin_2_732211@prolineauto.com.br', '$2a$10$VavoPU3tJ3utP.pCpQ5SRersAMp8i17I3AtF9UsajvZW0d95U.AC2', '2025-09-18 03:52:31.510583+00', NULL, '', NULL, '', NULL, '', '', NULL, NULL, '{"provider": "email", "providers": ["email"]}', '{"role": "admin", "full_name": "Admin Teste 2", "profile_id": "280a287f-827c-4d31-a4c8-2bbd34725be7", "email_verified": true}', NULL, '2025-09-18 03:52:31.507226+00', '2025-09-18 03:52:31.510935+00', NULL, NULL, '', '', NULL, '', 0, NULL, '', NULL, false, NULL, false),
	('00000000-0000-0000-0000-000000000000', '6a05ec89-30bd-4764-84d0-2c11888abddd', 'authenticated', 'authenticated', 'parceiro@prolineauto.com.br', '$2a$10$C6Hw18eq0YOFLE7I3bTFLOJBW.7njGWqP37CJHyVgcjupq0iDLFe6', '2025-09-18 03:52:31.205281+00', NULL, '', NULL, '', NULL, '', '', NULL, NULL, '{"provider": "email", "providers": ["email"]}', '{"role": "partner", "full_name": "Parceiro Teste 51845", "profile_id": "6a05ec89-30bd-4764-84d0-2c11888abddd", "email_verified": true}', NULL, '2025-09-18 03:52:31.203812+00', '2025-09-18 03:52:31.205599+00', NULL, NULL, '', '', NULL, '', 0, NULL, '', NULL, false, NULL, false),
	('00000000-0000-0000-0000-000000000000', '14836e67-ed6d-4ff8-9188-e1fd5a1c2d1e', 'authenticated', 'authenticated', 'client_1_145203@prolineauto.com.br', '$2a$10$BrBPYdIvqwcP1MyFPhPDyec1MMzlYPH6L6Xvjhlcg1iqMNVujUrU.', '2025-09-18 03:52:32.143008+00', NULL, '', NULL, '', NULL, '', '', NULL, NULL, '{"provider": "email", "providers": ["email"]}', '{"role": "client", "full_name": "Client Teste 1", "profile_id": "14836e67-ed6d-4ff8-9188-e1fd5a1c2d1e", "email_verified": true}', NULL, '2025-09-18 03:52:32.141882+00', '2025-09-18 03:52:32.143287+00', NULL, NULL, '', '', NULL, '', 0, NULL, '', NULL, false, NULL, false),
	('00000000-0000-0000-0000-000000000000', '97b9308e-c98d-4b69-8666-a2744b0e8e94', 'authenticated', 'authenticated', 'especialista@prolineauto.com.br', '$2a$10$jRn7PQ6IR6Iz.7q2XI1XveOubbrc.MqkM3Ak42zkf.JNHNebTFo6G', '2025-09-18 03:52:31.29367+00', NULL, '', NULL, '', NULL, '', '', NULL, '2025-09-25 07:31:15.443549+00', '{"provider": "email", "providers": ["email"]}', '{"role": "specialist", "full_name": "Especialista Teste 19116", "profile_id": "97b9308e-c98d-4b69-8666-a2744b0e8e94", "email_verified": true}', NULL, '2025-09-18 03:52:31.290693+00', '2025-09-25 07:31:15.444437+00', NULL, NULL, '', '', NULL, '', 0, NULL, '', NULL, false, NULL, false),
	('00000000-0000-0000-0000-000000000000', 'd34becf0-6ba6-4365-8ccb-a528405f4591', 'authenticated', 'authenticated', 'admin_5_139625@prolineauto.com.br', '$2a$10$ugnMQw1F/Zrs61Bcs8hVPOFpgdBKnFLRb5W57MMogmGmsYArDK7Vm', '2025-09-18 03:52:31.730493+00', NULL, '', NULL, '', NULL, '', '', NULL, NULL, '{"provider": "email", "providers": ["email"]}', '{"role": "admin", "full_name": "Admin Teste 5", "profile_id": "d34becf0-6ba6-4365-8ccb-a528405f4591", "email_verified": true}', NULL, '2025-09-18 03:52:31.728137+00', '2025-09-18 03:52:31.730923+00', NULL, NULL, '', '', NULL, '', 0, NULL, '', NULL, false, NULL, false),
	('00000000-0000-0000-0000-000000000000', 'd5205c86-1b4c-4d4e-b63e-471f9ab3ad21', 'authenticated', 'authenticated', 'admin_3_44138@prolineauto.com.br', '$2a$10$4E3ZoZFABzz8E66tleIzoOqU.zjzU9fMpwkkF9IoD08anpSUhd2iq', '2025-09-18 03:52:31.583378+00', NULL, '', NULL, '', NULL, '', '', NULL, NULL, '{"provider": "email", "providers": ["email"]}', '{"role": "admin", "full_name": "Admin Teste 3", "profile_id": "d5205c86-1b4c-4d4e-b63e-471f9ab3ad21", "email_verified": true}', NULL, '2025-09-18 03:52:31.580797+00', '2025-09-18 03:52:31.583927+00', NULL, NULL, '', '', NULL, '', 0, NULL, '', NULL, false, NULL, false),
	('00000000-0000-0000-0000-000000000000', 'e7f85fe4-fcf9-40cf-bbb2-17484580833d', 'authenticated', 'authenticated', 'admin_9_146158@prolineauto.com.br', '$2a$10$CKUGptW61FsmEeAkdYAC0uyBr.OhFHk9yy6NXMmGUv1Cw.E/twbcu', '2025-09-18 03:52:32.004958+00', NULL, '', NULL, '', NULL, '', '', NULL, NULL, '{"provider": "email", "providers": ["email"]}', '{"role": "admin", "full_name": "Admin Teste 9", "profile_id": "e7f85fe4-fcf9-40cf-bbb2-17484580833d", "email_verified": true}', NULL, '2025-09-18 03:52:32.003801+00', '2025-09-18 03:52:32.005252+00', NULL, NULL, '', '', NULL, '', 0, NULL, '', NULL, false, NULL, false),
	('00000000-0000-0000-0000-000000000000', '2a3ab68e-c86e-42b6-acef-306098b1b15f', 'authenticated', 'authenticated', 'admin_8_382624@prolineauto.com.br', '$2a$10$RdHDjRLlRJ/LgjgBXGy9E.eRhUR.hURcONI8ARNLZPmaUqOLffYlG', '2025-09-18 03:52:31.935499+00', NULL, '', NULL, '', NULL, '', '', NULL, NULL, '{"provider": "email", "providers": ["email"]}', '{"role": "admin", "full_name": "Admin Teste 8", "profile_id": "2a3ab68e-c86e-42b6-acef-306098b1b15f", "email_verified": true}', NULL, '2025-09-18 03:52:31.934346+00', '2025-09-18 03:52:31.935773+00', NULL, NULL, '', '', NULL, '', 0, NULL, '', NULL, false, NULL, false),
	('00000000-0000-0000-0000-000000000000', 'e7bfc3be-20e4-47f1-bf01-d92e0572bc1e', 'authenticated', 'authenticated', 'admin_10_460037@prolineauto.com.br', '$2a$10$G7BIAsYyKTreVt1GuNaozea.r6/7A.OMIFSZDcQniPO.gycNMLdjG', '2025-09-18 03:52:32.071698+00', NULL, '', NULL, '', NULL, '', '', NULL, NULL, '{"provider": "email", "providers": ["email"]}', '{"role": "admin", "full_name": "Admin Teste 10", "profile_id": "e7bfc3be-20e4-47f1-bf01-d92e0572bc1e", "email_verified": true}', NULL, '2025-09-18 03:52:32.070162+00', '2025-09-18 03:52:32.071979+00', NULL, NULL, '', '', NULL, '', 0, NULL, '', NULL, false, NULL, false),
	('00000000-0000-0000-0000-000000000000', 'c80f98b9-2141-4afb-94a2-d8bfbc8de50e', 'authenticated', 'authenticated', 'cliente@prolineauto.com.br', '$2a$10$Q2crXTlrlr3V5WMZzea2B.UP0xyvfAU/Wx4p1j5avlf0H5uLExAAG', '2025-09-18 03:52:31.121967+00', NULL, '', NULL, '', NULL, '', '', NULL, '2025-09-22 15:57:55.965316+00', '{"provider": "email", "providers": ["email"]}', '{"role": "client", "full_name": "Cliente Teste 13994", "profile_id": "c80f98b9-2141-4afb-94a2-d8bfbc8de50e", "email_verified": true}', NULL, '2025-09-18 03:52:31.120351+00', '2025-09-25 07:29:59.723372+00', NULL, NULL, '', '', NULL, '', 0, NULL, '', NULL, false, NULL, false),
	('00000000-0000-0000-0000-000000000000', '3a45618d-25ec-4153-bd15-4b2c476e1207', 'authenticated', 'authenticated', 'client_2_833012@prolineauto.com.br', '$2a$10$cLnvmhEn7eQFD70oJBBTgObOLIiFADuDrVpGFDvMBuH6gIIRSchfK', '2025-09-18 03:52:32.225133+00', NULL, '', NULL, '', NULL, '', '', NULL, NULL, '{"provider": "email", "providers": ["email"]}', '{"role": "client", "full_name": "Client Teste 2", "profile_id": "3a45618d-25ec-4153-bd15-4b2c476e1207", "email_verified": true}', NULL, '2025-09-18 03:52:32.223758+00', '2025-09-18 03:52:32.225459+00', NULL, NULL, '', '', NULL, '', 0, NULL, '', NULL, false, NULL, false),
	('00000000-0000-0000-0000-000000000000', 'ede49a1e-e160-49db-884d-020706439a25', 'authenticated', 'authenticated', 'partner_2_114777@prolineauto.com.br', '$2a$10$HLKcJnQhLjVNH0.FDzN5Wuk8F5RRycx.unyQJP882ehJvSk9Hej/6', '2025-09-18 03:52:32.94722+00', NULL, '', NULL, '', NULL, '', '', NULL, NULL, '{"provider": "email", "providers": ["email"]}', '{"role": "partner", "full_name": "Partner Teste 2", "profile_id": "ede49a1e-e160-49db-884d-020706439a25", "email_verified": true}', NULL, '2025-09-18 03:52:32.945861+00', '2025-09-18 03:52:32.947499+00', NULL, NULL, '', '', NULL, '', 0, NULL, '', NULL, false, NULL, false),
	('00000000-0000-0000-0000-000000000000', '6d60d8cf-e7ff-4d80-8a0c-280cc59107e7', 'authenticated', 'authenticated', 'client_6_384762@prolineauto.com.br', '$2a$10$jUpgcAGl.gv9FI.6wRWE.ut10cF.YjYHWHhvrT/iTSA47ZoEpQPXO', '2025-09-18 03:52:32.508775+00', NULL, '', NULL, '', NULL, '', '', NULL, NULL, '{"provider": "email", "providers": ["email"]}', '{"role": "client", "full_name": "Client Teste 6", "profile_id": "6d60d8cf-e7ff-4d80-8a0c-280cc59107e7", "email_verified": true}', NULL, '2025-09-18 03:52:32.506622+00', '2025-09-18 03:52:32.50905+00', NULL, NULL, '', '', NULL, '', 0, NULL, '', NULL, false, NULL, false),
	('00000000-0000-0000-0000-000000000000', 'f0e352ba-7e7f-4c74-93b7-59f177947a59', 'authenticated', 'authenticated', 'client_3_138496@prolineauto.com.br', '$2a$10$s.HyPNlqnjdiM1BakPFhO./pc93GakDGj7OCz4SD0iCedj3Gs.LGe', '2025-09-18 03:52:32.295429+00', NULL, '', NULL, '', NULL, '', '', NULL, NULL, '{"provider": "email", "providers": ["email"]}', '{"role": "client", "full_name": "Client Teste 3", "profile_id": "f0e352ba-7e7f-4c74-93b7-59f177947a59", "email_verified": true}', NULL, '2025-09-18 03:52:32.293889+00', '2025-09-18 03:52:32.295752+00', NULL, NULL, '', '', NULL, '', 0, NULL, '', NULL, false, NULL, false),
	('00000000-0000-0000-0000-000000000000', '00b44cba-28c4-4ca5-bee5-14fbacd88f1b', 'authenticated', 'authenticated', 'partner_6_963070@prolineauto.com.br', '$2a$10$YFl1qpYZqvhVN79YEP4N9emgDiAVJ1ivzFGnWOCa8hjP15B1PtAmu', '2025-09-18 03:52:33.220641+00', NULL, '', NULL, '', NULL, '', '', NULL, NULL, '{"provider": "email", "providers": ["email"]}', '{"role": "partner", "full_name": "Partner Teste 6", "profile_id": "00b44cba-28c4-4ca5-bee5-14fbacd88f1b", "email_verified": true}', NULL, '2025-09-18 03:52:33.218895+00', '2025-09-18 03:52:33.220916+00', NULL, NULL, '', '', NULL, '', 0, NULL, '', NULL, false, NULL, false),
	('00000000-0000-0000-0000-000000000000', '9380b9be-9afd-443c-82fa-c9a06d26727f', 'authenticated', 'authenticated', 'client_9_615246@prolineauto.com.br', '$2a$10$dxrL4Rg0Ytd6UDNnkXeO0.G/iq..pmPPjMkKujZkoJSWjmCtdLeRq', '2025-09-18 03:52:32.731094+00', NULL, '', NULL, '', NULL, '', '', NULL, NULL, '{"provider": "email", "providers": ["email"]}', '{"role": "client", "full_name": "Client Teste 9", "profile_id": "9380b9be-9afd-443c-82fa-c9a06d26727f", "email_verified": true}', NULL, '2025-09-18 03:52:32.729655+00', '2025-09-18 03:52:32.731432+00', NULL, NULL, '', '', NULL, '', 0, NULL, '', NULL, false, NULL, false),
	('00000000-0000-0000-0000-000000000000', '949015ad-ed71-4fab-9b62-dc5fea76699e', 'authenticated', 'authenticated', 'client_4_60043@prolineauto.com.br', '$2a$10$olm7RR8diDI7u5WuguYysOEgYQZOjwa1Zj8U/whjhhpw/j8C3BYSa', '2025-09-18 03:52:32.366685+00', NULL, '', NULL, '', NULL, '', '', NULL, NULL, '{"provider": "email", "providers": ["email"]}', '{"role": "client", "full_name": "Client Teste 4", "profile_id": "949015ad-ed71-4fab-9b62-dc5fea76699e", "email_verified": true}', NULL, '2025-09-18 03:52:32.364329+00', '2025-09-18 03:52:32.366992+00', NULL, NULL, '', '', NULL, '', 0, NULL, '', NULL, false, NULL, false),
	('00000000-0000-0000-0000-000000000000', '605f00d4-6790-4339-be4c-cdb6683ba92f', 'authenticated', 'authenticated', 'client_7_303008@prolineauto.com.br', '$2a$10$mjkXu6a1Ide..BWHFzCzJeWaY63w6TvUPFT89IXOk66Lfu3VH5KUm', '2025-09-18 03:52:32.58416+00', NULL, '', NULL, '', NULL, '', '', NULL, NULL, '{"provider": "email", "providers": ["email"]}', '{"role": "client", "full_name": "Client Teste 7", "profile_id": "605f00d4-6790-4339-be4c-cdb6683ba92f", "email_verified": true}', NULL, '2025-09-18 03:52:32.58216+00', '2025-09-18 03:52:32.5844+00', NULL, NULL, '', '', NULL, '', 0, NULL, '', NULL, false, NULL, false),
	('00000000-0000-0000-0000-000000000000', '16d79826-520d-447b-b6b4-5b8690c2155f', 'authenticated', 'authenticated', 'client_5_290303@prolineauto.com.br', '$2a$10$.S5JFVbpK6K4SnYKcuYrcOpqnoEijFUpB2OOhl3kP/19D8nfxJTbW', '2025-09-18 03:52:32.435294+00', NULL, '', NULL, '', NULL, '', '', NULL, NULL, '{"provider": "email", "providers": ["email"]}', '{"role": "client", "full_name": "Client Teste 5", "profile_id": "16d79826-520d-447b-b6b4-5b8690c2155f", "email_verified": true}', NULL, '2025-09-18 03:52:32.432984+00', '2025-09-18 03:52:32.435802+00', NULL, NULL, '', '', NULL, '', 0, NULL, '', NULL, false, NULL, false),
	('00000000-0000-0000-0000-000000000000', '7207754c-80bf-469c-b0d5-a325f75b4862', 'authenticated', 'authenticated', 'partner_1_316126@prolineauto.com.br', '$2a$10$VdiaTmnR.SQ64xwalFw7HOUnnwLeaRzUWh4UuzN9hZjO3Osbuy1e6', '2025-09-18 03:52:32.88003+00', NULL, '', NULL, '', NULL, '', '', NULL, NULL, '{"provider": "email", "providers": ["email"]}', '{"role": "partner", "full_name": "Partner Teste 1", "profile_id": "7207754c-80bf-469c-b0d5-a325f75b4862", "email_verified": true}', NULL, '2025-09-18 03:52:32.878585+00', '2025-09-18 03:52:32.880281+00', NULL, NULL, '', '', NULL, '', 0, NULL, '', NULL, false, NULL, false),
	('00000000-0000-0000-0000-000000000000', '844b47a4-66eb-4792-b422-c44577491875', 'authenticated', 'authenticated', 'client_10_589966@prolineauto.com.br', '$2a$10$VUtrdph4HFNmEg0Ci1iVSOEAZHvtTeQAwoPpdmNKdq/JTLOqYj3LK', '2025-09-18 03:52:32.81126+00', NULL, '', NULL, '', NULL, '', '', NULL, NULL, '{"provider": "email", "providers": ["email"]}', '{"role": "client", "full_name": "Client Teste 10", "profile_id": "844b47a4-66eb-4792-b422-c44577491875", "email_verified": true}', NULL, '2025-09-18 03:52:32.809638+00', '2025-09-18 03:52:32.811586+00', NULL, NULL, '', '', NULL, '', 0, NULL, '', NULL, false, NULL, false),
	('00000000-0000-0000-0000-000000000000', 'd9e214fc-3ef1-4f75-8195-ac4dbe9d3e99', 'authenticated', 'authenticated', 'client_8_773519@prolineauto.com.br', '$2a$10$ir/0hS6YD16gv0CQA8IieOxR1e88Y7SE3G2EFFqEH4R7EQarLPJbW', '2025-09-18 03:52:32.657923+00', NULL, '', NULL, '', NULL, '', '', NULL, NULL, '{"provider": "email", "providers": ["email"]}', '{"role": "client", "full_name": "Client Teste 8", "profile_id": "d9e214fc-3ef1-4f75-8195-ac4dbe9d3e99", "email_verified": true}', NULL, '2025-09-18 03:52:32.656546+00', '2025-09-18 03:52:32.65843+00', NULL, NULL, '', '', NULL, '', 0, NULL, '', NULL, false, NULL, false),
	('00000000-0000-0000-0000-000000000000', '6ebe54b8-f6fa-4008-8894-ccbccadde399', 'authenticated', 'authenticated', 'partner_4_999046@prolineauto.com.br', '$2a$10$qcUEXCnlIvtoQ8oGpSvNmOZEsN0vLWCm9Dhqxdx3xXNtPG9Tic5Tm', '2025-09-18 03:52:33.084359+00', NULL, '', NULL, '', NULL, '', '', NULL, NULL, '{"provider": "email", "providers": ["email"]}', '{"role": "partner", "full_name": "Partner Teste 4", "profile_id": "6ebe54b8-f6fa-4008-8894-ccbccadde399", "email_verified": true}', NULL, '2025-09-18 03:52:33.083101+00', '2025-09-18 03:52:33.08466+00', NULL, NULL, '', '', NULL, '', 0, NULL, '', NULL, false, NULL, false),
	('00000000-0000-0000-0000-000000000000', '4d5ff933-9c95-441f-af6d-851ef3fd54c3', 'authenticated', 'authenticated', 'partner_3_729320@prolineauto.com.br', '$2a$10$ABDmXoy59L8YdsFng/PcA./IoIUDP6cWkjgUFvZ6mVrUEp1L17eIO', '2025-09-18 03:52:33.016858+00', NULL, '', NULL, '', NULL, '', '', NULL, NULL, '{"provider": "email", "providers": ["email"]}', '{"role": "partner", "full_name": "Partner Teste 3", "profile_id": "4d5ff933-9c95-441f-af6d-851ef3fd54c3", "email_verified": true}', NULL, '2025-09-18 03:52:33.015233+00', '2025-09-18 03:52:33.017147+00', NULL, NULL, '', '', NULL, '', 0, NULL, '', NULL, false, NULL, false),
	('00000000-0000-0000-0000-000000000000', 'b2b41b40-e929-40aa-882f-bab5a2d10670', 'authenticated', 'authenticated', 'partner_5_605143@prolineauto.com.br', '$2a$10$345Z4ppaC4jpVtQgPKfvmemmrYyZ728hCpnUIs.prSSsxKWLoPz9K', '2025-09-18 03:52:33.151888+00', NULL, '', NULL, '', NULL, '', '', NULL, NULL, '{"provider": "email", "providers": ["email"]}', '{"role": "partner", "full_name": "Partner Teste 5", "profile_id": "b2b41b40-e929-40aa-882f-bab5a2d10670", "email_verified": true}', NULL, '2025-09-18 03:52:33.149541+00', '2025-09-18 03:52:33.152434+00', NULL, NULL, '', '', NULL, '', 0, NULL, '', NULL, false, NULL, false),
	('00000000-0000-0000-0000-000000000000', 'b44e0331-ddf4-48bb-83f3-e616aa79844f', 'authenticated', 'authenticated', 'partner_7_928003@prolineauto.com.br', '$2a$10$4N5JjteNH5NGaI6y3G1cyeAWCOiyQvdZgGPbE.kFe1ciYpOEzcRy6', '2025-09-18 03:52:33.286826+00', NULL, '', NULL, '', NULL, '', '', NULL, NULL, '{"provider": "email", "providers": ["email"]}', '{"role": "partner", "full_name": "Partner Teste 7", "profile_id": "b44e0331-ddf4-48bb-83f3-e616aa79844f", "email_verified": true}', NULL, '2025-09-18 03:52:33.2857+00', '2025-09-18 03:52:33.287128+00', NULL, NULL, '', '', NULL, '', 0, NULL, '', NULL, false, NULL, false),
	('00000000-0000-0000-0000-000000000000', 'a45c93a2-7040-41f6-a735-d7168af3552a', 'authenticated', 'authenticated', 'specialist_7_40066@prolineauto.com.br', '$2a$10$cx0pLYyAh8ZgRsZXOiSnz.8SU3PT6BbGjBbfKZTrYtBEsqtAD/JTK', '2025-09-18 03:52:33.984883+00', NULL, '', NULL, '', NULL, '', '', NULL, NULL, '{"provider": "email", "providers": ["email"]}', '{"role": "specialist", "full_name": "Specialist Teste 7", "profile_id": "a45c93a2-7040-41f6-a735-d7168af3552a", "email_verified": true}', NULL, '2025-09-18 03:52:33.983678+00', '2025-09-18 03:52:33.985398+00', NULL, NULL, '', '', NULL, '', 0, NULL, '', NULL, false, NULL, false),
	('00000000-0000-0000-0000-000000000000', '03b35710-4df5-46be-930e-00d03076a927', 'authenticated', 'authenticated', 'specialist_1_397120@prolineauto.com.br', '$2a$10$8NcCEPjgVDQwu8Z7Q5nWdOsGSbW1Tc0Sgly2WeRtRR9k.EDvaOrg.', '2025-09-18 03:52:33.562865+00', NULL, '', NULL, '', NULL, '', '', NULL, NULL, '{"provider": "email", "providers": ["email"]}', '{"role": "specialist", "full_name": "Specialist Teste 1", "profile_id": "03b35710-4df5-46be-930e-00d03076a927", "email_verified": true}', NULL, '2025-09-18 03:52:33.560419+00', '2025-09-18 03:52:33.56339+00', NULL, NULL, '', '', NULL, '', 0, NULL, '', NULL, false, NULL, false),
	('00000000-0000-0000-0000-000000000000', 'ef2eb5a2-1291-4407-b30d-dc9d15848776', 'authenticated', 'authenticated', 'partner_8_927423@prolineauto.com.br', '$2a$10$BeCrJoiKkMUKAv9hQVULBOqRvx056slXZvqnNUnMZIUfqOlMMoULO', '2025-09-18 03:52:33.353761+00', NULL, '', NULL, '', NULL, '', '', NULL, NULL, '{"provider": "email", "providers": ["email"]}', '{"role": "partner", "full_name": "Partner Teste 8", "profile_id": "ef2eb5a2-1291-4407-b30d-dc9d15848776", "email_verified": true}', NULL, '2025-09-18 03:52:33.352748+00', '2025-09-18 03:52:33.354104+00', NULL, NULL, '', '', NULL, '', 0, NULL, '', NULL, false, NULL, false),
	('00000000-0000-0000-0000-000000000000', 'bb21bd80-1518-43cc-9cf9-6fbf6542ec94', 'authenticated', 'authenticated', 'specialist_10_534992@prolineauto.com.br', '$2a$10$M.bXx8l1xm2NJuhIAwaV1eyNiIYAjyVs/D1t0H4kwEZepYly5pwdW', '2025-09-18 03:52:34.231541+00', NULL, '', NULL, '', NULL, '', '', NULL, NULL, '{"provider": "email", "providers": ["email"]}', '{"role": "specialist", "full_name": "Specialist Teste 10", "profile_id": "bb21bd80-1518-43cc-9cf9-6fbf6542ec94", "email_verified": true}', NULL, '2025-09-18 03:52:34.229409+00', '2025-09-18 03:52:34.231829+00', NULL, NULL, '', '', NULL, '', 0, NULL, '', NULL, false, NULL, false),
	('00000000-0000-0000-0000-000000000000', 'c85379b5-b3d6-4b24-80ac-be986f9796db', 'authenticated', 'authenticated', 'specialist_4_779723@prolineauto.com.br', '$2a$10$ibKG/2yIstIC./HpkEcyT.gVEQ9nPdTcz/uzbXXz1MWSsL.dCWdTu', '2025-09-18 03:52:33.773945+00', NULL, '', NULL, '', NULL, '', '', NULL, NULL, '{"provider": "email", "providers": ["email"]}', '{"role": "specialist", "full_name": "Specialist Teste 4", "profile_id": "c85379b5-b3d6-4b24-80ac-be986f9796db", "email_verified": true}', NULL, '2025-09-18 03:52:33.77263+00', '2025-09-18 03:52:33.774262+00', NULL, NULL, '', '', NULL, '', 0, NULL, '', NULL, false, NULL, false),
	('00000000-0000-0000-0000-000000000000', '9a34b02b-fa7a-4bee-b2f6-8dfef7598cff', 'authenticated', 'authenticated', 'partner_9_661409@prolineauto.com.br', '$2a$10$hlsnPf0OuB9ImyNY.dS4Eu2xtRLuC5kldvvyDva56R.cj6ZVfzsqe', '2025-09-18 03:52:33.422404+00', NULL, '', NULL, '', NULL, '', '', NULL, NULL, '{"provider": "email", "providers": ["email"]}', '{"role": "partner", "full_name": "Partner Teste 9", "profile_id": "9a34b02b-fa7a-4bee-b2f6-8dfef7598cff", "email_verified": true}', NULL, '2025-09-18 03:52:33.42115+00', '2025-09-18 03:52:33.422704+00', NULL, NULL, '', '', NULL, '', 0, NULL, '', NULL, false, NULL, false),
	('00000000-0000-0000-0000-000000000000', '35a55e3d-de16-4a87-8563-9a67607f6a9e', 'authenticated', 'authenticated', 'specialist_2_693779@prolineauto.com.br', '$2a$10$rLMnUx.2Ykh7FSp1p5DVp.daaYkTc036o7k2K.gRLSN.k0imTqoi.', '2025-09-18 03:52:33.635329+00', NULL, '', NULL, '', NULL, '', '', NULL, NULL, '{"provider": "email", "providers": ["email"]}', '{"role": "specialist", "full_name": "Specialist Teste 2", "profile_id": "35a55e3d-de16-4a87-8563-9a67607f6a9e", "email_verified": true}', NULL, '2025-09-18 03:52:33.63309+00', '2025-09-18 03:52:33.635856+00', NULL, NULL, '', '', NULL, '', 0, NULL, '', NULL, false, NULL, false),
	('00000000-0000-0000-0000-000000000000', '2c30f3c5-ab7b-4a14-bcd6-2e6f01a3e680', 'authenticated', 'authenticated', 'partner_10_803335@prolineauto.com.br', '$2a$10$GZ6YFDMx/4sIuH1qn2I5f.qalCrlD/eW37MY4jxlfAt8KaNuwImwG', '2025-09-18 03:52:33.494891+00', NULL, '', NULL, '', NULL, '', '', NULL, NULL, '{"provider": "email", "providers": ["email"]}', '{"role": "partner", "full_name": "Partner Teste 10", "profile_id": "2c30f3c5-ab7b-4a14-bcd6-2e6f01a3e680", "email_verified": true}', NULL, '2025-09-18 03:52:33.493715+00', '2025-09-18 03:52:33.495202+00', NULL, NULL, '', '', NULL, '', 0, NULL, '', NULL, false, NULL, false),
	('00000000-0000-0000-0000-000000000000', 'd42cd04c-5e54-47c0-9034-817f9375f411', 'authenticated', 'authenticated', 'specialist_6_932376@prolineauto.com.br', '$2a$10$aLvO3GJMwuqoj4LKNTuVA.5jiJ9hitsT9o53BheJ0Ub0IJ03Cbaty', '2025-09-18 03:52:33.909958+00', NULL, '', NULL, '', NULL, '', '', NULL, NULL, '{"provider": "email", "providers": ["email"]}', '{"role": "specialist", "full_name": "Specialist Teste 6", "profile_id": "d42cd04c-5e54-47c0-9034-817f9375f411", "email_verified": true}', NULL, '2025-09-18 03:52:33.908108+00', '2025-09-18 03:52:33.910211+00', NULL, NULL, '', '', NULL, '', 0, NULL, '', NULL, false, NULL, false),
	('00000000-0000-0000-0000-000000000000', '4baa2ab5-e4e2-4c13-b45d-c2af5e91b9a3', 'authenticated', 'authenticated', 'specialist_5_266727@prolineauto.com.br', '$2a$10$2S0YSTC6gaSeAX12bxlToe/3IdvPlsDYk3Tyu87LX0mM3EEMcnmDC', '2025-09-18 03:52:33.840307+00', NULL, '', NULL, '', NULL, '', '', NULL, NULL, '{"provider": "email", "providers": ["email"]}', '{"role": "specialist", "full_name": "Specialist Teste 5", "profile_id": "4baa2ab5-e4e2-4c13-b45d-c2af5e91b9a3", "email_verified": true}', NULL, '2025-09-18 03:52:33.838674+00', '2025-09-18 03:52:33.84062+00', NULL, NULL, '', '', NULL, '', 0, NULL, '', NULL, false, NULL, false),
	('00000000-0000-0000-0000-000000000000', '05b7e076-0e78-4ebd-bb77-94ce3b0e2cc7', 'authenticated', 'authenticated', 'specialist_3_215529@prolineauto.com.br', '$2a$10$gufXpNt84JkAwf9gokDZzejmVspXGozTUUxeFEt87wgQILsxXRWZO', '2025-09-18 03:52:33.7071+00', NULL, '', NULL, '', NULL, '', '', NULL, NULL, '{"provider": "email", "providers": ["email"]}', '{"role": "specialist", "full_name": "Specialist Teste 3", "profile_id": "05b7e076-0e78-4ebd-bb77-94ce3b0e2cc7", "email_verified": true}', NULL, '2025-09-18 03:52:33.70496+00', '2025-09-18 03:52:33.707593+00', NULL, NULL, '', '', NULL, '', 0, NULL, '', NULL, false, NULL, false),
	('00000000-0000-0000-0000-000000000000', '79169e4f-6a42-47d7-8fe3-b003acee5800', 'authenticated', 'authenticated', 'specialist_9_305970@prolineauto.com.br', '$2a$10$M0V..JVPENAXAkVl9yisheAcD2Fr3StsBmVbrjX.XF2R094kTIYhq', '2025-09-18 03:52:34.143591+00', NULL, '', NULL, '', NULL, '', '', NULL, NULL, '{"provider": "email", "providers": ["email"]}', '{"role": "specialist", "full_name": "Specialist Teste 9", "profile_id": "79169e4f-6a42-47d7-8fe3-b003acee5800", "email_verified": true}', NULL, '2025-09-18 03:52:34.141328+00', '2025-09-18 03:52:34.144201+00', NULL, NULL, '', '', NULL, '', 0, NULL, '', NULL, false, NULL, false),
	('00000000-0000-0000-0000-000000000000', '78b24599-56b2-4bfd-9afe-55e1d7ca55c3', 'authenticated', 'authenticated', 'specialist_8_396271@prolineauto.com.br', '$2a$10$WvCUWNNmkV2edjTufwPWFuLhVnJT4pfooVWMZ2oJKxD/ALpcHsqha', '2025-09-18 03:52:34.053284+00', NULL, '', NULL, '', NULL, '', '', NULL, NULL, '{"provider": "email", "providers": ["email"]}', '{"role": "specialist", "full_name": "Specialist Teste 8", "profile_id": "78b24599-56b2-4bfd-9afe-55e1d7ca55c3", "email_verified": true}', NULL, '2025-09-18 03:52:34.051402+00', '2025-09-18 03:52:34.053578+00', NULL, NULL, '', '', NULL, '', 0, NULL, '', NULL, false, NULL, false),
	('00000000-0000-0000-0000-000000000000', '54a01a20-c4dc-4da5-9f1d-493b3bccf052', 'authenticated', 'authenticated', 'mecanica@parceiro.com', '$2a$10$WLPCTyFT1BL9bel4aRjF6uZB3x.NBsedr92kiHyRtJoJHX3YY0T3.', '2025-09-18 03:52:42.510218+00', NULL, '', NULL, '', NULL, '', '', NULL, '2025-09-25 08:31:37.22178+00', '{"provider": "email", "providers": ["email"]}', '{"role": "partner", "full_name": "Parceiro Mecânica", "profile_id": "54a01a20-c4dc-4da5-9f1d-493b3bccf052", "email_verified": true}', NULL, '2025-09-18 03:52:42.508904+00', '2025-09-25 10:27:55.730073+00', NULL, NULL, '', '', NULL, '', 0, NULL, '', NULL, false, NULL, false),
	('00000000-0000-0000-0000-000000000000', '1a53bf65-60e3-4153-900e-61a24d7071f2', 'authenticated', 'authenticated', 'patio@parceiro.com', '$2a$10$W/NglVt.92NJJQqZgzgrGeTOK4skza9ODP7WXJ0Q2FxSNNPInz.lW', '2025-09-18 03:52:42.939652+00', NULL, '', NULL, '', NULL, '', '', NULL, NULL, '{"provider": "email", "providers": ["email"]}', '{"role": "partner", "full_name": "Parceiro Pátio Atacado", "profile_id": "1a53bf65-60e3-4153-900e-61a24d7071f2", "email_verified": true}', NULL, '2025-09-18 03:52:42.937431+00', '2025-09-18 03:52:42.939955+00', NULL, NULL, '', '', NULL, '', 0, NULL, '', NULL, false, NULL, false),
	('00000000-0000-0000-0000-000000000000', 'fe248898-5b39-4fae-8393-2fb558230fbb', 'authenticated', 'authenticated', 'lavagem@parceiro.com', '$2a$10$889JLeTCbJuWfKDti3JEj.I8fh3go4TNxgdPRAaFkKHEFLxjNl2XG', '2025-09-18 03:52:42.684164+00', NULL, '', NULL, '', NULL, '', '', NULL, NULL, '{"provider": "email", "providers": ["email"]}', '{"role": "partner", "full_name": "Parceiro Lavagem", "profile_id": "fe248898-5b39-4fae-8393-2fb558230fbb", "email_verified": true}', NULL, '2025-09-18 03:52:42.682493+00', '2025-09-18 03:52:42.684654+00', NULL, NULL, '', '', NULL, '', 0, NULL, '', NULL, false, NULL, false),
	('00000000-0000-0000-0000-000000000000', '09c5cd0b-a6a2-44ed-8723-19aca349c3e6', 'authenticated', 'authenticated', 'rafaelbsfarias@gmail.com', '$2a$10$FldXrVQ9QR0aD3Je8ljNBeFeTwAmCjCsXPKhm.HYmAOUvhmVA6PSu', NULL, NULL, '', NULL, '', NULL, '', '', NULL, NULL, '{"provider": "email", "providers": ["email"]}', '{"role": "client", "phone": "(71) 99178-1013", "full_name": "rafael", "profile_id": "09c5cd0b-a6a2-44ed-8723-19aca349c3e6"}', NULL, '2025-09-18 15:47:03.180679+00', '2025-09-18 15:47:03.186342+00', NULL, NULL, '', '', NULL, '', 0, NULL, '', NULL, false, NULL, false),
	('00000000-0000-0000-0000-000000000000', '0a51eb28-06fd-48f0-afa4-58d7ef8b9ffd', 'authenticated', 'authenticated', 'pneus@parceiro.com', '$2a$10$55CT5IRwP0Y7KyBbtpPHqeH7mLVWMk1ZoYNVIwOehsZvaNTrUyQca', '2025-09-18 03:52:42.773069+00', NULL, '', NULL, '', NULL, '', '', NULL, NULL, '{"provider": "email", "providers": ["email"]}', '{"role": "partner", "full_name": "Parceiro Pneus", "profile_id": "0a51eb28-06fd-48f0-afa4-58d7ef8b9ffd", "email_verified": true}', NULL, '2025-09-18 03:52:42.770915+00', '2025-09-18 03:52:42.773414+00', NULL, NULL, '', '', NULL, '', 0, NULL, '', NULL, false, NULL, false),
	('00000000-0000-0000-0000-000000000000', '1b80300b-2aec-479d-a88a-606e28645cdd', 'authenticated', 'authenticated', 'pintura@parceiro.com', '$2a$10$POdbSvYRMadqrkXZYqkEO.CWLcQM4siibo/p1uK4NhDWZl68ngFNW', '2025-09-18 03:52:42.607607+00', NULL, '', NULL, '', NULL, '', '', NULL, '2025-09-22 16:18:47.625124+00', '{"provider": "email", "providers": ["email"]}', '{"role": "partner", "full_name": "Parceiro Funilaria/Pintura", "profile_id": "1b80300b-2aec-479d-a88a-606e28645cdd", "email_verified": true}', NULL, '2025-09-18 03:52:42.605716+00', '2025-09-25 07:34:18.394026+00', NULL, NULL, '', '', NULL, '', 0, NULL, '', NULL, false, NULL, false),
	('00000000-0000-0000-0000-000000000000', '724c75aa-247b-45a4-9138-cbc92448b1a8', 'authenticated', 'authenticated', 'loja@parceiro.com', '$2a$10$NNtawczPqLTLJPpa/aNHx.vTTm6OkakiGPwkB7nsVLRfvtASfulLG', '2025-09-18 03:52:42.855606+00', NULL, '', NULL, '', NULL, '', '', NULL, NULL, '{"provider": "email", "providers": ["email"]}', '{"role": "partner", "full_name": "Parceiro Loja", "profile_id": "724c75aa-247b-45a4-9138-cbc92448b1a8", "email_verified": true}', NULL, '2025-09-18 03:52:42.853634+00', '2025-09-18 03:52:42.856169+00', NULL, NULL, '', '', NULL, '', 0, NULL, '', NULL, false, NULL, false);


--
-- Data for Name: identities; Type: TABLE DATA; Schema: auth; Owner: supabase_auth_admin
--

INSERT INTO "auth"."identities" ("provider_id", "user_id", "identity_data", "provider", "last_sign_in_at", "created_at", "updated_at", "id") VALUES
	('20e8e4c3-bc4e-4869-b8d6-c5a06e8d92e3', '20e8e4c3-bc4e-4869-b8d6-c5a06e8d92e3', '{"sub": "20e8e4c3-bc4e-4869-b8d6-c5a06e8d92e3", "email": "admin@prolineauto.com.br", "email_verified": false, "phone_verified": false}', 'email', '2025-09-18 03:52:30.816453+00', '2025-09-18 03:52:30.816522+00', '2025-09-18 03:52:30.816522+00', '72ed0a20-aac6-4a5d-a450-745343e6dd75'),
	('c80f98b9-2141-4afb-94a2-d8bfbc8de50e', 'c80f98b9-2141-4afb-94a2-d8bfbc8de50e', '{"sub": "c80f98b9-2141-4afb-94a2-d8bfbc8de50e", "email": "cliente@prolineauto.com.br", "email_verified": false, "phone_verified": false}', 'email', '2025-09-18 03:52:31.121082+00', '2025-09-18 03:52:31.121108+00', '2025-09-18 03:52:31.121108+00', 'a5898032-af80-41a2-8442-add1d6a74a29'),
	('6a05ec89-30bd-4764-84d0-2c11888abddd', '6a05ec89-30bd-4764-84d0-2c11888abddd', '{"sub": "6a05ec89-30bd-4764-84d0-2c11888abddd", "email": "parceiro@prolineauto.com.br", "email_verified": false, "phone_verified": false}', 'email', '2025-09-18 03:52:31.204425+00', '2025-09-18 03:52:31.204452+00', '2025-09-18 03:52:31.204452+00', '5e645822-fda3-4304-bbc5-2ad4a7b26a02'),
	('97b9308e-c98d-4b69-8666-a2744b0e8e94', '97b9308e-c98d-4b69-8666-a2744b0e8e94', '{"sub": "97b9308e-c98d-4b69-8666-a2744b0e8e94", "email": "especialista@prolineauto.com.br", "email_verified": false, "phone_verified": false}', 'email', '2025-09-18 03:52:31.291406+00', '2025-09-18 03:52:31.291441+00', '2025-09-18 03:52:31.291441+00', '081404e6-fdcc-45fe-8f3f-62d30897ef50'),
	('f1a56c93-6679-4f79-8f4c-5b17ac49d7e0', 'f1a56c93-6679-4f79-8f4c-5b17ac49d7e0', '{"sub": "f1a56c93-6679-4f79-8f4c-5b17ac49d7e0", "email": "admin_1_650272@prolineauto.com.br", "email_verified": false, "phone_verified": false}', 'email', '2025-09-18 03:52:31.422932+00', '2025-09-18 03:52:31.422977+00', '2025-09-18 03:52:31.422977+00', 'a263a9a6-e0dc-4c01-901d-003db640810f'),
	('280a287f-827c-4d31-a4c8-2bbd34725be7', '280a287f-827c-4d31-a4c8-2bbd34725be7', '{"sub": "280a287f-827c-4d31-a4c8-2bbd34725be7", "email": "admin_2_732211@prolineauto.com.br", "email_verified": false, "phone_verified": false}', 'email', '2025-09-18 03:52:31.508169+00', '2025-09-18 03:52:31.508212+00', '2025-09-18 03:52:31.508212+00', '3dc4f48c-1db5-42c3-85ba-8eeb6c4a96b4'),
	('d5205c86-1b4c-4d4e-b63e-471f9ab3ad21', 'd5205c86-1b4c-4d4e-b63e-471f9ab3ad21', '{"sub": "d5205c86-1b4c-4d4e-b63e-471f9ab3ad21", "email": "admin_3_44138@prolineauto.com.br", "email_verified": false, "phone_verified": false}', 'email', '2025-09-18 03:52:31.58177+00', '2025-09-18 03:52:31.581825+00', '2025-09-18 03:52:31.581825+00', '0f13b2bd-cdc6-49d4-8fae-dfb2f7425a4a'),
	('3c406502-2d12-4619-bc5a-ea25533a18be', '3c406502-2d12-4619-bc5a-ea25533a18be', '{"sub": "3c406502-2d12-4619-bc5a-ea25533a18be", "email": "admin_4_393062@prolineauto.com.br", "email_verified": false, "phone_verified": false}', 'email', '2025-09-18 03:52:31.654666+00', '2025-09-18 03:52:31.654706+00', '2025-09-18 03:52:31.654706+00', 'e2f14ed2-78a5-4137-a56a-907262ff5c66'),
	('d34becf0-6ba6-4365-8ccb-a528405f4591', 'd34becf0-6ba6-4365-8ccb-a528405f4591', '{"sub": "d34becf0-6ba6-4365-8ccb-a528405f4591", "email": "admin_5_139625@prolineauto.com.br", "email_verified": false, "phone_verified": false}', 'email', '2025-09-18 03:52:31.72911+00', '2025-09-18 03:52:31.729152+00', '2025-09-18 03:52:31.729152+00', 'ebc7b5d5-b81d-43f2-9e70-5d95282e3ae2'),
	('6c0b433b-5e84-403a-ba20-8757c93cbb81', '6c0b433b-5e84-403a-ba20-8757c93cbb81', '{"sub": "6c0b433b-5e84-403a-ba20-8757c93cbb81", "email": "admin_6_266562@prolineauto.com.br", "email_verified": false, "phone_verified": false}', 'email', '2025-09-18 03:52:31.800092+00', '2025-09-18 03:52:31.800125+00', '2025-09-18 03:52:31.800125+00', 'b8cebade-1049-44a1-9348-bd2acf65de1c'),
	('08974176-19d5-4f94-a340-67cb8a12c2b0', '08974176-19d5-4f94-a340-67cb8a12c2b0', '{"sub": "08974176-19d5-4f94-a340-67cb8a12c2b0", "email": "admin_7_555600@prolineauto.com.br", "email_verified": false, "phone_verified": false}', 'email', '2025-09-18 03:52:31.867123+00', '2025-09-18 03:52:31.867161+00', '2025-09-18 03:52:31.867161+00', 'd43611d9-4d05-4448-90b5-6584dcb33daf'),
	('2a3ab68e-c86e-42b6-acef-306098b1b15f', '2a3ab68e-c86e-42b6-acef-306098b1b15f', '{"sub": "2a3ab68e-c86e-42b6-acef-306098b1b15f", "email": "admin_8_382624@prolineauto.com.br", "email_verified": false, "phone_verified": false}', 'email', '2025-09-18 03:52:31.934834+00', '2025-09-18 03:52:31.934864+00', '2025-09-18 03:52:31.934864+00', '1fcf08ed-0056-44c5-8453-cb0ea8fe8f25'),
	('e7f85fe4-fcf9-40cf-bbb2-17484580833d', 'e7f85fe4-fcf9-40cf-bbb2-17484580833d', '{"sub": "e7f85fe4-fcf9-40cf-bbb2-17484580833d", "email": "admin_9_146158@prolineauto.com.br", "email_verified": false, "phone_verified": false}', 'email', '2025-09-18 03:52:32.00428+00', '2025-09-18 03:52:32.004313+00', '2025-09-18 03:52:32.004313+00', '75676016-6dfa-4500-84eb-f397a4a6dbed'),
	('e7bfc3be-20e4-47f1-bf01-d92e0572bc1e', 'e7bfc3be-20e4-47f1-bf01-d92e0572bc1e', '{"sub": "e7bfc3be-20e4-47f1-bf01-d92e0572bc1e", "email": "admin_10_460037@prolineauto.com.br", "email_verified": false, "phone_verified": false}', 'email', '2025-09-18 03:52:32.070761+00', '2025-09-18 03:52:32.070794+00', '2025-09-18 03:52:32.070794+00', '7bc17658-192c-4a7b-b1f9-c4adc60af3f5'),
	('14836e67-ed6d-4ff8-9188-e1fd5a1c2d1e', '14836e67-ed6d-4ff8-9188-e1fd5a1c2d1e', '{"sub": "14836e67-ed6d-4ff8-9188-e1fd5a1c2d1e", "email": "client_1_145203@prolineauto.com.br", "email_verified": false, "phone_verified": false}', 'email', '2025-09-18 03:52:32.14237+00', '2025-09-18 03:52:32.142395+00', '2025-09-18 03:52:32.142395+00', '4ea7ba1c-0159-49a6-b451-7d60f7d4a01d'),
	('3a45618d-25ec-4153-bd15-4b2c476e1207', '3a45618d-25ec-4153-bd15-4b2c476e1207', '{"sub": "3a45618d-25ec-4153-bd15-4b2c476e1207", "email": "client_2_833012@prolineauto.com.br", "email_verified": false, "phone_verified": false}', 'email', '2025-09-18 03:52:32.224403+00', '2025-09-18 03:52:32.22443+00', '2025-09-18 03:52:32.22443+00', '08ae5f51-1b48-41f7-9d81-f384988e285c'),
	('f0e352ba-7e7f-4c74-93b7-59f177947a59', 'f0e352ba-7e7f-4c74-93b7-59f177947a59', '{"sub": "f0e352ba-7e7f-4c74-93b7-59f177947a59", "email": "client_3_138496@prolineauto.com.br", "email_verified": false, "phone_verified": false}', 'email', '2025-09-18 03:52:32.294524+00', '2025-09-18 03:52:32.294558+00', '2025-09-18 03:52:32.294558+00', 'ad3de7d5-5674-47d2-a6f9-34ceafc8932b'),
	('949015ad-ed71-4fab-9b62-dc5fea76699e', '949015ad-ed71-4fab-9b62-dc5fea76699e', '{"sub": "949015ad-ed71-4fab-9b62-dc5fea76699e", "email": "client_4_60043@prolineauto.com.br", "email_verified": false, "phone_verified": false}', 'email', '2025-09-18 03:52:32.365284+00', '2025-09-18 03:52:32.365313+00', '2025-09-18 03:52:32.365313+00', '312066ba-135a-4214-8e20-eaa32fb3f427'),
	('16d79826-520d-447b-b6b4-5b8690c2155f', '16d79826-520d-447b-b6b4-5b8690c2155f', '{"sub": "16d79826-520d-447b-b6b4-5b8690c2155f", "email": "client_5_290303@prolineauto.com.br", "email_verified": false, "phone_verified": false}', 'email', '2025-09-18 03:52:32.433813+00', '2025-09-18 03:52:32.433841+00', '2025-09-18 03:52:32.433841+00', '149fa930-5594-4d34-8aeb-3aff43ff537e'),
	('6d60d8cf-e7ff-4d80-8a0c-280cc59107e7', '6d60d8cf-e7ff-4d80-8a0c-280cc59107e7', '{"sub": "6d60d8cf-e7ff-4d80-8a0c-280cc59107e7", "email": "client_6_384762@prolineauto.com.br", "email_verified": false, "phone_verified": false}', 'email', '2025-09-18 03:52:32.507426+00', '2025-09-18 03:52:32.507474+00', '2025-09-18 03:52:32.507474+00', 'cfab553b-6396-4da1-acb6-2c66b6504a2e'),
	('605f00d4-6790-4339-be4c-cdb6683ba92f', '605f00d4-6790-4339-be4c-cdb6683ba92f', '{"sub": "605f00d4-6790-4339-be4c-cdb6683ba92f", "email": "client_7_303008@prolineauto.com.br", "email_verified": false, "phone_verified": false}', 'email', '2025-09-18 03:52:32.583071+00', '2025-09-18 03:52:32.583114+00', '2025-09-18 03:52:32.583114+00', '53ad3dc7-0e46-4193-a42c-35bb0a8deb6c'),
	('d9e214fc-3ef1-4f75-8195-ac4dbe9d3e99', 'd9e214fc-3ef1-4f75-8195-ac4dbe9d3e99', '{"sub": "d9e214fc-3ef1-4f75-8195-ac4dbe9d3e99", "email": "client_8_773519@prolineauto.com.br", "email_verified": false, "phone_verified": false}', 'email', '2025-09-18 03:52:32.657092+00', '2025-09-18 03:52:32.657117+00', '2025-09-18 03:52:32.657117+00', '5d9d5d48-ae7d-42c9-9647-b1d579a7f9b5'),
	('9380b9be-9afd-443c-82fa-c9a06d26727f', '9380b9be-9afd-443c-82fa-c9a06d26727f', '{"sub": "9380b9be-9afd-443c-82fa-c9a06d26727f", "email": "client_9_615246@prolineauto.com.br", "email_verified": false, "phone_verified": false}', 'email', '2025-09-18 03:52:32.730345+00', '2025-09-18 03:52:32.730374+00', '2025-09-18 03:52:32.730374+00', '25a64469-a3c2-4ec3-9176-597124919df3'),
	('844b47a4-66eb-4792-b422-c44577491875', '844b47a4-66eb-4792-b422-c44577491875', '{"sub": "844b47a4-66eb-4792-b422-c44577491875", "email": "client_10_589966@prolineauto.com.br", "email_verified": false, "phone_verified": false}', 'email', '2025-09-18 03:52:32.810471+00', '2025-09-18 03:52:32.81053+00', '2025-09-18 03:52:32.81053+00', 'b4475490-711e-4c8d-88bf-3135721a9180'),
	('7207754c-80bf-469c-b0d5-a325f75b4862', '7207754c-80bf-469c-b0d5-a325f75b4862', '{"sub": "7207754c-80bf-469c-b0d5-a325f75b4862", "email": "partner_1_316126@prolineauto.com.br", "email_verified": false, "phone_verified": false}', 'email', '2025-09-18 03:52:32.879217+00', '2025-09-18 03:52:32.879242+00', '2025-09-18 03:52:32.879242+00', 'e0f41cb1-e039-4ba0-a100-ba62e87e7aaf'),
	('ede49a1e-e160-49db-884d-020706439a25', 'ede49a1e-e160-49db-884d-020706439a25', '{"sub": "ede49a1e-e160-49db-884d-020706439a25", "email": "partner_2_114777@prolineauto.com.br", "email_verified": false, "phone_verified": false}', 'email', '2025-09-18 03:52:32.946388+00', '2025-09-18 03:52:32.946411+00', '2025-09-18 03:52:32.946411+00', '55d6afa4-a87b-4e45-9644-d80e5ba23ead'),
	('4d5ff933-9c95-441f-af6d-851ef3fd54c3', '4d5ff933-9c95-441f-af6d-851ef3fd54c3', '{"sub": "4d5ff933-9c95-441f-af6d-851ef3fd54c3", "email": "partner_3_729320@prolineauto.com.br", "email_verified": false, "phone_verified": false}', 'email', '2025-09-18 03:52:33.015822+00', '2025-09-18 03:52:33.015851+00', '2025-09-18 03:52:33.015851+00', 'b33d622e-3d06-4df5-b3ab-c8acecbf035d'),
	('6ebe54b8-f6fa-4008-8894-ccbccadde399', '6ebe54b8-f6fa-4008-8894-ccbccadde399', '{"sub": "6ebe54b8-f6fa-4008-8894-ccbccadde399", "email": "partner_4_999046@prolineauto.com.br", "email_verified": false, "phone_verified": false}', 'email', '2025-09-18 03:52:33.083653+00', '2025-09-18 03:52:33.083686+00', '2025-09-18 03:52:33.083686+00', '0cd2eaf5-2a32-468c-9e36-1a8b2e2f301e'),
	('b2b41b40-e929-40aa-882f-bab5a2d10670', 'b2b41b40-e929-40aa-882f-bab5a2d10670', '{"sub": "b2b41b40-e929-40aa-882f-bab5a2d10670", "email": "partner_5_605143@prolineauto.com.br", "email_verified": false, "phone_verified": false}', 'email', '2025-09-18 03:52:33.150463+00', '2025-09-18 03:52:33.150506+00', '2025-09-18 03:52:33.150506+00', '881ebc28-c393-4a19-a1d1-029802a82242'),
	('00b44cba-28c4-4ca5-bee5-14fbacd88f1b', '00b44cba-28c4-4ca5-bee5-14fbacd88f1b', '{"sub": "00b44cba-28c4-4ca5-bee5-14fbacd88f1b", "email": "partner_6_963070@prolineauto.com.br", "email_verified": false, "phone_verified": false}', 'email', '2025-09-18 03:52:33.219494+00', '2025-09-18 03:52:33.219525+00', '2025-09-18 03:52:33.219525+00', 'e9f69db6-be66-4040-a44c-a30fe0f6f1af'),
	('b44e0331-ddf4-48bb-83f3-e616aa79844f', 'b44e0331-ddf4-48bb-83f3-e616aa79844f', '{"sub": "b44e0331-ddf4-48bb-83f3-e616aa79844f", "email": "partner_7_928003@prolineauto.com.br", "email_verified": false, "phone_verified": false}', 'email', '2025-09-18 03:52:33.28618+00', '2025-09-18 03:52:33.28621+00', '2025-09-18 03:52:33.28621+00', '70a75598-4969-49e3-82c6-649c7453a414'),
	('ef2eb5a2-1291-4407-b30d-dc9d15848776', 'ef2eb5a2-1291-4407-b30d-dc9d15848776', '{"sub": "ef2eb5a2-1291-4407-b30d-dc9d15848776", "email": "partner_8_927423@prolineauto.com.br", "email_verified": false, "phone_verified": false}', 'email', '2025-09-18 03:52:33.353218+00', '2025-09-18 03:52:33.353243+00', '2025-09-18 03:52:33.353243+00', '2d380349-898d-4cfa-b5ba-d60d820078de'),
	('9a34b02b-fa7a-4bee-b2f6-8dfef7598cff', '9a34b02b-fa7a-4bee-b2f6-8dfef7598cff', '{"sub": "9a34b02b-fa7a-4bee-b2f6-8dfef7598cff", "email": "partner_9_661409@prolineauto.com.br", "email_verified": false, "phone_verified": false}', 'email', '2025-09-18 03:52:33.421736+00', '2025-09-18 03:52:33.421768+00', '2025-09-18 03:52:33.421768+00', 'ad1a1eb5-8760-48e2-9e86-4c7ce8f22369'),
	('2c30f3c5-ab7b-4a14-bcd6-2e6f01a3e680', '2c30f3c5-ab7b-4a14-bcd6-2e6f01a3e680', '{"sub": "2c30f3c5-ab7b-4a14-bcd6-2e6f01a3e680", "email": "partner_10_803335@prolineauto.com.br", "email_verified": false, "phone_verified": false}', 'email', '2025-09-18 03:52:33.494274+00', '2025-09-18 03:52:33.494298+00', '2025-09-18 03:52:33.494298+00', '1d85e988-a739-4e67-8fe6-7eea1a26afca'),
	('03b35710-4df5-46be-930e-00d03076a927', '03b35710-4df5-46be-930e-00d03076a927', '{"sub": "03b35710-4df5-46be-930e-00d03076a927", "email": "specialist_1_397120@prolineauto.com.br", "email_verified": false, "phone_verified": false}', 'email', '2025-09-18 03:52:33.560981+00', '2025-09-18 03:52:33.561091+00', '2025-09-18 03:52:33.561091+00', '8f855b93-61c8-4591-983a-d461a9939c57'),
	('35a55e3d-de16-4a87-8563-9a67607f6a9e', '35a55e3d-de16-4a87-8563-9a67607f6a9e', '{"sub": "35a55e3d-de16-4a87-8563-9a67607f6a9e", "email": "specialist_2_693779@prolineauto.com.br", "email_verified": false, "phone_verified": false}', 'email', '2025-09-18 03:52:33.633893+00', '2025-09-18 03:52:33.633946+00', '2025-09-18 03:52:33.633946+00', '6adf587d-cb87-44dd-a95e-f7035417ed2b'),
	('05b7e076-0e78-4ebd-bb77-94ce3b0e2cc7', '05b7e076-0e78-4ebd-bb77-94ce3b0e2cc7', '{"sub": "05b7e076-0e78-4ebd-bb77-94ce3b0e2cc7", "email": "specialist_3_215529@prolineauto.com.br", "email_verified": false, "phone_verified": false}', 'email', '2025-09-18 03:52:33.705683+00', '2025-09-18 03:52:33.70571+00', '2025-09-18 03:52:33.70571+00', '95f9390c-e100-4a1f-92e0-b8d6c1a638c4'),
	('c85379b5-b3d6-4b24-80ac-be986f9796db', 'c85379b5-b3d6-4b24-80ac-be986f9796db', '{"sub": "c85379b5-b3d6-4b24-80ac-be986f9796db", "email": "specialist_4_779723@prolineauto.com.br", "email_verified": false, "phone_verified": false}', 'email', '2025-09-18 03:52:33.773219+00', '2025-09-18 03:52:33.773244+00', '2025-09-18 03:52:33.773244+00', 'd67cc617-a5e5-4dfd-af60-4d6025c23efb'),
	('4baa2ab5-e4e2-4c13-b45d-c2af5e91b9a3', '4baa2ab5-e4e2-4c13-b45d-c2af5e91b9a3', '{"sub": "4baa2ab5-e4e2-4c13-b45d-c2af5e91b9a3", "email": "specialist_5_266727@prolineauto.com.br", "email_verified": false, "phone_verified": false}', 'email', '2025-09-18 03:52:33.839372+00', '2025-09-18 03:52:33.839412+00', '2025-09-18 03:52:33.839412+00', 'a2142608-ce77-4d54-93c7-0305113c6a02'),
	('d42cd04c-5e54-47c0-9034-817f9375f411', 'd42cd04c-5e54-47c0-9034-817f9375f411', '{"sub": "d42cd04c-5e54-47c0-9034-817f9375f411", "email": "specialist_6_932376@prolineauto.com.br", "email_verified": false, "phone_verified": false}', 'email', '2025-09-18 03:52:33.908925+00', '2025-09-18 03:52:33.908966+00', '2025-09-18 03:52:33.908966+00', '9d79421d-ed1b-470b-b061-d08fe8225477'),
	('a45c93a2-7040-41f6-a735-d7168af3552a', 'a45c93a2-7040-41f6-a735-d7168af3552a', '{"sub": "a45c93a2-7040-41f6-a735-d7168af3552a", "email": "specialist_7_40066@prolineauto.com.br", "email_verified": false, "phone_verified": false}', 'email', '2025-09-18 03:52:33.984233+00', '2025-09-18 03:52:33.984264+00', '2025-09-18 03:52:33.984264+00', '637e95ba-afac-427a-89ee-b4bafc3389af'),
	('78b24599-56b2-4bfd-9afe-55e1d7ca55c3', '78b24599-56b2-4bfd-9afe-55e1d7ca55c3', '{"sub": "78b24599-56b2-4bfd-9afe-55e1d7ca55c3", "email": "specialist_8_396271@prolineauto.com.br", "email_verified": false, "phone_verified": false}', 'email', '2025-09-18 03:52:34.052211+00', '2025-09-18 03:52:34.052254+00', '2025-09-18 03:52:34.052254+00', '5e008cf2-5d9f-4578-8ad6-ccd5b00e77b0'),
	('79169e4f-6a42-47d7-8fe3-b003acee5800', '79169e4f-6a42-47d7-8fe3-b003acee5800', '{"sub": "79169e4f-6a42-47d7-8fe3-b003acee5800", "email": "specialist_9_305970@prolineauto.com.br", "email_verified": false, "phone_verified": false}', 'email', '2025-09-18 03:52:34.142116+00', '2025-09-18 03:52:34.142144+00', '2025-09-18 03:52:34.142144+00', '7e6d341b-887c-4f05-ad06-01bbc664ee48'),
	('bb21bd80-1518-43cc-9cf9-6fbf6542ec94', 'bb21bd80-1518-43cc-9cf9-6fbf6542ec94', '{"sub": "bb21bd80-1518-43cc-9cf9-6fbf6542ec94", "email": "specialist_10_534992@prolineauto.com.br", "email_verified": false, "phone_verified": false}', 'email', '2025-09-18 03:52:34.230301+00', '2025-09-18 03:52:34.230342+00', '2025-09-18 03:52:34.230342+00', 'e15d4873-a3dc-42a7-8182-ac86e9f4c44d'),
	('54a01a20-c4dc-4da5-9f1d-493b3bccf052', '54a01a20-c4dc-4da5-9f1d-493b3bccf052', '{"sub": "54a01a20-c4dc-4da5-9f1d-493b3bccf052", "email": "mecanica@parceiro.com", "email_verified": false, "phone_verified": false}', 'email', '2025-09-18 03:52:42.509509+00', '2025-09-18 03:52:42.509534+00', '2025-09-18 03:52:42.509534+00', '02706a12-ad3c-41df-88dd-0e23958368dd'),
	('1b80300b-2aec-479d-a88a-606e28645cdd', '1b80300b-2aec-479d-a88a-606e28645cdd', '{"sub": "1b80300b-2aec-479d-a88a-606e28645cdd", "email": "pintura@parceiro.com", "email_verified": false, "phone_verified": false}', 'email', '2025-09-18 03:52:42.606434+00', '2025-09-18 03:52:42.606501+00', '2025-09-18 03:52:42.606501+00', 'f0c8acb8-17c6-4881-8e62-3e5ecb4c6ead'),
	('fe248898-5b39-4fae-8393-2fb558230fbb', 'fe248898-5b39-4fae-8393-2fb558230fbb', '{"sub": "fe248898-5b39-4fae-8393-2fb558230fbb", "email": "lavagem@parceiro.com", "email_verified": false, "phone_verified": false}', 'email', '2025-09-18 03:52:42.683071+00', '2025-09-18 03:52:42.683095+00', '2025-09-18 03:52:42.683095+00', 'a5e51600-b671-4e28-82f1-ccc25c7d8bc3'),
	('0a51eb28-06fd-48f0-afa4-58d7ef8b9ffd', '0a51eb28-06fd-48f0-afa4-58d7ef8b9ffd', '{"sub": "0a51eb28-06fd-48f0-afa4-58d7ef8b9ffd", "email": "pneus@parceiro.com", "email_verified": false, "phone_verified": false}', 'email', '2025-09-18 03:52:42.771763+00', '2025-09-18 03:52:42.771804+00', '2025-09-18 03:52:42.771804+00', '433dbce4-bc27-4558-b001-9a994808c1cd'),
	('724c75aa-247b-45a4-9138-cbc92448b1a8', '724c75aa-247b-45a4-9138-cbc92448b1a8', '{"sub": "724c75aa-247b-45a4-9138-cbc92448b1a8", "email": "loja@parceiro.com", "email_verified": false, "phone_verified": false}', 'email', '2025-09-18 03:52:42.854379+00', '2025-09-18 03:52:42.854405+00', '2025-09-18 03:52:42.854405+00', '117bc72c-158d-444a-a307-ca2290001218'),
	('1a53bf65-60e3-4153-900e-61a24d7071f2', '1a53bf65-60e3-4153-900e-61a24d7071f2', '{"sub": "1a53bf65-60e3-4153-900e-61a24d7071f2", "email": "patio@parceiro.com", "email_verified": false, "phone_verified": false}', 'email', '2025-09-18 03:52:42.938284+00', '2025-09-18 03:52:42.938331+00', '2025-09-18 03:52:42.938331+00', '46d784c3-3f4b-425a-a9da-eb817388345e'),
	('09c5cd0b-a6a2-44ed-8723-19aca349c3e6', '09c5cd0b-a6a2-44ed-8723-19aca349c3e6', '{"sub": "09c5cd0b-a6a2-44ed-8723-19aca349c3e6", "email": "rafaelbsfarias@gmail.com", "email_verified": false, "phone_verified": false}', 'email', '2025-09-18 15:47:03.18419+00', '2025-09-18 15:47:03.184247+00', '2025-09-18 15:47:03.184247+00', '3dc5dbbb-6176-4fa8-bd93-86a08e4879d9');


--
-- Data for Name: instances; Type: TABLE DATA; Schema: auth; Owner: supabase_auth_admin
--



--
-- Data for Name: sessions; Type: TABLE DATA; Schema: auth; Owner: supabase_auth_admin
--

INSERT INTO "auth"."sessions" ("id", "user_id", "created_at", "updated_at", "factor_id", "aal", "not_after", "refreshed_at", "user_agent", "ip", "tag") VALUES
	('5adb21cd-d3ce-40d8-ab8b-5605ec2a0afd', 'c80f98b9-2141-4afb-94a2-d8bfbc8de50e', '2025-09-18 03:53:15.496377+00', '2025-09-22 15:56:15.594358+00', NULL, 'aal1', NULL, '2025-09-22 15:56:15.594308', 'Mozilla/5.0 (X11; Linux x86_64) AppleWebKit/537.36 (KHTML, like Gecko) Chrome/139.0.0.0 Safari/537.36', '172.22.0.1', NULL),
	('75d7a4ea-bfd4-4ef9-800a-f149672a130b', '97b9308e-c98d-4b69-8666-a2744b0e8e94', '2025-09-22 15:58:21.018068+00', '2025-09-22 15:58:21.018068+00', NULL, 'aal1', NULL, NULL, 'Mozilla/5.0 (X11; Linux x86_64) AppleWebKit/537.36 (KHTML, like Gecko) Chrome/139.0.0.0 Safari/537.36', '172.22.0.1', NULL),
	('aee8e2ac-01f3-4f99-bdc0-73a0ce145e79', '20e8e4c3-bc4e-4869-b8d6-c5a06e8d92e3', '2025-09-22 15:58:12.126329+00', '2025-09-22 16:56:19.306993+00', NULL, 'aal1', NULL, '2025-09-22 16:56:19.306885', 'Mozilla/5.0 (X11; Linux x86_64; rv:142.0) Gecko/20100101 Firefox/142.0', '172.22.0.1', NULL),
	('cb24b084-80f3-4035-b9cd-158144c6e243', 'c80f98b9-2141-4afb-94a2-d8bfbc8de50e', '2025-09-22 15:57:55.965362+00', '2025-09-25 07:29:59.724746+00', NULL, 'aal1', NULL, '2025-09-25 07:29:59.724691', 'Mozilla/5.0 (X11; Linux x86_64) AppleWebKit/537.36 (KHTML, like Gecko) Chrome/140.0.0.0 Safari/537.36', '172.20.0.1', NULL),
	('e8bd70df-9343-4a71-9789-8b070d5500b4', '97b9308e-c98d-4b69-8666-a2744b0e8e94', '2025-09-25 07:31:15.443591+00', '2025-09-25 07:31:15.443591+00', NULL, 'aal1', NULL, NULL, 'Mozilla/5.0 (X11; Linux x86_64) AppleWebKit/537.36 (KHTML, like Gecko) Chrome/140.0.0.0 Safari/537.36', '172.20.0.1', NULL),
	('ded2d057-1822-4b86-a9d9-53b2edbc21a0', '1b80300b-2aec-479d-a88a-606e28645cdd', '2025-09-22 16:18:47.625718+00', '2025-09-25 07:34:18.39493+00', NULL, 'aal1', NULL, '2025-09-25 07:34:18.394863', 'Mozilla/5.0 (X11; Linux x86_64; rv:143.0) Gecko/20100101 Firefox/143.0', '172.20.0.1', NULL),
	('f609ce3a-18a9-49f0-bc53-565a1129f403', '54a01a20-c4dc-4da5-9f1d-493b3bccf052', '2025-09-25 07:34:44.460476+00', '2025-09-25 08:32:44.733106+00', NULL, 'aal1', NULL, '2025-09-25 08:32:44.732995', 'Mozilla/5.0 (X11; Linux x86_64; rv:143.0) Gecko/20100101 Firefox/143.0', '172.20.0.1', NULL),
	('4971b9f5-06bf-48a9-b142-678365e44d55', '54a01a20-c4dc-4da5-9f1d-493b3bccf052', '2025-09-25 08:31:37.221823+00', '2025-09-25 10:27:55.731103+00', NULL, 'aal1', NULL, '2025-09-25 10:27:55.730992', 'Mozilla/5.0 (X11; Linux x86_64) AppleWebKit/537.36 (KHTML, like Gecko) Code/1.104.1 Chrome/138.0.7204.235 Electron/37.3.1 Safari/537.36', '172.20.0.1', NULL);


--
-- Data for Name: mfa_amr_claims; Type: TABLE DATA; Schema: auth; Owner: supabase_auth_admin
--

INSERT INTO "auth"."mfa_amr_claims" ("session_id", "created_at", "updated_at", "authentication_method", "id") VALUES
	('5adb21cd-d3ce-40d8-ab8b-5605ec2a0afd', '2025-09-18 03:53:15.498341+00', '2025-09-18 03:53:15.498341+00', 'password', 'e8824058-e253-4f99-af8e-ce8566adb9c6'),
	('cb24b084-80f3-4035-b9cd-158144c6e243', '2025-09-22 15:57:55.966959+00', '2025-09-22 15:57:55.966959+00', 'password', 'a5743680-4777-4710-9d21-cefccf75bae1'),
	('aee8e2ac-01f3-4f99-bdc0-73a0ce145e79', '2025-09-22 15:58:12.127183+00', '2025-09-22 15:58:12.127183+00', 'password', '822c17de-9ddc-4ec0-853e-6f2993ce66fc'),
	('75d7a4ea-bfd4-4ef9-800a-f149672a130b', '2025-09-22 15:58:21.01911+00', '2025-09-22 15:58:21.01911+00', 'password', 'cb035b70-8849-4487-811d-ffcf5bc7369b'),
	('ded2d057-1822-4b86-a9d9-53b2edbc21a0', '2025-09-22 16:18:47.629032+00', '2025-09-22 16:18:47.629032+00', 'password', '0d7712a2-4224-4225-b775-2e59316d5474'),
	('e8bd70df-9343-4a71-9789-8b070d5500b4', '2025-09-25 07:31:15.444547+00', '2025-09-25 07:31:15.444547+00', 'password', 'd20238b4-a487-4b4e-84ce-fc3417bf9d55'),
	('f609ce3a-18a9-49f0-bc53-565a1129f403', '2025-09-25 07:34:44.461332+00', '2025-09-25 07:34:44.461332+00', 'password', '08352897-0075-4f74-96a9-033b17714241'),
	('4971b9f5-06bf-48a9-b142-678365e44d55', '2025-09-25 08:31:37.224234+00', '2025-09-25 08:31:37.224234+00', 'password', 'ff53780a-34e5-41a7-aa3d-71f6f5a058ed');


--
-- Data for Name: mfa_factors; Type: TABLE DATA; Schema: auth; Owner: supabase_auth_admin
--



--
-- Data for Name: mfa_challenges; Type: TABLE DATA; Schema: auth; Owner: supabase_auth_admin
--



--
-- Data for Name: oauth_clients; Type: TABLE DATA; Schema: auth; Owner: supabase_auth_admin
--



--
-- Data for Name: one_time_tokens; Type: TABLE DATA; Schema: auth; Owner: supabase_auth_admin
--



--
-- Data for Name: refresh_tokens; Type: TABLE DATA; Schema: auth; Owner: supabase_auth_admin
--

INSERT INTO "auth"."refresh_tokens" ("instance_id", "id", "token", "user_id", "revoked", "created_at", "updated_at", "parent", "session_id") VALUES
	('00000000-0000-0000-0000-000000000000', 254, 'zgvyswlmaia5', '97b9308e-c98d-4b69-8666-a2744b0e8e94', false, '2025-09-22 15:58:21.018445+00', '2025-09-22 15:58:21.018445+00', NULL, '75d7a4ea-bfd4-4ef9-800a-f149672a130b'),
	('00000000-0000-0000-0000-000000000000', 44, 'dau7crgeeo63', 'c80f98b9-2141-4afb-94a2-d8bfbc8de50e', true, '2025-09-18 20:06:01.931963+00', '2025-09-19 16:14:17.720298+00', 'vnpdvkql7ddr', '5adb21cd-d3ce-40d8-ab8b-5605ec2a0afd'),
	('00000000-0000-0000-0000-000000000000', 253, 'bsuabycwuj7g', '20e8e4c3-bc4e-4869-b8d6-c5a06e8d92e3', true, '2025-09-22 15:58:12.126708+00', '2025-09-22 16:56:19.299752+00', NULL, 'aee8e2ac-01f3-4f99-bdc0-73a0ce145e79'),
	('00000000-0000-0000-0000-000000000000', 256, 'nhqugkjt4o5v', '20e8e4c3-bc4e-4869-b8d6-c5a06e8d92e3', false, '2025-09-22 16:56:19.302432+00', '2025-09-22 16:56:19.302432+00', 'bsuabycwuj7g', 'aee8e2ac-01f3-4f99-bdc0-73a0ce145e79'),
	('00000000-0000-0000-0000-000000000000', 251, '74h5ydzromvm', 'c80f98b9-2141-4afb-94a2-d8bfbc8de50e', true, '2025-09-22 15:57:55.966215+00', '2025-09-22 17:29:06.205335+00', NULL, 'cb24b084-80f3-4035-b9cd-158144c6e243'),
	('00000000-0000-0000-0000-000000000000', 257, 'hshaacxu2kwq', 'c80f98b9-2141-4afb-94a2-d8bfbc8de50e', true, '2025-09-22 17:29:06.208178+00', '2025-09-25 07:29:59.720709+00', '74h5ydzromvm', 'cb24b084-80f3-4035-b9cd-158144c6e243'),
	('00000000-0000-0000-0000-000000000000', 2, 'vrpbdo5dyi3c', 'c80f98b9-2141-4afb-94a2-d8bfbc8de50e', true, '2025-09-18 03:53:15.497038+00', '2025-09-18 14:39:50.15142+00', NULL, '5adb21cd-d3ce-40d8-ab8b-5605ec2a0afd'),
	('00000000-0000-0000-0000-000000000000', 28, 'prhhbqp63jyw', 'c80f98b9-2141-4afb-94a2-d8bfbc8de50e', true, '2025-09-18 14:39:50.15153+00', '2025-09-18 17:11:47.380811+00', 'vrpbdo5dyi3c', '5adb21cd-d3ce-40d8-ab8b-5605ec2a0afd'),
	('00000000-0000-0000-0000-000000000000', 35, '2vf3f2xiwuei', 'c80f98b9-2141-4afb-94a2-d8bfbc8de50e', true, '2025-09-18 17:11:47.381072+00', '2025-09-18 18:10:43.072747+00', 'prhhbqp63jyw', '5adb21cd-d3ce-40d8-ab8b-5605ec2a0afd'),
	('00000000-0000-0000-0000-000000000000', 39, 'vnpdvkql7ddr', 'c80f98b9-2141-4afb-94a2-d8bfbc8de50e', true, '2025-09-18 18:10:43.07309+00', '2025-09-18 20:06:01.931414+00', '2vf3f2xiwuei', '5adb21cd-d3ce-40d8-ab8b-5605ec2a0afd'),
	('00000000-0000-0000-0000-000000000000', 258, 'hwgpkmlnzt2h', 'c80f98b9-2141-4afb-94a2-d8bfbc8de50e', false, '2025-09-25 07:29:59.721342+00', '2025-09-25 07:29:59.721342+00', 'hshaacxu2kwq', 'cb24b084-80f3-4035-b9cd-158144c6e243'),
	('00000000-0000-0000-0000-000000000000', 259, 'kxmsdb6hq5i3', '97b9308e-c98d-4b69-8666-a2744b0e8e94', false, '2025-09-25 07:31:15.444061+00', '2025-09-25 07:31:15.444061+00', NULL, 'e8bd70df-9343-4a71-9789-8b070d5500b4'),
	('00000000-0000-0000-0000-000000000000', 255, 'gxskheqp5qna', '1b80300b-2aec-479d-a88a-606e28645cdd', true, '2025-09-22 16:18:47.626907+00', '2025-09-25 07:34:18.392878+00', NULL, 'ded2d057-1822-4b86-a9d9-53b2edbc21a0'),
	('00000000-0000-0000-0000-000000000000', 260, '4vf55qhcxgn6', '1b80300b-2aec-479d-a88a-606e28645cdd', false, '2025-09-25 07:34:18.39313+00', '2025-09-25 07:34:18.39313+00', 'gxskheqp5qna', 'ded2d057-1822-4b86-a9d9-53b2edbc21a0'),
	('00000000-0000-0000-0000-000000000000', 261, 'dua7ug42tsim', '54a01a20-c4dc-4da5-9f1d-493b3bccf052', true, '2025-09-25 07:34:44.460818+00', '2025-09-25 08:32:44.728106+00', NULL, 'f609ce3a-18a9-49f0-bc53-565a1129f403'),
	('00000000-0000-0000-0000-000000000000', 263, 'z7vucyp2qaqn', '54a01a20-c4dc-4da5-9f1d-493b3bccf052', false, '2025-09-25 08:32:44.730679+00', '2025-09-25 08:32:44.730679+00', 'dua7ug42tsim', 'f609ce3a-18a9-49f0-bc53-565a1129f403'),
	('00000000-0000-0000-0000-000000000000', 262, 'jywhpt2ksk7o', '54a01a20-c4dc-4da5-9f1d-493b3bccf052', true, '2025-09-25 08:31:37.222416+00', '2025-09-25 09:29:55.725655+00', NULL, '4971b9f5-06bf-48a9-b142-678365e44d55'),
	('00000000-0000-0000-0000-000000000000', 264, 'itq4w5fraswx', '54a01a20-c4dc-4da5-9f1d-493b3bccf052', true, '2025-09-25 09:29:55.727059+00', '2025-09-25 10:27:55.728444+00', 'jywhpt2ksk7o', '4971b9f5-06bf-48a9-b142-678365e44d55'),
	('00000000-0000-0000-0000-000000000000', 265, 'zrefpzbz744z', '54a01a20-c4dc-4da5-9f1d-493b3bccf052', false, '2025-09-25 10:27:55.728968+00', '2025-09-25 10:27:55.728968+00', 'itq4w5fraswx', '4971b9f5-06bf-48a9-b142-678365e44d55'),
	('00000000-0000-0000-0000-000000000000', 90, 'jcsmhgva3vvr', 'c80f98b9-2141-4afb-94a2-d8bfbc8de50e', true, '2025-09-19 16:14:17.720481+00', '2025-09-19 17:28:50.164947+00', 'dau7crgeeo63', '5adb21cd-d3ce-40d8-ab8b-5605ec2a0afd'),
	('00000000-0000-0000-0000-000000000000', 94, 'vx45vpn2zhpi', 'c80f98b9-2141-4afb-94a2-d8bfbc8de50e', true, '2025-09-19 17:28:50.165627+00', '2025-09-19 19:30:30.81851+00', 'jcsmhgva3vvr', '5adb21cd-d3ce-40d8-ab8b-5605ec2a0afd'),
	('00000000-0000-0000-0000-000000000000', 163, 'vhavqzszg3ec', 'c80f98b9-2141-4afb-94a2-d8bfbc8de50e', true, '2025-09-20 23:10:25.731751+00', '2025-09-22 15:56:15.592037+00', 'j34gmtspp3t4', '5adb21cd-d3ce-40d8-ab8b-5605ec2a0afd'),
	('00000000-0000-0000-0000-000000000000', 100, 'vm4allxwiiki', 'c80f98b9-2141-4afb-94a2-d8bfbc8de50e', true, '2025-09-19 19:30:30.819831+00', '2025-09-19 20:28:44.39876+00', 'vx45vpn2zhpi', '5adb21cd-d3ce-40d8-ab8b-5605ec2a0afd'),
	('00000000-0000-0000-0000-000000000000', 104, 'ivqdxmksbfwx', 'c80f98b9-2141-4afb-94a2-d8bfbc8de50e', true, '2025-09-19 20:28:44.399851+00', '2025-09-19 23:47:10.560554+00', 'vm4allxwiiki', '5adb21cd-d3ce-40d8-ab8b-5605ec2a0afd'),
	('00000000-0000-0000-0000-000000000000', 113, 'j34gmtspp3t4', 'c80f98b9-2141-4afb-94a2-d8bfbc8de50e', true, '2025-09-19 23:47:10.561+00', '2025-09-20 23:10:25.731232+00', 'ivqdxmksbfwx', '5adb21cd-d3ce-40d8-ab8b-5605ec2a0afd'),
	('00000000-0000-0000-0000-000000000000', 250, 'wi5swqpddjid', 'c80f98b9-2141-4afb-94a2-d8bfbc8de50e', false, '2025-09-22 15:56:15.592631+00', '2025-09-22 15:56:15.592631+00', 'vhavqzszg3ec', '5adb21cd-d3ce-40d8-ab8b-5605ec2a0afd');


--
-- Data for Name: sso_providers; Type: TABLE DATA; Schema: auth; Owner: supabase_auth_admin
--



--
-- Data for Name: saml_providers; Type: TABLE DATA; Schema: auth; Owner: supabase_auth_admin
--



--
-- Data for Name: saml_relay_states; Type: TABLE DATA; Schema: auth; Owner: supabase_auth_admin
--



--
-- Data for Name: sso_domains; Type: TABLE DATA; Schema: auth; Owner: supabase_auth_admin
--



--
-- Data for Name: profiles; Type: TABLE DATA; Schema: public; Owner: postgres
--

INSERT INTO "public"."profiles" ("id", "created_at", "updated_at", "full_name", "role", "status", "must_change_password") VALUES
	('20e8e4c3-bc4e-4869-b8d6-c5a06e8d92e3', '2025-09-18 03:52:31.021643+00', '2025-09-18 03:52:31.021643+00', 'Administrador Principal', 'admin', 'ativo', false),
	('c80f98b9-2141-4afb-94a2-d8bfbc8de50e', '2025-09-18 03:52:31.128438+00', '2025-09-18 03:52:31.128438+00', 'Cliente Teste 13994', 'client', 'ativo', false),
	('6a05ec89-30bd-4764-84d0-2c11888abddd', '2025-09-18 03:52:31.21037+00', '2025-09-18 03:52:31.21037+00', 'Parceiro Teste 51845', 'partner', 'ativo', false),
	('97b9308e-c98d-4b69-8666-a2744b0e8e94', '2025-09-18 03:52:31.297856+00', '2025-09-18 03:52:31.297856+00', 'Especialista Teste 19116', 'specialist', 'ativo', false),
	('f1a56c93-6679-4f79-8f4c-5b17ac49d7e0', '2025-09-18 03:52:31.429871+00', '2025-09-18 03:52:31.429871+00', 'Admin Teste 1', 'admin', 'ativo', false),
	('280a287f-827c-4d31-a4c8-2bbd34725be7', '2025-09-18 03:52:31.514319+00', '2025-09-18 03:52:31.514319+00', 'Admin Teste 2', 'admin', 'ativo', false),
	('d5205c86-1b4c-4d4e-b63e-471f9ab3ad21', '2025-09-18 03:52:31.588398+00', '2025-09-18 03:52:31.588398+00', 'Admin Teste 3', 'admin', 'ativo', false),
	('3c406502-2d12-4619-bc5a-ea25533a18be', '2025-09-18 03:52:31.660904+00', '2025-09-18 03:52:31.660904+00', 'Admin Teste 4', 'admin', 'ativo', false),
	('d34becf0-6ba6-4365-8ccb-a528405f4591', '2025-09-18 03:52:31.733891+00', '2025-09-18 03:52:31.733891+00', 'Admin Teste 5', 'admin', 'ativo', false),
	('6c0b433b-5e84-403a-ba20-8757c93cbb81', '2025-09-18 03:52:31.80462+00', '2025-09-18 03:52:31.80462+00', 'Admin Teste 6', 'admin', 'ativo', false),
	('08974176-19d5-4f94-a340-67cb8a12c2b0', '2025-09-18 03:52:31.870752+00', '2025-09-18 03:52:31.870752+00', 'Admin Teste 7', 'admin', 'ativo', false),
	('2a3ab68e-c86e-42b6-acef-306098b1b15f', '2025-09-18 03:52:31.938999+00', '2025-09-18 03:52:31.938999+00', 'Admin Teste 8', 'admin', 'ativo', false),
	('e7f85fe4-fcf9-40cf-bbb2-17484580833d', '2025-09-18 03:52:32.008513+00', '2025-09-18 03:52:32.008513+00', 'Admin Teste 9', 'admin', 'ativo', false),
	('e7bfc3be-20e4-47f1-bf01-d92e0572bc1e', '2025-09-18 03:52:32.074926+00', '2025-09-18 03:52:32.074926+00', 'Admin Teste 10', 'admin', 'ativo', false),
	('14836e67-ed6d-4ff8-9188-e1fd5a1c2d1e', '2025-09-18 03:52:32.146268+00', '2025-09-18 03:52:32.146268+00', 'Client Teste 1', 'client', 'ativo', false),
	('3a45618d-25ec-4153-bd15-4b2c476e1207', '2025-09-18 03:52:32.229251+00', '2025-09-18 03:52:32.229251+00', 'Client Teste 2', 'client', 'ativo', false),
	('f0e352ba-7e7f-4c74-93b7-59f177947a59', '2025-09-18 03:52:32.299492+00', '2025-09-18 03:52:32.299492+00', 'Client Teste 3', 'client', 'ativo', false),
	('949015ad-ed71-4fab-9b62-dc5fea76699e', '2025-09-18 03:52:32.369807+00', '2025-09-18 03:52:32.369807+00', 'Client Teste 4', 'client', 'ativo', false),
	('16d79826-520d-447b-b6b4-5b8690c2155f', '2025-09-18 03:52:32.439966+00', '2025-09-18 03:52:32.439966+00', 'Client Teste 5', 'client', 'ativo', false),
	('6d60d8cf-e7ff-4d80-8a0c-280cc59107e7', '2025-09-18 03:52:32.512253+00', '2025-09-18 03:52:32.512253+00', 'Client Teste 6', 'client', 'ativo', false),
	('605f00d4-6790-4339-be4c-cdb6683ba92f', '2025-09-18 03:52:32.587986+00', '2025-09-18 03:52:32.587986+00', 'Client Teste 7', 'client', 'ativo', false),
	('d9e214fc-3ef1-4f75-8195-ac4dbe9d3e99', '2025-09-18 03:52:32.662822+00', '2025-09-18 03:52:32.662822+00', 'Client Teste 8', 'client', 'ativo', false),
	('9380b9be-9afd-443c-82fa-c9a06d26727f', '2025-09-18 03:52:32.734855+00', '2025-09-18 03:52:32.734855+00', 'Client Teste 9', 'client', 'ativo', false),
	('844b47a4-66eb-4792-b422-c44577491875', '2025-09-18 03:52:32.815243+00', '2025-09-18 03:52:32.815243+00', 'Client Teste 10', 'client', 'ativo', false),
	('7207754c-80bf-469c-b0d5-a325f75b4862', '2025-09-18 03:52:32.883543+00', '2025-09-18 03:52:32.883543+00', 'Partner Teste 1', 'partner', 'ativo', false),
	('ede49a1e-e160-49db-884d-020706439a25', '2025-09-18 03:52:32.95093+00', '2025-09-18 03:52:32.95093+00', 'Partner Teste 2', 'partner', 'ativo', false),
	('4d5ff933-9c95-441f-af6d-851ef3fd54c3', '2025-09-18 03:52:33.019945+00', '2025-09-18 03:52:33.019945+00', 'Partner Teste 3', 'partner', 'ativo', false),
	('6ebe54b8-f6fa-4008-8894-ccbccadde399', '2025-09-18 03:52:33.087333+00', '2025-09-18 03:52:33.087333+00', 'Partner Teste 4', 'partner', 'ativo', false),
	('b2b41b40-e929-40aa-882f-bab5a2d10670', '2025-09-18 03:52:33.156038+00', '2025-09-18 03:52:33.156038+00', 'Partner Teste 5', 'partner', 'ativo', false),
	('00b44cba-28c4-4ca5-bee5-14fbacd88f1b', '2025-09-18 03:52:33.223725+00', '2025-09-18 03:52:33.223725+00', 'Partner Teste 6', 'partner', 'ativo', false),
	('b44e0331-ddf4-48bb-83f3-e616aa79844f', '2025-09-18 03:52:33.2904+00', '2025-09-18 03:52:33.2904+00', 'Partner Teste 7', 'partner', 'ativo', false),
	('ef2eb5a2-1291-4407-b30d-dc9d15848776', '2025-09-18 03:52:33.35727+00', '2025-09-18 03:52:33.35727+00', 'Partner Teste 8', 'partner', 'ativo', false),
	('9a34b02b-fa7a-4bee-b2f6-8dfef7598cff', '2025-09-18 03:52:33.425316+00', '2025-09-18 03:52:33.425316+00', 'Partner Teste 9', 'partner', 'ativo', false),
	('2c30f3c5-ab7b-4a14-bcd6-2e6f01a3e680', '2025-09-18 03:52:33.498021+00', '2025-09-18 03:52:33.498021+00', 'Partner Teste 10', 'partner', 'ativo', false),
	('03b35710-4df5-46be-930e-00d03076a927', '2025-09-18 03:52:33.566331+00', '2025-09-18 03:52:33.566331+00', 'Specialist Teste 1', 'specialist', 'ativo', false),
	('35a55e3d-de16-4a87-8563-9a67607f6a9e', '2025-09-18 03:52:33.639966+00', '2025-09-18 03:52:33.639966+00', 'Specialist Teste 2', 'specialist', 'ativo', false),
	('05b7e076-0e78-4ebd-bb77-94ce3b0e2cc7', '2025-09-18 03:52:33.710658+00', '2025-09-18 03:52:33.710658+00', 'Specialist Teste 3', 'specialist', 'ativo', false),
	('c85379b5-b3d6-4b24-80ac-be986f9796db', '2025-09-18 03:52:33.776908+00', '2025-09-18 03:52:33.776908+00', 'Specialist Teste 4', 'specialist', 'ativo', false),
	('4baa2ab5-e4e2-4c13-b45d-c2af5e91b9a3', '2025-09-18 03:52:33.843166+00', '2025-09-18 03:52:33.843166+00', 'Specialist Teste 5', 'specialist', 'ativo', false),
	('d42cd04c-5e54-47c0-9034-817f9375f411', '2025-09-18 03:52:33.913119+00', '2025-09-18 03:52:33.913119+00', 'Specialist Teste 6', 'specialist', 'ativo', false),
	('a45c93a2-7040-41f6-a735-d7168af3552a', '2025-09-18 03:52:33.988998+00', '2025-09-18 03:52:33.988998+00', 'Specialist Teste 7', 'specialist', 'ativo', false),
	('78b24599-56b2-4bfd-9afe-55e1d7ca55c3', '2025-09-18 03:52:34.057247+00', '2025-09-18 03:52:34.057247+00', 'Specialist Teste 8', 'specialist', 'ativo', false),
	('79169e4f-6a42-47d7-8fe3-b003acee5800', '2025-09-18 03:52:34.147939+00', '2025-09-18 03:52:34.147939+00', 'Specialist Teste 9', 'specialist', 'ativo', false),
	('bb21bd80-1518-43cc-9cf9-6fbf6542ec94', '2025-09-18 03:52:34.234706+00', '2025-09-18 03:52:34.234706+00', 'Specialist Teste 10', 'specialist', 'ativo', false),
	('54a01a20-c4dc-4da5-9f1d-493b3bccf052', '2025-09-18 03:52:42.522091+00', '2025-09-18 03:52:42.522091+00', 'Parceiro Mecânica', 'partner', 'ativo', false),
	('1b80300b-2aec-479d-a88a-606e28645cdd', '2025-09-18 03:52:42.611598+00', '2025-09-18 03:52:42.611598+00', 'Parceiro Funilaria/Pintura', 'partner', 'ativo', false),
	('fe248898-5b39-4fae-8393-2fb558230fbb', '2025-09-18 03:52:42.689607+00', '2025-09-18 03:52:42.689607+00', 'Parceiro Lavagem', 'partner', 'ativo', false),
	('0a51eb28-06fd-48f0-afa4-58d7ef8b9ffd', '2025-09-18 03:52:42.776832+00', '2025-09-18 03:52:42.776832+00', 'Parceiro Pneus', 'partner', 'ativo', false),
	('724c75aa-247b-45a4-9138-cbc92448b1a8', '2025-09-18 03:52:42.859657+00', '2025-09-18 03:52:42.859657+00', 'Parceiro Loja', 'partner', 'ativo', false),
	('1a53bf65-60e3-4153-900e-61a24d7071f2', '2025-09-18 03:52:42.943018+00', '2025-09-18 03:52:42.943018+00', 'Parceiro Pátio Atacado', 'partner', 'ativo', false),
	('09c5cd0b-a6a2-44ed-8723-19aca349c3e6', '2025-09-18 15:47:03.409318+00', '2025-09-18 15:47:03.409318+00', 'rafael', 'client', NULL, false);


--
-- Data for Name: addresses; Type: TABLE DATA; Schema: public; Owner: postgres
--

INSERT INTO "public"."addresses" ("id", "created_at", "profile_id", "street", "number", "neighborhood", "city", "state", "zip_code", "complement", "is_default", "is_collect_point", "is_main_address") VALUES
	('41bd7d7a-4cad-4df7-b2b3-d0adb241e48f', '2025-09-18 03:53:50.472734+00', 'c80f98b9-2141-4afb-94a2-d8bfbc8de50e', 'general labatut', '123', 'graça', 'salvador', 'bahia', '40070100', NULL, false, true, false);


--
-- Data for Name: admins; Type: TABLE DATA; Schema: public; Owner: postgres
--

INSERT INTO "public"."admins" ("profile_id", "created_at", "updated_at") VALUES
	('20e8e4c3-bc4e-4869-b8d6-c5a06e8d92e3', '2025-09-18 03:52:31.042738+00', '2025-09-18 03:52:31.042738+00'),
	('f1a56c93-6679-4f79-8f4c-5b17ac49d7e0', '2025-09-18 03:52:31.439222+00', '2025-09-18 03:52:31.439222+00'),
	('280a287f-827c-4d31-a4c8-2bbd34725be7', '2025-09-18 03:52:31.520047+00', '2025-09-18 03:52:31.520047+00'),
	('d5205c86-1b4c-4d4e-b63e-471f9ab3ad21', '2025-09-18 03:52:31.591689+00', '2025-09-18 03:52:31.591689+00'),
	('3c406502-2d12-4619-bc5a-ea25533a18be', '2025-09-18 03:52:31.665835+00', '2025-09-18 03:52:31.665835+00'),
	('d34becf0-6ba6-4365-8ccb-a528405f4591', '2025-09-18 03:52:31.737513+00', '2025-09-18 03:52:31.737513+00'),
	('6c0b433b-5e84-403a-ba20-8757c93cbb81', '2025-09-18 03:52:31.807592+00', '2025-09-18 03:52:31.807592+00'),
	('08974176-19d5-4f94-a340-67cb8a12c2b0', '2025-09-18 03:52:31.874295+00', '2025-09-18 03:52:31.874295+00'),
	('2a3ab68e-c86e-42b6-acef-306098b1b15f', '2025-09-18 03:52:31.942716+00', '2025-09-18 03:52:31.942716+00'),
	('e7f85fe4-fcf9-40cf-bbb2-17484580833d', '2025-09-18 03:52:32.01143+00', '2025-09-18 03:52:32.01143+00'),
	('e7bfc3be-20e4-47f1-bf01-d92e0572bc1e', '2025-09-18 03:52:32.078222+00', '2025-09-18 03:52:32.078222+00');


--
-- Data for Name: audit_logs; Type: TABLE DATA; Schema: public; Owner: postgres
--



--
-- Data for Name: client_contract_acceptance; Type: TABLE DATA; Schema: public; Owner: postgres
--

INSERT INTO "public"."client_contract_acceptance" ("id", "client_id", "content", "accepted_at") VALUES
	('b0e381a8-4d90-4ddf-9350-0d276a29aaae', 'c80f98b9-2141-4afb-94a2-d8bfbc8de50e', '{"parqueamento":25,"taxa_operacao":10}', '2025-09-18 03:53:23.728815+00');


--
-- Data for Name: client_specialists; Type: TABLE DATA; Schema: public; Owner: postgres
--

INSERT INTO "public"."client_specialists" ("client_id", "specialist_id", "created_at") VALUES
	('c80f98b9-2141-4afb-94a2-d8bfbc8de50e', '97b9308e-c98d-4b69-8666-a2744b0e8e94', '2025-09-18 03:54:54.694661+00');


--
-- Data for Name: clients; Type: TABLE DATA; Schema: public; Owner: postgres
--

INSERT INTO "public"."clients" ("profile_id", "document_type", "document_number", "parqueamento", "quilometragem", "percentual_fipe", "taxa_operacao", "created_at", "updated_at", "company_name") VALUES
	('c80f98b9-2141-4afb-94a2-d8bfbc8de50e', 'CPF', '111.111.111-13994', 25.00, '100', 50.00, 10.00, '2025-09-18 03:52:31.134139+00', '2025-09-18 03:52:31.134139+00', 'Empresa Cliente 13994'),
	('14836e67-ed6d-4ff8-9188-e1fd5a1c2d1e', 'CPF', '055.743.619-27', 25.00, '100', 50.00, 10.00, '2025-09-18 03:52:32.14933+00', '2025-09-18 03:52:32.14933+00', 'Empresa Cliente 1'),
	('3a45618d-25ec-4153-bd15-4b2c476e1207', 'CPF', '089.817.935-93', 25.00, '100', 50.00, 10.00, '2025-09-18 03:52:32.232466+00', '2025-09-18 03:52:32.232466+00', 'Empresa Cliente 2'),
	('f0e352ba-7e7f-4c74-93b7-59f177947a59', 'CPF', '508.962.141-31', 25.00, '100', 50.00, 10.00, '2025-09-18 03:52:32.302651+00', '2025-09-18 03:52:32.302651+00', 'Empresa Cliente 3'),
	('949015ad-ed71-4fab-9b62-dc5fea76699e', 'CPF', '532.134.039-42', 25.00, '100', 50.00, 10.00, '2025-09-18 03:52:32.372981+00', '2025-09-18 03:52:32.372981+00', 'Empresa Cliente 4'),
	('16d79826-520d-447b-b6b4-5b8690c2155f', 'CPF', '191.731.015-70', 25.00, '100', 50.00, 10.00, '2025-09-18 03:52:32.443773+00', '2025-09-18 03:52:32.443773+00', 'Empresa Cliente 5'),
	('6d60d8cf-e7ff-4d80-8a0c-280cc59107e7', 'CPF', '610.565.458-14', 25.00, '100', 50.00, 10.00, '2025-09-18 03:52:32.515556+00', '2025-09-18 03:52:32.515556+00', 'Empresa Cliente 6'),
	('605f00d4-6790-4339-be4c-cdb6683ba92f', 'CPF', '125.449.308-69', 25.00, '100', 50.00, 10.00, '2025-09-18 03:52:32.591481+00', '2025-09-18 03:52:32.591481+00', 'Empresa Cliente 7'),
	('d9e214fc-3ef1-4f75-8195-ac4dbe9d3e99', 'CPF', '687.675.369-87', 25.00, '100', 50.00, 10.00, '2025-09-18 03:52:32.666507+00', '2025-09-18 03:52:32.666507+00', 'Empresa Cliente 8'),
	('9380b9be-9afd-443c-82fa-c9a06d26727f', 'CPF', '690.907.386-52', 25.00, '100', 50.00, 10.00, '2025-09-18 03:52:32.738192+00', '2025-09-18 03:52:32.738192+00', 'Empresa Cliente 9'),
	('844b47a4-66eb-4792-b422-c44577491875', 'CPF', '174.153.837-36', 25.00, '100', 50.00, 10.00, '2025-09-18 03:52:32.818832+00', '2025-09-18 03:52:32.818832+00', 'Empresa Cliente 10'),
	('09c5cd0b-a6a2-44ed-8723-19aca349c3e6', 'cnpj', '31.329.698/0001-17', NULL, NULL, NULL, NULL, '2025-09-18 15:47:03.427+00', '2025-09-18 15:47:03.427+00', 'serejo tech');


--
-- Data for Name: vehicle_collections; Type: TABLE DATA; Schema: public; Owner: postgres
--

INSERT INTO "public"."vehicle_collections" ("id", "client_id", "collection_address", "collection_fee_per_vehicle", "status", "created_at", "updated_at", "collection_date", "payment_received", "payment_received_at") VALUES
	('7d389a5c-2a75-4588-8adc-99b1e4259ae3', 'c80f98b9-2141-4afb-94a2-d8bfbc8de50e', 'general labatut, 123 - salvador', 90, 'approved', '2025-09-18 03:55:03.123069+00', '2025-09-18 03:55:09.172975+00', '2025-09-18', false, NULL),
	('375caa48-69d7-435d-8c6a-b55b803f0321', 'c80f98b9-2141-4afb-94a2-d8bfbc8de50e', 'general labatut, 123 - salvador', 0.01, 'approved', '2025-09-19 20:37:19.632206+00', '2025-09-19 20:37:58.774034+00', '2025-09-24', false, NULL),
	('5fca418d-0fd9-4d82-96c0-88778aeceecf', 'c80f98b9-2141-4afb-94a2-d8bfbc8de50e', 'general labatut, 123 - salvador', 0.01, 'approved', '2025-09-19 21:17:39.091844+00', '2025-09-19 21:17:50.85225+00', '2025-09-19', false, NULL);


--
-- Data for Name: collection_history; Type: TABLE DATA; Schema: public; Owner: postgres
--

INSERT INTO "public"."collection_history" ("id", "client_id", "collection_id", "collection_address", "collection_fee_per_vehicle", "collection_date", "finalized_at", "payment_received", "payment_received_at", "vehicle_count", "created_at", "updated_at") VALUES
	('1ddac6c4-d7bf-4ce7-8dc7-3f491080f6dd', 'c80f98b9-2141-4afb-94a2-d8bfbc8de50e', '7d389a5c-2a75-4588-8adc-99b1e4259ae3', 'general labatut, 123 - salvador', 90, '2025-09-18', '2025-09-18 03:55:09.172975+00', false, NULL, 1, '2025-09-18 03:55:09.172975+00', '2025-09-18 03:55:09.172975+00'),
	('37c6a689-52eb-4220-b3fe-abe1deb01fa2', 'c80f98b9-2141-4afb-94a2-d8bfbc8de50e', '375caa48-69d7-435d-8c6a-b55b803f0321', 'general labatut, 123 - salvador', 0.01, '2025-09-24', '2025-09-19 20:37:58.774034+00', false, NULL, 99, '2025-09-19 20:37:58.774034+00', '2025-09-19 20:37:58.774034+00'),
	('0d507a93-a303-4633-a92b-9a796f04bb56', 'c80f98b9-2141-4afb-94a2-d8bfbc8de50e', '5fca418d-0fd9-4d82-96c0-88778aeceecf', 'general labatut, 123 - salvador', 0.01, '2025-09-19', '2025-09-19 21:17:50.85225+00', false, NULL, 1, '2025-09-19 21:17:50.85225+00', '2025-09-19 21:17:50.85225+00');


--
-- Data for Name: partners; Type: TABLE DATA; Schema: public; Owner: postgres
--

INSERT INTO "public"."partners" ("profile_id", "cnpj", "company_name", "is_active", "created_at", "updated_at", "category") VALUES
	('6a05ec89-30bd-4764-84d0-2c11888abddd', '00.000.000/0001-51845', 'Oficina Parceira 51845', true, '2025-09-18 03:52:31.217582+00', '2025-09-18 03:52:31.217582+00', 'Oficina Mecânica'),
	('7207754c-80bf-469c-b0d5-a325f75b4862', '72.285.083/8443-54', 'Oficina Parceira 1', true, '2025-09-18 03:52:32.886751+00', '2025-09-18 03:52:32.886751+00', 'Oficina Mecânica'),
	('ede49a1e-e160-49db-884d-020706439a25', '08.591.641/4382-76', 'Oficina Parceira 2', true, '2025-09-18 03:52:32.954509+00', '2025-09-18 03:52:32.954509+00', 'Oficina Mecânica'),
	('4d5ff933-9c95-441f-af6d-851ef3fd54c3', '52.911.193/4084-48', 'Oficina Parceira 3', true, '2025-09-18 03:52:33.023094+00', '2025-09-18 03:52:33.023094+00', 'Oficina Mecânica'),
	('6ebe54b8-f6fa-4008-8894-ccbccadde399', '96.108.598/1789-21', 'Oficina Parceira 4', true, '2025-09-18 03:52:33.09038+00', '2025-09-18 03:52:33.09038+00', 'Oficina Mecânica'),
	('b2b41b40-e929-40aa-882f-bab5a2d10670', '73.945.770/3394-09', 'Oficina Parceira 5', true, '2025-09-18 03:52:33.159545+00', '2025-09-18 03:52:33.159545+00', 'Oficina Mecânica'),
	('00b44cba-28c4-4ca5-bee5-14fbacd88f1b', '92.854.713/9773-25', 'Oficina Parceira 6', true, '2025-09-18 03:52:33.226601+00', '2025-09-18 03:52:33.226601+00', 'Oficina Mecânica'),
	('b44e0331-ddf4-48bb-83f3-e616aa79844f', '28.414.728/6018-15', 'Oficina Parceira 7', true, '2025-09-18 03:52:33.293964+00', '2025-09-18 03:52:33.293964+00', 'Oficina Mecânica'),
	('ef2eb5a2-1291-4407-b30d-dc9d15848776', '82.233.606/6354-42', 'Oficina Parceira 8', true, '2025-09-18 03:52:33.361131+00', '2025-09-18 03:52:33.361131+00', 'Oficina Mecânica'),
	('9a34b02b-fa7a-4bee-b2f6-8dfef7598cff', '48.897.790/2816-84', 'Oficina Parceira 9', true, '2025-09-18 03:52:33.428573+00', '2025-09-18 03:52:33.428573+00', 'Oficina Mecânica'),
	('2c30f3c5-ab7b-4a14-bcd6-2e6f01a3e680', '25.135.130/9648-33', 'Oficina Parceira 10', true, '2025-09-18 03:52:33.501495+00', '2025-09-18 03:52:33.501495+00', 'Oficina Mecânica'),
	('54a01a20-c4dc-4da5-9f1d-493b3bccf052', '00.000.000/0001-67', 'Oficina Mecânica ProLine', true, '2025-09-18 03:52:42.527842+00', '2025-09-18 03:52:42.527842+00', 'Mecânica'),
	('1b80300b-2aec-479d-a88a-606e28645cdd', '00.000.000/0001-17', 'Funilaria e Pintura ProLine', true, '2025-09-18 03:52:42.616331+00', '2025-09-18 03:52:42.616331+00', 'Funilaria/Pintura'),
	('fe248898-5b39-4fae-8393-2fb558230fbb', '00.000.000/0001-98', 'Lavagem ProLine', true, '2025-09-18 03:52:42.693268+00', '2025-09-18 03:52:42.693268+00', 'Lavagem'),
	('0a51eb28-06fd-48f0-afa4-58d7ef8b9ffd', '00.000.000/0001-85', 'Pneus ProLine', true, '2025-09-18 03:52:42.780631+00', '2025-09-18 03:52:42.780631+00', 'Pneus'),
	('724c75aa-247b-45a4-9138-cbc92448b1a8', '00.000.000/0001-68', 'Loja de Peças ProLine', true, '2025-09-18 03:52:42.863263+00', '2025-09-18 03:52:42.863263+00', 'Loja'),
	('1a53bf65-60e3-4153-900e-61a24d7071f2', '00.000.000/0001-92', 'Pátio Atacado ProLine', true, '2025-09-18 03:52:42.947048+00', '2025-09-18 03:52:42.947048+00', 'Pátio Atacado');


--
-- Data for Name: contract_partners; Type: TABLE DATA; Schema: public; Owner: postgres
--

INSERT INTO "public"."contract_partners" ("partner_id", "created_at", "content", "signed", "contract_id", "contract_value") VALUES
	('54a01a20-c4dc-4da5-9f1d-493b3bccf052', '2025-09-18 03:54:29.117378+00', '
  <h1>Termos e Condições do Contrato de Parceria</h1>
  <p>Este contrato estabelece os termos e condições entre a <strong>[Nome da Empresa]</strong> e o <strong>Parceiro</strong>.</p>
  <h2>1. Objeto do Contrato</h2>
  <p>O Parceiro concorda em fornecer serviços de [tipo de serviço] conforme detalhado nos anexos.</p>
  <h2>2. Remuneração</h2>
  <p>A remuneração será baseada em [modelo de remuneração].</p>
  <h2>3. Vigência</h2>
  <p>Este contrato terá vigência a partir da data de aceitação.</p>
  <h2>4. Disposições Gerais</h2>
  <p>Ambas as partes concordam em cumprir todas as leis e regulamentos aplicáveis.</p>
  <p>Ao aceitar este contrato, o Parceiro declara ter lido e compreendido todos os termos aqui presentes.</p>
', true, '65e0eea5-4ea7-4fd7-8b2a-ecad9f2d3f39', NULL),
	('1b80300b-2aec-479d-a88a-606e28645cdd', '2025-09-22 16:18:49.845841+00', '
  <h1>Termos e Condições do Contrato de Parceria</h1>
  <p>Este contrato estabelece os termos e condições entre a <strong>[Nome da Empresa]</strong> e o <strong>Parceiro</strong>.</p>
  <h2>1. Objeto do Contrato</h2>
  <p>O Parceiro concorda em fornecer serviços de [tipo de serviço] conforme detalhado nos anexos.</p>
  <h2>2. Remuneração</h2>
  <p>A remuneração será baseada em [modelo de remuneração].</p>
  <h2>3. Vigência</h2>
  <p>Este contrato terá vigência a partir da data de aceitação.</p>
  <h2>4. Disposições Gerais</h2>
  <p>Ambas as partes concordam em cumprir todas as leis e regulamentos aplicáveis.</p>
  <p>Ao aceitar este contrato, o Parceiro declara ter lido e compreendido todos os termos aqui presentes.</p>
', true, 'd0938abd-ed83-4072-95c0-04db04782d97', NULL);


--
-- Data for Name: vehicles; Type: TABLE DATA; Schema: public; Owner: postgres
--

INSERT INTO "public"."vehicles" ("id", "created_at", "client_id", "plate", "model", "brand", "year", "color", "photos", "created_by", "fipe_value", "status", "current_odometer", "fuel_level", "estimated_arrival_date", "pickup_address_id", "collection_id", "preparacao", "comercializacao", "observations") VALUES
	('5f144bdb-8da0-407f-9d91-5647b7015f76', '2025-09-19 21:16:34.722897+00', 'c80f98b9-2141-4afb-94a2-d8bfbc8de50e', 'ASD1234', 'golf', 'ford', 2000, 'azul', NULL, NULL, NULL, 'ANALISE FINALIZADA', 10000, 'half', '2025-09-19', '41bd7d7a-4cad-4df7-b2b3-d0adb241e48f', '5fca418d-0fd9-4d82-96c0-88778aeceecf', false, false, NULL),
	('d8c7f6c1-aa2a-40df-972e-dc745b30589b', '2025-09-18 03:52:31.316547+00', 'c80f98b9-2141-4afb-94a2-d8bfbc8de50e', 'ABC751C6', 'Corolla', 'Chevrolet', 2015, 'Branco', NULL, NULL, NULL, 'AGUARDANDO COLETA', 0, 'half', '2025-09-24', '41bd7d7a-4cad-4df7-b2b3-d0adb241e48f', '375caa48-69d7-435d-8c6a-b55b803f0321', false, false, NULL),
	('be7e76d0-dc2e-44df-bbc1-fcdc58d25f8e', '2025-09-18 03:52:31.316547+00', 'c80f98b9-2141-4afb-94a2-d8bfbc8de50e', 'ABC694W5', 'Civic', 'Fiat', 2014, 'Preto', NULL, NULL, NULL, 'Análise Finalizada', 10000, 'half', '2025-09-24', '41bd7d7a-4cad-4df7-b2b3-d0adb241e48f', '375caa48-69d7-435d-8c6a-b55b803f0321', false, false, NULL),
	('67246eb5-b49a-4ffe-95c9-d8db799a5f5a', '2025-09-22 15:59:33.279018+00', 'c80f98b9-2141-4afb-94a2-d8bfbc8de50e', 'ASD1200', 'golf', 'ford', 2024, 'azul', NULL, NULL, NULL, 'PONTO DE COLETA SELECIONADO', 0, 'half', '2025-09-23', '41bd7d7a-4cad-4df7-b2b3-d0adb241e48f', NULL, true, true, NULL),
	('008c2a50-fb3f-4246-822c-5f39b68c954e', '2025-09-18 03:52:31.316547+00', 'c80f98b9-2141-4afb-94a2-d8bfbc8de50e', 'ABC364J4', 'Onix', 'Chevrolet', 2001, 'Vermelho', NULL, NULL, NULL, 'AGUARDANDO COLETA', 0, 'half', '2025-09-24', '41bd7d7a-4cad-4df7-b2b3-d0adb241e48f', '375caa48-69d7-435d-8c6a-b55b803f0321', false, false, NULL),
	('4cc356bd-8078-4091-b755-a8b1b5dd7d38', '2025-09-18 03:52:31.316547+00', 'c80f98b9-2141-4afb-94a2-d8bfbc8de50e', 'ABC278B4', 'Onix', 'Ford', 2009, 'Azul', NULL, NULL, NULL, 'Análise Finalizada', 67987, 'half', '2025-09-18', '41bd7d7a-4cad-4df7-b2b3-d0adb241e48f', '7d389a5c-2a75-4588-8adc-99b1e4259ae3', false, false, NULL),
	('0fcd54f0-583d-4616-a163-41429b108dae', '2025-09-18 03:52:31.316547+00', 'c80f98b9-2141-4afb-94a2-d8bfbc8de50e', 'ABC204L7', 'Civic', 'Volkswagen', 2024, 'Azul', NULL, NULL, NULL, 'AGUARDANDO COLETA', 0, 'half', '2025-09-24', '41bd7d7a-4cad-4df7-b2b3-d0adb241e48f', '375caa48-69d7-435d-8c6a-b55b803f0321', false, false, NULL),
	('f03e6bbe-192c-46f1-afa5-a286ce91f0e5', '2025-09-18 03:52:31.316547+00', 'c80f98b9-2141-4afb-94a2-d8bfbc8de50e', 'ABC682S0', 'Ka', 'Volkswagen', 2005, 'Preto', NULL, NULL, NULL, 'AGUARDANDO COLETA', 0, 'half', '2025-09-24', '41bd7d7a-4cad-4df7-b2b3-d0adb241e48f', '375caa48-69d7-435d-8c6a-b55b803f0321', false, false, NULL),
	('22539ba5-8c70-49cc-ac6f-256177481768', '2025-09-18 03:52:31.316547+00', 'c80f98b9-2141-4afb-94a2-d8bfbc8de50e', 'ABC307X7', 'Palio', 'Fiat', 2024, 'Branco', NULL, NULL, NULL, 'AGUARDANDO COLETA', 0, 'half', '2025-09-24', '41bd7d7a-4cad-4df7-b2b3-d0adb241e48f', '375caa48-69d7-435d-8c6a-b55b803f0321', false, false, NULL),
	('f2c39c68-b349-43f8-a4eb-9ee0f1bee12c', '2025-09-18 03:52:31.316547+00', 'c80f98b9-2141-4afb-94a2-d8bfbc8de50e', 'ABC419A5', 'Golf', 'Volkswagen', 2014, 'Prata', NULL, NULL, NULL, 'AGUARDANDO COLETA', 0, 'half', '2025-09-24', '41bd7d7a-4cad-4df7-b2b3-d0adb241e48f', '375caa48-69d7-435d-8c6a-b55b803f0321', false, false, NULL),
	('8cf39474-8e2d-4c44-b014-083d84dd7c27', '2025-09-18 03:52:31.316547+00', 'c80f98b9-2141-4afb-94a2-d8bfbc8de50e', 'ABC166X2', 'Onix', 'Chevrolet', 2015, 'Branco', NULL, NULL, NULL, 'AGUARDANDO COLETA', 0, 'half', '2025-09-24', '41bd7d7a-4cad-4df7-b2b3-d0adb241e48f', '375caa48-69d7-435d-8c6a-b55b803f0321', false, false, NULL),
	('cf904c38-e872-480f-a3a1-0593408019e5', '2025-09-18 03:52:31.316547+00', 'c80f98b9-2141-4afb-94a2-d8bfbc8de50e', 'ABC198S6', 'Onix', 'Chevrolet', 2009, 'Preto', NULL, NULL, NULL, 'AGUARDANDO COLETA', 0, 'half', '2025-09-24', '41bd7d7a-4cad-4df7-b2b3-d0adb241e48f', '375caa48-69d7-435d-8c6a-b55b803f0321', false, false, NULL),
	('f6b5aa77-73c3-4120-8114-2f5531a86b4a', '2025-09-18 03:52:31.316547+00', 'c80f98b9-2141-4afb-94a2-d8bfbc8de50e', 'ABC732L2', 'Civic', 'Ford', 2002, 'Branco', NULL, NULL, NULL, 'AGUARDANDO COLETA', 0, 'half', '2025-09-24', '41bd7d7a-4cad-4df7-b2b3-d0adb241e48f', '375caa48-69d7-435d-8c6a-b55b803f0321', false, false, NULL),
	('0a8ef6a0-97e7-408e-8cfd-e6642af0a5dd', '2025-09-18 03:52:31.316547+00', 'c80f98b9-2141-4afb-94a2-d8bfbc8de50e', 'ABC962Q0', 'Onix', 'Chevrolet', 2022, 'Azul', NULL, NULL, NULL, 'AGUARDANDO COLETA', 0, 'half', '2025-09-24', '41bd7d7a-4cad-4df7-b2b3-d0adb241e48f', '375caa48-69d7-435d-8c6a-b55b803f0321', false, false, NULL),
	('24de12db-da78-4e8e-9eab-c9fd8576789c', '2025-09-18 03:52:31.316547+00', 'c80f98b9-2141-4afb-94a2-d8bfbc8de50e', 'ABC227C2', 'Civic', 'Ford', 2014, 'Azul', NULL, NULL, NULL, 'AGUARDANDO COLETA', 0, 'half', '2025-09-24', '41bd7d7a-4cad-4df7-b2b3-d0adb241e48f', '375caa48-69d7-435d-8c6a-b55b803f0321', false, false, NULL),
	('99761fe0-5bc2-4a71-a10b-6fee229d4481', '2025-09-18 03:52:31.316547+00', 'c80f98b9-2141-4afb-94a2-d8bfbc8de50e', 'ABC326W8', 'Onix', 'Volkswagen', 2015, 'Azul', NULL, NULL, NULL, 'AGUARDANDO COLETA', 0, 'half', '2025-09-24', '41bd7d7a-4cad-4df7-b2b3-d0adb241e48f', '375caa48-69d7-435d-8c6a-b55b803f0321', false, false, NULL),
	('27762e5e-3461-4e0f-9b6d-b3aaf5701b23', '2025-09-18 03:52:31.316547+00', 'c80f98b9-2141-4afb-94a2-d8bfbc8de50e', 'ABC505F1', 'Golf', 'Chevrolet', 2007, 'Prata', NULL, NULL, NULL, 'AGUARDANDO COLETA', 0, 'half', '2025-09-24', '41bd7d7a-4cad-4df7-b2b3-d0adb241e48f', '375caa48-69d7-435d-8c6a-b55b803f0321', false, false, NULL),
	('0de3d97c-4e4a-47c4-9483-e15bfc123deb', '2025-09-18 03:52:31.316547+00', 'c80f98b9-2141-4afb-94a2-d8bfbc8de50e', 'ABC308C5', 'Golf', 'Chevrolet', 2005, 'Azul', NULL, NULL, NULL, 'AGUARDANDO COLETA', 0, 'half', '2025-09-24', '41bd7d7a-4cad-4df7-b2b3-d0adb241e48f', '375caa48-69d7-435d-8c6a-b55b803f0321', false, false, NULL),
	('7a22b0f7-a89f-4eb5-8ce4-207a3a99d2e5', '2025-09-18 03:52:31.316547+00', 'c80f98b9-2141-4afb-94a2-d8bfbc8de50e', 'ABC286W4', 'Ka', 'Toyota', 2022, 'Branco', NULL, NULL, NULL, 'AGUARDANDO COLETA', 0, 'half', '2025-09-24', '41bd7d7a-4cad-4df7-b2b3-d0adb241e48f', '375caa48-69d7-435d-8c6a-b55b803f0321', false, false, NULL),
	('e5255afe-31b9-4d5a-85fc-b149bfcdddca', '2025-09-18 03:52:31.316547+00', 'c80f98b9-2141-4afb-94a2-d8bfbc8de50e', 'ABC329Q7', 'Golf', 'Fiat', 2005, 'Azul', NULL, NULL, NULL, 'AGUARDANDO COLETA', 0, 'half', '2025-09-24', '41bd7d7a-4cad-4df7-b2b3-d0adb241e48f', '375caa48-69d7-435d-8c6a-b55b803f0321', false, false, NULL),
	('eb5be51b-9092-4323-9158-fcce1528b392', '2025-09-18 03:52:31.316547+00', 'c80f98b9-2141-4afb-94a2-d8bfbc8de50e', 'ABC193Z1', 'Onix', 'Ford', 2007, 'Preto', NULL, NULL, NULL, 'AGUARDANDO COLETA', 0, 'half', '2025-09-24', '41bd7d7a-4cad-4df7-b2b3-d0adb241e48f', '375caa48-69d7-435d-8c6a-b55b803f0321', false, false, NULL),
	('3a7f53f9-81b1-4b43-955e-ae18b3a49e58', '2025-09-18 03:52:31.316547+00', 'c80f98b9-2141-4afb-94a2-d8bfbc8de50e', 'ABC453D9', 'Corolla', 'Honda', 2019, 'Azul', NULL, NULL, NULL, 'AGUARDANDO COLETA', 0, 'half', '2025-09-24', '41bd7d7a-4cad-4df7-b2b3-d0adb241e48f', '375caa48-69d7-435d-8c6a-b55b803f0321', false, false, NULL),
	('23963d38-42ba-4f6b-a710-67a7d2e3a08c', '2025-09-18 03:52:31.316547+00', 'c80f98b9-2141-4afb-94a2-d8bfbc8de50e', 'ABC523P5', 'Corolla', 'Volkswagen', 2023, 'Preto', NULL, NULL, NULL, 'AGUARDANDO COLETA', 0, 'half', '2025-09-24', '41bd7d7a-4cad-4df7-b2b3-d0adb241e48f', '375caa48-69d7-435d-8c6a-b55b803f0321', false, false, NULL),
	('98702681-4456-408f-808f-4fa4201561d6', '2025-09-18 03:52:31.316547+00', 'c80f98b9-2141-4afb-94a2-d8bfbc8de50e', 'ABC624A9', 'Onix', 'Chevrolet', 2014, 'Preto', NULL, NULL, NULL, 'AGUARDANDO COLETA', 0, 'half', '2025-09-24', '41bd7d7a-4cad-4df7-b2b3-d0adb241e48f', '375caa48-69d7-435d-8c6a-b55b803f0321', false, false, NULL),
	('cdff3d32-eb41-4868-8685-ae9f8359dbdb', '2025-09-18 03:52:31.316547+00', 'c80f98b9-2141-4afb-94a2-d8bfbc8de50e', 'ABC838R2', 'Civic', 'Toyota', 2003, 'Branco', NULL, NULL, NULL, 'AGUARDANDO COLETA', 0, 'half', '2025-09-24', '41bd7d7a-4cad-4df7-b2b3-d0adb241e48f', '375caa48-69d7-435d-8c6a-b55b803f0321', false, false, NULL),
	('47133ae0-c2c0-4355-b673-4e72c15f9682', '2025-09-18 03:52:31.316547+00', 'c80f98b9-2141-4afb-94a2-d8bfbc8de50e', 'ABC597J0', 'Corolla', 'Chevrolet', 2002, 'Preto', NULL, NULL, NULL, 'AGUARDANDO COLETA', 0, 'half', '2025-09-24', '41bd7d7a-4cad-4df7-b2b3-d0adb241e48f', '375caa48-69d7-435d-8c6a-b55b803f0321', false, false, NULL),
	('4a9a235e-2320-43f2-a63d-a307a29a63ce', '2025-09-18 03:52:31.316547+00', 'c80f98b9-2141-4afb-94a2-d8bfbc8de50e', 'ABC516C9', 'Palio', 'Honda', 2000, 'Prata', NULL, NULL, NULL, 'AGUARDANDO COLETA', 0, 'half', '2025-09-24', '41bd7d7a-4cad-4df7-b2b3-d0adb241e48f', '375caa48-69d7-435d-8c6a-b55b803f0321', false, false, NULL),
	('d0752159-b6cd-480e-87dd-54b34b7582a7', '2025-09-18 03:52:31.316547+00', 'c80f98b9-2141-4afb-94a2-d8bfbc8de50e', 'ABC219U5', 'Ka', 'Toyota', 2022, 'Vermelho', NULL, NULL, NULL, 'AGUARDANDO COLETA', 0, 'half', '2025-09-24', '41bd7d7a-4cad-4df7-b2b3-d0adb241e48f', '375caa48-69d7-435d-8c6a-b55b803f0321', false, false, NULL),
	('ee0d0d61-6116-4469-a2e4-d1bbf52950fe', '2025-09-18 03:52:31.316547+00', 'c80f98b9-2141-4afb-94a2-d8bfbc8de50e', 'ABC023R4', 'Palio', 'Honda', 2022, 'Prata', NULL, NULL, NULL, 'AGUARDANDO COLETA', 0, 'half', '2025-09-24', '41bd7d7a-4cad-4df7-b2b3-d0adb241e48f', '375caa48-69d7-435d-8c6a-b55b803f0321', false, false, NULL),
	('2f68c827-78be-44e6-9aa4-a3e008745b98', '2025-09-18 03:52:31.316547+00', 'c80f98b9-2141-4afb-94a2-d8bfbc8de50e', 'ABC373W5', 'Palio', 'Honda', 2013, 'Branco', NULL, NULL, NULL, 'AGUARDANDO COLETA', 0, 'half', '2025-09-24', '41bd7d7a-4cad-4df7-b2b3-d0adb241e48f', '375caa48-69d7-435d-8c6a-b55b803f0321', false, false, NULL),
	('f654f207-e979-40c3-89e2-801190241453', '2025-09-18 03:52:31.316547+00', 'c80f98b9-2141-4afb-94a2-d8bfbc8de50e', 'ABC161R5', 'Corolla', 'Fiat', 2024, 'Preto', NULL, NULL, NULL, 'AGUARDANDO COLETA', 0, 'half', '2025-09-24', '41bd7d7a-4cad-4df7-b2b3-d0adb241e48f', '375caa48-69d7-435d-8c6a-b55b803f0321', false, false, NULL),
	('11373f2f-0899-4869-9cfa-0e4094692f49', '2025-09-18 03:52:31.316547+00', 'c80f98b9-2141-4afb-94a2-d8bfbc8de50e', 'ABC221P8', 'Civic', 'Toyota', 2006, 'Azul', NULL, NULL, NULL, 'AGUARDANDO COLETA', 0, 'half', '2025-09-24', '41bd7d7a-4cad-4df7-b2b3-d0adb241e48f', '375caa48-69d7-435d-8c6a-b55b803f0321', false, false, NULL),
	('51dc6481-b027-424b-893a-86fdf2014f08', '2025-09-18 03:52:31.316547+00', 'c80f98b9-2141-4afb-94a2-d8bfbc8de50e', 'ABC193A7', 'Civic', 'Toyota', 2000, 'Preto', NULL, NULL, NULL, 'AGUARDANDO COLETA', 0, 'half', '2025-09-24', '41bd7d7a-4cad-4df7-b2b3-d0adb241e48f', '375caa48-69d7-435d-8c6a-b55b803f0321', false, false, NULL),
	('b07e4ba6-a8e4-4dc5-95f1-ae09780bc0f6', '2025-09-18 03:52:31.316547+00', 'c80f98b9-2141-4afb-94a2-d8bfbc8de50e', 'ABC945E3', 'Ka', 'Chevrolet', 2008, 'Azul', NULL, NULL, NULL, 'AGUARDANDO COLETA', 0, 'half', '2025-09-24', '41bd7d7a-4cad-4df7-b2b3-d0adb241e48f', '375caa48-69d7-435d-8c6a-b55b803f0321', false, false, NULL),
	('c5517642-02e7-4859-ad13-2850cccd4727', '2025-09-18 03:52:31.316547+00', 'c80f98b9-2141-4afb-94a2-d8bfbc8de50e', 'ABC360A8', 'Onix', 'Chevrolet', 2015, 'Azul', NULL, NULL, NULL, 'AGUARDANDO COLETA', 0, 'half', '2025-09-24', '41bd7d7a-4cad-4df7-b2b3-d0adb241e48f', '375caa48-69d7-435d-8c6a-b55b803f0321', false, false, NULL),
	('e578a189-2e52-4359-a9e2-de1816743ec6', '2025-09-18 03:52:31.316547+00', 'c80f98b9-2141-4afb-94a2-d8bfbc8de50e', 'ABC387R9', 'Palio', 'Toyota', 2011, 'Azul', NULL, NULL, NULL, 'AGUARDANDO COLETA', 0, 'half', '2025-09-24', '41bd7d7a-4cad-4df7-b2b3-d0adb241e48f', '375caa48-69d7-435d-8c6a-b55b803f0321', false, false, NULL),
	('22475507-1892-4a26-bc9d-02fa730157fc', '2025-09-18 03:52:31.316547+00', 'c80f98b9-2141-4afb-94a2-d8bfbc8de50e', 'ABC472Z6', 'Golf', 'Chevrolet', 2020, 'Prata', NULL, NULL, NULL, 'AGUARDANDO COLETA', 0, 'half', '2025-09-24', '41bd7d7a-4cad-4df7-b2b3-d0adb241e48f', '375caa48-69d7-435d-8c6a-b55b803f0321', false, false, NULL),
	('a7e1a42c-a11e-4260-bf90-4089a671a5bd', '2025-09-18 03:52:31.316547+00', 'c80f98b9-2141-4afb-94a2-d8bfbc8de50e', 'ABC418J9', 'Civic', 'Ford', 2020, 'Prata', NULL, NULL, NULL, 'AGUARDANDO COLETA', 0, 'half', '2025-09-24', '41bd7d7a-4cad-4df7-b2b3-d0adb241e48f', '375caa48-69d7-435d-8c6a-b55b803f0321', false, false, NULL),
	('358e6aa5-f5f4-4283-96df-c261c7dd7200', '2025-09-18 03:52:31.316547+00', 'c80f98b9-2141-4afb-94a2-d8bfbc8de50e', 'ABC766X4', 'Ka', 'Chevrolet', 2006, 'Azul', NULL, NULL, NULL, 'AGUARDANDO COLETA', 0, 'half', '2025-09-24', '41bd7d7a-4cad-4df7-b2b3-d0adb241e48f', '375caa48-69d7-435d-8c6a-b55b803f0321', false, false, NULL),
	('6be5a2bf-bad1-494a-9ff1-38197ac6e8c6', '2025-09-18 03:52:31.316547+00', 'c80f98b9-2141-4afb-94a2-d8bfbc8de50e', 'ABC426F3', 'Onix', 'Fiat', 2020, 'Prata', NULL, NULL, NULL, 'AGUARDANDO COLETA', 0, 'half', '2025-09-24', '41bd7d7a-4cad-4df7-b2b3-d0adb241e48f', '375caa48-69d7-435d-8c6a-b55b803f0321', false, false, NULL),
	('5600dee6-13ca-4e2b-bb14-df589ac20f0d', '2025-09-18 03:52:31.316547+00', 'c80f98b9-2141-4afb-94a2-d8bfbc8de50e', 'ABC938T6', 'Civic', 'Chevrolet', 2012, 'Prata', NULL, NULL, NULL, 'AGUARDANDO COLETA', 0, 'half', '2025-09-24', '41bd7d7a-4cad-4df7-b2b3-d0adb241e48f', '375caa48-69d7-435d-8c6a-b55b803f0321', false, false, NULL),
	('351d7d9f-1ada-4a5a-b8db-d05e0e84ad5d', '2025-09-18 03:52:31.316547+00', 'c80f98b9-2141-4afb-94a2-d8bfbc8de50e', 'ABC779V5', 'Corolla', 'Chevrolet', 2021, 'Preto', NULL, NULL, NULL, 'AGUARDANDO COLETA', 0, 'half', '2025-09-24', '41bd7d7a-4cad-4df7-b2b3-d0adb241e48f', '375caa48-69d7-435d-8c6a-b55b803f0321', false, false, NULL),
	('19bb94af-6a64-4e9a-90bb-ec27a83bb724', '2025-09-18 03:52:31.316547+00', 'c80f98b9-2141-4afb-94a2-d8bfbc8de50e', 'ABC270G4', 'Corolla', 'Chevrolet', 2009, 'Branco', NULL, NULL, NULL, 'AGUARDANDO COLETA', 0, 'half', '2025-09-24', '41bd7d7a-4cad-4df7-b2b3-d0adb241e48f', '375caa48-69d7-435d-8c6a-b55b803f0321', false, false, NULL),
	('9f6245dc-d1ee-4e73-b337-e3a0aaded66d', '2025-09-18 03:52:31.316547+00', 'c80f98b9-2141-4afb-94a2-d8bfbc8de50e', 'ABC762I3', 'Palio', 'Toyota', 2014, 'Vermelho', NULL, NULL, NULL, 'AGUARDANDO COLETA', 0, 'half', '2025-09-24', '41bd7d7a-4cad-4df7-b2b3-d0adb241e48f', '375caa48-69d7-435d-8c6a-b55b803f0321', false, false, NULL),
	('ebe994b3-6987-44b9-9c06-efed5ca7f806', '2025-09-18 03:52:31.316547+00', 'c80f98b9-2141-4afb-94a2-d8bfbc8de50e', 'ABC434R6', 'Palio', 'Fiat', 2007, 'Preto', NULL, NULL, NULL, 'AGUARDANDO COLETA', 0, 'half', '2025-09-24', '41bd7d7a-4cad-4df7-b2b3-d0adb241e48f', '375caa48-69d7-435d-8c6a-b55b803f0321', false, false, NULL),
	('a6d36550-fca5-4a21-a62a-c1677029454b', '2025-09-18 03:52:31.316547+00', 'c80f98b9-2141-4afb-94a2-d8bfbc8de50e', 'ABC056M8', 'Corolla', 'Ford', 2000, 'Azul', NULL, NULL, NULL, 'AGUARDANDO COLETA', 0, 'half', '2025-09-24', '41bd7d7a-4cad-4df7-b2b3-d0adb241e48f', '375caa48-69d7-435d-8c6a-b55b803f0321', false, false, NULL),
	('47ceb362-4d80-479a-b750-038e6381d366', '2025-09-18 03:52:31.316547+00', 'c80f98b9-2141-4afb-94a2-d8bfbc8de50e', 'ABC252N7', 'Onix', 'Volkswagen', 2007, 'Branco', NULL, NULL, NULL, 'AGUARDANDO COLETA', 0, 'half', '2025-09-24', '41bd7d7a-4cad-4df7-b2b3-d0adb241e48f', '375caa48-69d7-435d-8c6a-b55b803f0321', false, false, NULL),
	('12680916-4f8c-4d21-b821-6359f86e11d0', '2025-09-18 03:52:31.316547+00', 'c80f98b9-2141-4afb-94a2-d8bfbc8de50e', 'ABC726G7', 'Civic', 'Volkswagen', 2006, 'Preto', NULL, NULL, NULL, 'AGUARDANDO COLETA', 0, 'half', '2025-09-24', '41bd7d7a-4cad-4df7-b2b3-d0adb241e48f', '375caa48-69d7-435d-8c6a-b55b803f0321', false, false, NULL),
	('9ec39e09-5794-4d1e-9122-4c109dce498a', '2025-09-18 03:52:31.316547+00', 'c80f98b9-2141-4afb-94a2-d8bfbc8de50e', 'ABC061R2', 'Onix', 'Toyota', 2012, 'Vermelho', NULL, NULL, NULL, 'AGUARDANDO COLETA', 0, 'half', '2025-09-24', '41bd7d7a-4cad-4df7-b2b3-d0adb241e48f', '375caa48-69d7-435d-8c6a-b55b803f0321', false, false, NULL),
	('d939fe32-2226-459c-a388-5ed97c858c98', '2025-09-18 03:52:31.316547+00', 'c80f98b9-2141-4afb-94a2-d8bfbc8de50e', 'ABC910M1', 'Palio', 'Toyota', 2016, 'Branco', NULL, NULL, NULL, 'AGUARDANDO COLETA', 0, 'half', '2025-09-24', '41bd7d7a-4cad-4df7-b2b3-d0adb241e48f', '375caa48-69d7-435d-8c6a-b55b803f0321', false, false, NULL),
	('b7aa02c2-47cb-4169-9e8f-68fd033b9ae8', '2025-09-18 03:52:31.316547+00', 'c80f98b9-2141-4afb-94a2-d8bfbc8de50e', 'ABC618H1', 'Civic', 'Volkswagen', 2008, 'Prata', NULL, NULL, NULL, 'AGUARDANDO COLETA', 0, 'half', '2025-09-24', '41bd7d7a-4cad-4df7-b2b3-d0adb241e48f', '375caa48-69d7-435d-8c6a-b55b803f0321', false, false, NULL),
	('2fdcffba-c6d8-4e2b-b7c1-81dfa1050d11', '2025-09-18 03:52:31.316547+00', 'c80f98b9-2141-4afb-94a2-d8bfbc8de50e', 'ABC428N1', 'Onix', 'Fiat', 2001, 'Preto', NULL, NULL, NULL, 'AGUARDANDO COLETA', 0, 'half', '2025-09-24', '41bd7d7a-4cad-4df7-b2b3-d0adb241e48f', '375caa48-69d7-435d-8c6a-b55b803f0321', false, false, NULL),
	('71b95b9e-bd40-4d06-beeb-f8735b503892', '2025-09-18 03:52:31.316547+00', 'c80f98b9-2141-4afb-94a2-d8bfbc8de50e', 'ABC834D7', 'Palio', 'Honda', 2000, 'Branco', NULL, NULL, NULL, 'AGUARDANDO COLETA', 0, 'half', '2025-09-24', '41bd7d7a-4cad-4df7-b2b3-d0adb241e48f', '375caa48-69d7-435d-8c6a-b55b803f0321', false, false, NULL),
	('a440e2bd-24d3-4202-adb7-bded8d379ee1', '2025-09-18 03:52:31.316547+00', 'c80f98b9-2141-4afb-94a2-d8bfbc8de50e', 'ABC828K0', 'Palio', 'Toyota', 2011, 'Azul', NULL, NULL, NULL, 'AGUARDANDO COLETA', 0, 'half', '2025-09-24', '41bd7d7a-4cad-4df7-b2b3-d0adb241e48f', '375caa48-69d7-435d-8c6a-b55b803f0321', false, false, NULL),
	('ce1b706e-4628-4830-a54c-fbc65e741ffe', '2025-09-18 03:52:31.316547+00', 'c80f98b9-2141-4afb-94a2-d8bfbc8de50e', 'ABC503M9', 'Civic', 'Volkswagen', 2010, 'Vermelho', NULL, NULL, NULL, 'AGUARDANDO COLETA', 0, 'half', '2025-09-24', '41bd7d7a-4cad-4df7-b2b3-d0adb241e48f', '375caa48-69d7-435d-8c6a-b55b803f0321', false, false, NULL),
	('12e87625-0636-42de-aa2c-c3729722e07b', '2025-09-18 03:52:31.316547+00', 'c80f98b9-2141-4afb-94a2-d8bfbc8de50e', 'ABC673B0', 'Civic', 'Ford', 2020, 'Azul', NULL, NULL, NULL, 'AGUARDANDO COLETA', 0, 'half', '2025-09-24', '41bd7d7a-4cad-4df7-b2b3-d0adb241e48f', '375caa48-69d7-435d-8c6a-b55b803f0321', false, false, NULL),
	('8e66d486-57db-4a0a-aced-09c233567fbd', '2025-09-18 03:52:31.316547+00', 'c80f98b9-2141-4afb-94a2-d8bfbc8de50e', 'ABC777Q9', 'Civic', 'Ford', 2018, 'Prata', NULL, NULL, NULL, 'AGUARDANDO COLETA', 0, 'half', '2025-09-24', '41bd7d7a-4cad-4df7-b2b3-d0adb241e48f', '375caa48-69d7-435d-8c6a-b55b803f0321', false, false, NULL),
	('d45230ab-5c92-4d84-be11-c08b751896da', '2025-09-18 03:52:31.316547+00', 'c80f98b9-2141-4afb-94a2-d8bfbc8de50e', 'ABC030S9', 'Onix', 'Toyota', 2020, 'Branco', NULL, NULL, NULL, 'AGUARDANDO COLETA', 0, 'half', '2025-09-24', '41bd7d7a-4cad-4df7-b2b3-d0adb241e48f', '375caa48-69d7-435d-8c6a-b55b803f0321', false, false, NULL),
	('d68da2c8-bff0-45e3-bdf8-facb19cfe1a7', '2025-09-18 03:52:31.316547+00', 'c80f98b9-2141-4afb-94a2-d8bfbc8de50e', 'ABC777X9', 'Civic', 'Volkswagen', 2000, 'Preto', NULL, NULL, NULL, 'AGUARDANDO COLETA', 0, 'half', '2025-09-24', '41bd7d7a-4cad-4df7-b2b3-d0adb241e48f', '375caa48-69d7-435d-8c6a-b55b803f0321', false, false, NULL),
	('16c65ffd-c9fa-4bd2-b5fb-0356d981d731', '2025-09-18 03:52:31.316547+00', 'c80f98b9-2141-4afb-94a2-d8bfbc8de50e', 'ABC670R4', 'Golf', 'Ford', 2003, 'Vermelho', NULL, NULL, NULL, 'AGUARDANDO COLETA', 0, 'half', '2025-09-24', '41bd7d7a-4cad-4df7-b2b3-d0adb241e48f', '375caa48-69d7-435d-8c6a-b55b803f0321', false, false, NULL),
	('dd80e507-f50a-4723-a37c-85754caa18d2', '2025-09-18 03:52:31.316547+00', 'c80f98b9-2141-4afb-94a2-d8bfbc8de50e', 'ABC299H9', 'Golf', 'Chevrolet', 2014, 'Azul', NULL, NULL, NULL, 'AGUARDANDO COLETA', 0, 'half', '2025-09-24', '41bd7d7a-4cad-4df7-b2b3-d0adb241e48f', '375caa48-69d7-435d-8c6a-b55b803f0321', false, false, NULL),
	('cbc07800-9517-43e4-906f-0a155ff6aadb', '2025-09-18 03:52:31.316547+00', 'c80f98b9-2141-4afb-94a2-d8bfbc8de50e', 'ABC918V8', 'Palio', 'Chevrolet', 2005, 'Prata', NULL, NULL, NULL, 'AGUARDANDO COLETA', 0, 'half', '2025-09-24', '41bd7d7a-4cad-4df7-b2b3-d0adb241e48f', '375caa48-69d7-435d-8c6a-b55b803f0321', false, false, NULL),
	('fb3c2f92-a764-4265-8e9e-413127709a18', '2025-09-18 03:52:31.316547+00', 'c80f98b9-2141-4afb-94a2-d8bfbc8de50e', 'ABC893L6', 'Corolla', 'Honda', 2015, 'Vermelho', NULL, NULL, NULL, 'AGUARDANDO COLETA', 0, 'half', '2025-09-24', '41bd7d7a-4cad-4df7-b2b3-d0adb241e48f', '375caa48-69d7-435d-8c6a-b55b803f0321', false, false, NULL),
	('534ba891-c59b-4e3f-a67a-08c0fb0b62a8', '2025-09-18 03:52:31.316547+00', 'c80f98b9-2141-4afb-94a2-d8bfbc8de50e', 'ABC719J9', 'Civic', 'Toyota', 2000, 'Vermelho', NULL, NULL, NULL, 'AGUARDANDO COLETA', 0, 'half', '2025-09-24', '41bd7d7a-4cad-4df7-b2b3-d0adb241e48f', '375caa48-69d7-435d-8c6a-b55b803f0321', false, false, NULL),
	('a5b14656-e836-4b71-87ac-998ace340f00', '2025-09-18 03:52:31.316547+00', 'c80f98b9-2141-4afb-94a2-d8bfbc8de50e', 'ABC713J9', 'Onix', 'Fiat', 2013, 'Preto', NULL, NULL, NULL, 'AGUARDANDO COLETA', 0, 'half', '2025-09-24', '41bd7d7a-4cad-4df7-b2b3-d0adb241e48f', '375caa48-69d7-435d-8c6a-b55b803f0321', false, false, NULL),
	('60cf8a4f-986d-48af-bafc-1528b2e284f7', '2025-09-18 03:52:31.316547+00', 'c80f98b9-2141-4afb-94a2-d8bfbc8de50e', 'ABC728W6', 'Civic', 'Fiat', 2024, 'Vermelho', NULL, NULL, NULL, 'AGUARDANDO COLETA', 0, 'half', '2025-09-24', '41bd7d7a-4cad-4df7-b2b3-d0adb241e48f', '375caa48-69d7-435d-8c6a-b55b803f0321', false, false, NULL),
	('98d592be-474c-4999-b0f2-9b3b22551674', '2025-09-18 03:52:31.316547+00', 'c80f98b9-2141-4afb-94a2-d8bfbc8de50e', 'ABC965S4', 'Palio', 'Ford', 2008, 'Azul', NULL, NULL, NULL, 'AGUARDANDO COLETA', 0, 'half', '2025-09-24', '41bd7d7a-4cad-4df7-b2b3-d0adb241e48f', '375caa48-69d7-435d-8c6a-b55b803f0321', false, false, NULL),
	('b5d8c606-03d3-4517-814a-98659ae18adb', '2025-09-18 03:52:31.316547+00', 'c80f98b9-2141-4afb-94a2-d8bfbc8de50e', 'ABC518Q0', 'Golf', 'Chevrolet', 2001, 'Vermelho', NULL, NULL, NULL, 'AGUARDANDO COLETA', 0, 'half', '2025-09-24', '41bd7d7a-4cad-4df7-b2b3-d0adb241e48f', '375caa48-69d7-435d-8c6a-b55b803f0321', false, false, NULL),
	('1816466a-1754-49b3-889f-0bbcd82d93bf', '2025-09-18 03:52:31.316547+00', 'c80f98b9-2141-4afb-94a2-d8bfbc8de50e', 'ABC393V6', 'Palio', 'Honda', 2023, 'Vermelho', NULL, NULL, NULL, 'AGUARDANDO COLETA', 0, 'half', '2025-09-24', '41bd7d7a-4cad-4df7-b2b3-d0adb241e48f', '375caa48-69d7-435d-8c6a-b55b803f0321', false, false, NULL),
	('89aff277-60a3-4c3f-b64d-a2e9cdf77731', '2025-09-18 03:52:31.316547+00', 'c80f98b9-2141-4afb-94a2-d8bfbc8de50e', 'ABC012M8', 'Ka', 'Chevrolet', 2016, 'Vermelho', NULL, NULL, NULL, 'AGUARDANDO COLETA', 0, 'half', '2025-09-24', '41bd7d7a-4cad-4df7-b2b3-d0adb241e48f', '375caa48-69d7-435d-8c6a-b55b803f0321', false, false, NULL),
	('da21d1ed-28d8-4676-b224-8c89d1cbcc56', '2025-09-18 03:52:31.316547+00', 'c80f98b9-2141-4afb-94a2-d8bfbc8de50e', 'ABC728I8', 'Palio', 'Fiat', 2017, 'Preto', NULL, NULL, NULL, 'AGUARDANDO COLETA', 0, 'half', '2025-09-24', '41bd7d7a-4cad-4df7-b2b3-d0adb241e48f', '375caa48-69d7-435d-8c6a-b55b803f0321', false, false, NULL),
	('dc766b0b-36ff-4056-a7da-52c503107830', '2025-09-18 03:52:31.316547+00', 'c80f98b9-2141-4afb-94a2-d8bfbc8de50e', 'ABC652B4', 'Onix', 'Toyota', 2019, 'Branco', NULL, NULL, NULL, 'AGUARDANDO COLETA', 0, 'half', '2025-09-24', '41bd7d7a-4cad-4df7-b2b3-d0adb241e48f', '375caa48-69d7-435d-8c6a-b55b803f0321', false, false, NULL),
	('d4e732de-9d85-462a-8ca7-3d47f7122e76', '2025-09-18 03:52:31.316547+00', 'c80f98b9-2141-4afb-94a2-d8bfbc8de50e', 'ABC244P4', 'Onix', 'Toyota', 2003, 'Branco', NULL, NULL, NULL, 'AGUARDANDO COLETA', 0, 'half', '2025-09-24', '41bd7d7a-4cad-4df7-b2b3-d0adb241e48f', '375caa48-69d7-435d-8c6a-b55b803f0321', false, false, NULL),
	('1931eaa3-a5d3-49c9-8a81-0190198678d8', '2025-09-18 03:52:31.316547+00', 'c80f98b9-2141-4afb-94a2-d8bfbc8de50e', 'ABC238B0', 'Golf', 'Ford', 2019, 'Branco', NULL, NULL, NULL, 'AGUARDANDO COLETA', 0, 'half', '2025-09-24', '41bd7d7a-4cad-4df7-b2b3-d0adb241e48f', '375caa48-69d7-435d-8c6a-b55b803f0321', false, false, NULL),
	('5ec950e4-b26e-490d-8dd9-b842f84c73d8', '2025-09-18 03:52:31.316547+00', 'c80f98b9-2141-4afb-94a2-d8bfbc8de50e', 'ABC360H9', 'Ka', 'Volkswagen', 2000, 'Azul', NULL, NULL, NULL, 'AGUARDANDO COLETA', 0, 'half', '2025-09-24', '41bd7d7a-4cad-4df7-b2b3-d0adb241e48f', '375caa48-69d7-435d-8c6a-b55b803f0321', false, false, NULL),
	('17b0e43c-c6b4-4036-a607-52f93318e17a', '2025-09-18 03:52:31.316547+00', 'c80f98b9-2141-4afb-94a2-d8bfbc8de50e', 'ABC879W0', 'Civic', 'Toyota', 2010, 'Branco', NULL, NULL, NULL, 'AGUARDANDO COLETA', 0, 'half', '2025-09-24', '41bd7d7a-4cad-4df7-b2b3-d0adb241e48f', '375caa48-69d7-435d-8c6a-b55b803f0321', false, false, NULL),
	('304808a2-161e-4889-a861-2965a3334aed', '2025-09-18 03:52:31.316547+00', 'c80f98b9-2141-4afb-94a2-d8bfbc8de50e', 'ABC860Q1', 'Corolla', 'Chevrolet', 2011, 'Preto', NULL, NULL, NULL, 'AGUARDANDO COLETA', 0, 'half', '2025-09-24', '41bd7d7a-4cad-4df7-b2b3-d0adb241e48f', '375caa48-69d7-435d-8c6a-b55b803f0321', false, false, NULL),
	('b1e7afce-c8e8-4a13-b6f1-874bfff3f82d', '2025-09-18 03:52:31.316547+00', 'c80f98b9-2141-4afb-94a2-d8bfbc8de50e', 'ABC302D0', 'Ka', 'Toyota', 2019, 'Azul', NULL, NULL, NULL, 'AGUARDANDO COLETA', 0, 'half', '2025-09-24', '41bd7d7a-4cad-4df7-b2b3-d0adb241e48f', '375caa48-69d7-435d-8c6a-b55b803f0321', false, false, NULL),
	('d396550f-e871-4733-8e78-f2a470491109', '2025-09-18 03:52:31.316547+00', 'c80f98b9-2141-4afb-94a2-d8bfbc8de50e', 'ABC887D5', 'Onix', 'Honda', 2014, 'Prata', NULL, NULL, NULL, 'AGUARDANDO COLETA', 0, 'half', '2025-09-24', '41bd7d7a-4cad-4df7-b2b3-d0adb241e48f', '375caa48-69d7-435d-8c6a-b55b803f0321', false, false, NULL),
	('c2e6d6f9-e441-4c65-a296-cd0398195d60', '2025-09-18 03:52:31.316547+00', 'c80f98b9-2141-4afb-94a2-d8bfbc8de50e', 'ABC214X1', 'Onix', 'Fiat', 2010, 'Azul', NULL, NULL, NULL, 'AGUARDANDO COLETA', 0, 'half', '2025-09-24', '41bd7d7a-4cad-4df7-b2b3-d0adb241e48f', '375caa48-69d7-435d-8c6a-b55b803f0321', false, false, NULL),
	('a30e0c7e-5dc9-4a3f-83a8-e876fdcc0c71', '2025-09-18 03:52:31.316547+00', 'c80f98b9-2141-4afb-94a2-d8bfbc8de50e', 'ABC872F0', 'Corolla', 'Honda', 2024, 'Branco', NULL, NULL, NULL, 'AGUARDANDO COLETA', 0, 'half', '2025-09-24', '41bd7d7a-4cad-4df7-b2b3-d0adb241e48f', '375caa48-69d7-435d-8c6a-b55b803f0321', false, false, NULL),
	('7347b0c4-b3d7-4e74-8aae-08ed25ddc0dc', '2025-09-18 03:52:31.316547+00', 'c80f98b9-2141-4afb-94a2-d8bfbc8de50e', 'ABC368P3', 'Corolla', 'Volkswagen', 2021, 'Azul', NULL, NULL, NULL, 'AGUARDANDO COLETA', 0, 'half', '2025-09-24', '41bd7d7a-4cad-4df7-b2b3-d0adb241e48f', '375caa48-69d7-435d-8c6a-b55b803f0321', false, false, NULL),
	('a3408512-0613-4955-8249-40294745fa52', '2025-09-18 03:52:31.316547+00', 'c80f98b9-2141-4afb-94a2-d8bfbc8de50e', 'ABC811X5', 'Corolla', 'Chevrolet', 2011, 'Preto', NULL, NULL, NULL, 'AGUARDANDO COLETA', 0, 'half', '2025-09-24', '41bd7d7a-4cad-4df7-b2b3-d0adb241e48f', '375caa48-69d7-435d-8c6a-b55b803f0321', false, false, NULL),
	('4de98b8f-88c7-4937-964a-482b09a9cbdc', '2025-09-18 03:52:31.316547+00', 'c80f98b9-2141-4afb-94a2-d8bfbc8de50e', 'ABC331Y7', 'Corolla', 'Fiat', 2013, 'Branco', NULL, NULL, NULL, 'AGUARDANDO COLETA', 0, 'half', '2025-09-24', '41bd7d7a-4cad-4df7-b2b3-d0adb241e48f', '375caa48-69d7-435d-8c6a-b55b803f0321', false, false, NULL),
	('68ef24f4-9a45-4649-81fd-635bec3f6e84', '2025-09-18 03:52:31.316547+00', 'c80f98b9-2141-4afb-94a2-d8bfbc8de50e', 'ABC834V2', 'Onix', 'Fiat', 2001, 'Vermelho', NULL, NULL, NULL, 'AGUARDANDO COLETA', 0, 'half', '2025-09-24', '41bd7d7a-4cad-4df7-b2b3-d0adb241e48f', '375caa48-69d7-435d-8c6a-b55b803f0321', false, false, NULL),
	('e23ded32-86c6-4b7e-886d-6850c531b1d0', '2025-09-18 03:52:31.316547+00', 'c80f98b9-2141-4afb-94a2-d8bfbc8de50e', 'ABC760D1', 'Golf', 'Fiat', 2019, 'Azul', NULL, NULL, NULL, 'AGUARDANDO COLETA', 0, 'half', '2025-09-24', '41bd7d7a-4cad-4df7-b2b3-d0adb241e48f', '375caa48-69d7-435d-8c6a-b55b803f0321', false, false, NULL),
	('1b0ebfed-c7e4-4dc3-b2aa-57d69ee5378d', '2025-09-18 03:52:31.316547+00', 'c80f98b9-2141-4afb-94a2-d8bfbc8de50e', 'ABC697F1', 'Palio', 'Chevrolet', 2008, 'Prata', NULL, NULL, NULL, 'AGUARDANDO COLETA', 0, 'half', '2025-09-24', '41bd7d7a-4cad-4df7-b2b3-d0adb241e48f', '375caa48-69d7-435d-8c6a-b55b803f0321', false, false, NULL),
	('df340abe-2acc-46d7-b432-68c12b7022cd', '2025-09-18 03:52:31.316547+00', 'c80f98b9-2141-4afb-94a2-d8bfbc8de50e', 'ABC386H8', 'Onix', 'Fiat', 2013, 'Prata', NULL, NULL, NULL, 'AGUARDANDO COLETA', 0, 'half', '2025-09-24', '41bd7d7a-4cad-4df7-b2b3-d0adb241e48f', '375caa48-69d7-435d-8c6a-b55b803f0321', false, false, NULL),
	('21dca9eb-a75c-4542-a6fa-58e83681be09', '2025-09-18 03:52:31.316547+00', 'c80f98b9-2141-4afb-94a2-d8bfbc8de50e', 'ABC771Z0', 'Corolla', 'Fiat', 2024, 'Vermelho', NULL, NULL, NULL, 'AGUARDANDO COLETA', 0, 'half', '2025-09-24', '41bd7d7a-4cad-4df7-b2b3-d0adb241e48f', '375caa48-69d7-435d-8c6a-b55b803f0321', false, false, NULL),
	('c03bf802-e427-4b67-9cca-93b0f46665dd', '2025-09-18 03:52:31.316547+00', 'c80f98b9-2141-4afb-94a2-d8bfbc8de50e', 'ABC871R6', 'Golf', 'Toyota', 2013, 'Prata', NULL, NULL, NULL, 'AGUARDANDO COLETA', 0, 'half', '2025-09-24', '41bd7d7a-4cad-4df7-b2b3-d0adb241e48f', '375caa48-69d7-435d-8c6a-b55b803f0321', false, false, NULL),
	('19581bbb-e6cb-4cca-91a5-eca2388594f5', '2025-09-18 03:52:31.316547+00', 'c80f98b9-2141-4afb-94a2-d8bfbc8de50e', 'ABC157O1', 'Civic', 'Fiat', 2010, 'Prata', NULL, NULL, NULL, 'AGUARDANDO COLETA', 0, 'half', '2025-09-24', '41bd7d7a-4cad-4df7-b2b3-d0adb241e48f', '375caa48-69d7-435d-8c6a-b55b803f0321', false, false, NULL),
	('35b86cf7-39cb-4258-94fa-c75fdf5b493c', '2025-09-18 03:52:31.316547+00', 'c80f98b9-2141-4afb-94a2-d8bfbc8de50e', 'ABC404T9', 'Corolla', 'Toyota', 2005, 'Vermelho', NULL, NULL, NULL, 'AGUARDANDO COLETA', 0, 'half', '2025-09-24', '41bd7d7a-4cad-4df7-b2b3-d0adb241e48f', '375caa48-69d7-435d-8c6a-b55b803f0321', false, false, NULL),
	('01b2a257-f422-41c4-9ffc-98896e46c8b8', '2025-09-18 03:52:31.316547+00', 'c80f98b9-2141-4afb-94a2-d8bfbc8de50e', 'ABC893E3', 'Corolla', 'Chevrolet', 2009, 'Prata', NULL, NULL, NULL, 'AGUARDANDO COLETA', 0, 'half', '2025-09-24', '41bd7d7a-4cad-4df7-b2b3-d0adb241e48f', '375caa48-69d7-435d-8c6a-b55b803f0321', false, false, NULL),
	('6b99ae98-acdb-4c53-a45c-ab4ad71ae8e1', '2025-09-18 03:52:31.316547+00', 'c80f98b9-2141-4afb-94a2-d8bfbc8de50e', 'ABC502C0', 'Civic', 'Ford', 2003, 'Prata', NULL, NULL, NULL, 'AGUARDANDO COLETA', 0, 'half', '2025-09-24', '41bd7d7a-4cad-4df7-b2b3-d0adb241e48f', '375caa48-69d7-435d-8c6a-b55b803f0321', false, false, NULL),
	('35bceecf-aa19-4c22-9cc0-1211e6914ecb', '2025-09-18 03:52:31.316547+00', 'c80f98b9-2141-4afb-94a2-d8bfbc8de50e', 'ABC338R9', 'Ka', 'Chevrolet', 2001, 'Azul', NULL, NULL, NULL, 'AGUARDANDO COLETA', 0, 'half', '2025-09-24', '41bd7d7a-4cad-4df7-b2b3-d0adb241e48f', '375caa48-69d7-435d-8c6a-b55b803f0321', false, false, NULL),
	('baa6e209-ae13-4e8d-8f3d-0ffbf0986fa5', '2025-09-18 03:52:31.316547+00', 'c80f98b9-2141-4afb-94a2-d8bfbc8de50e', 'ABC170X6', 'Corolla', 'Ford', 2001, 'Preto', NULL, NULL, NULL, 'AGUARDANDO COLETA', 0, 'half', '2025-09-24', '41bd7d7a-4cad-4df7-b2b3-d0adb241e48f', '375caa48-69d7-435d-8c6a-b55b803f0321', false, false, NULL),
	('ca2f577b-a4a6-491a-8c39-be89523d082b', '2025-09-18 03:52:31.316547+00', 'c80f98b9-2141-4afb-94a2-d8bfbc8de50e', 'ABC904Z0', 'Ka', 'Toyota', 2004, 'Azul', NULL, NULL, NULL, 'AGUARDANDO COLETA', 0, 'half', '2025-09-24', '41bd7d7a-4cad-4df7-b2b3-d0adb241e48f', '375caa48-69d7-435d-8c6a-b55b803f0321', false, false, NULL),
	('6ab1e22e-666e-49db-8fb3-f45be081cc5d', '2025-09-18 03:52:31.316547+00', 'c80f98b9-2141-4afb-94a2-d8bfbc8de50e', 'ABC282A6', 'Onix', 'Ford', 2002, 'Branco', NULL, NULL, NULL, 'AGUARDANDO COLETA', 0, 'half', '2025-09-24', '41bd7d7a-4cad-4df7-b2b3-d0adb241e48f', '375caa48-69d7-435d-8c6a-b55b803f0321', false, false, NULL),
	('204d44a4-1f51-4aa9-9705-79b73e3cb7c4', '2025-09-18 03:52:31.316547+00', 'c80f98b9-2141-4afb-94a2-d8bfbc8de50e', 'ABC768E3', 'Onix', 'Ford', 2020, 'Azul', NULL, NULL, NULL, 'AGUARDANDO COLETA', 0, 'half', '2025-09-24', '41bd7d7a-4cad-4df7-b2b3-d0adb241e48f', '375caa48-69d7-435d-8c6a-b55b803f0321', false, false, NULL),
	('84f759c8-34fd-458c-baa4-71d8c491ccc8', '2025-09-18 03:52:31.316547+00', 'c80f98b9-2141-4afb-94a2-d8bfbc8de50e', 'ABC947P2', 'Civic', 'Chevrolet', 2003, 'Branco', NULL, NULL, NULL, 'AGUARDANDO COLETA', 0, 'half', '2025-09-24', '41bd7d7a-4cad-4df7-b2b3-d0adb241e48f', '375caa48-69d7-435d-8c6a-b55b803f0321', false, false, NULL),
	('6636b864-ec7f-411e-90c4-b536f7e2594f', '2025-09-18 03:52:31.316547+00', 'c80f98b9-2141-4afb-94a2-d8bfbc8de50e', 'ABC613C1', 'Civic', 'Chevrolet', 2018, 'Azul', NULL, NULL, NULL, 'AGUARDANDO COLETA', 0, 'half', '2025-09-24', '41bd7d7a-4cad-4df7-b2b3-d0adb241e48f', '375caa48-69d7-435d-8c6a-b55b803f0321', false, false, NULL),
	('a6e3d3c1-95d9-4ad7-9922-9989137034d8', '2025-09-18 03:52:31.316547+00', 'c80f98b9-2141-4afb-94a2-d8bfbc8de50e', 'ABC041W2', 'Palio', 'Ford', 2008, 'Azul', NULL, NULL, NULL, 'AGUARDANDO COLETA', 0, 'half', '2025-09-24', '41bd7d7a-4cad-4df7-b2b3-d0adb241e48f', '375caa48-69d7-435d-8c6a-b55b803f0321', false, false, NULL);


--
-- Data for Name: inspections; Type: TABLE DATA; Schema: public; Owner: postgres
--

INSERT INTO "public"."inspections" ("id", "created_at", "vehicle_id", "specialist_id", "inspection_date", "odometer", "fuel_level", "observations", "finalized") VALUES
	('b1376a82-0e96-4dab-bf5b-9ad8b5f33aad', '2025-09-18 03:55:34.527137+00', '4cc356bd-8078-4091-b755-a8b1b5dd7d38', '97b9308e-c98d-4b69-8666-a2744b0e8e94', '2025-09-18', 67987, 'half', NULL, true),
	('b9150467-379d-425f-94b5-167bfcb280e2', '2025-09-19 20:38:40.322846+00', 'be7e76d0-dc2e-44df-bbc1-fcdc58d25f8e', '97b9308e-c98d-4b69-8666-a2744b0e8e94', '2025-09-19', 10000, 'half', NULL, true),
	('f253ac71-3b5d-4ec3-836d-2e3c2ee070f4', '2025-09-25 07:31:54.328069+00', '5f144bdb-8da0-407f-9d91-5647b7015f76', '97b9308e-c98d-4b69-8666-a2744b0e8e94', '2025-09-25', 10000, 'half', NULL, true);


--
-- Data for Name: service_categories; Type: TABLE DATA; Schema: public; Owner: postgres
--

INSERT INTO "public"."service_categories" ("id", "key", "name") VALUES
	('0eec1327-f591-4549-8338-be530d154897', 'mechanics', 'Mecânica'),
	('d61cba55-476f-4076-adc6-c01c78f85a4f', 'body_paint', 'Funilaria/Pintura'),
	('314791d9-b7ae-45a6-9899-5cf44f80a007', 'washing', 'Lavagem'),
	('c6a58769-7673-4f5d-ac95-e8977c156370', 'tires', 'Pneus'),
	('7754ee5c-5d18-4b7a-844c-7f1ee99f2e7e', 'loja', 'Loja'),
	('2ddc10e6-a6fb-4c5f-b641-f7b0f58ebda7', 'patio_atacado', 'Pátio Atacado');


--
-- Data for Name: specialists; Type: TABLE DATA; Schema: public; Owner: postgres
--

INSERT INTO "public"."specialists" ("profile_id", "created_at", "updated_at") VALUES
	('97b9308e-c98d-4b69-8666-a2744b0e8e94', '2025-09-18 03:52:31.301985+00', '2025-09-18 03:52:31.301985+00'),
	('03b35710-4df5-46be-930e-00d03076a927', '2025-09-18 03:52:33.574394+00', '2025-09-18 03:52:33.574394+00'),
	('35a55e3d-de16-4a87-8563-9a67607f6a9e', '2025-09-18 03:52:33.643124+00', '2025-09-18 03:52:33.643124+00'),
	('05b7e076-0e78-4ebd-bb77-94ce3b0e2cc7', '2025-09-18 03:52:33.712918+00', '2025-09-18 03:52:33.712918+00'),
	('c85379b5-b3d6-4b24-80ac-be986f9796db', '2025-09-18 03:52:33.779682+00', '2025-09-18 03:52:33.779682+00'),
	('4baa2ab5-e4e2-4c13-b45d-c2af5e91b9a3', '2025-09-18 03:52:33.846039+00', '2025-09-18 03:52:33.846039+00'),
	('d42cd04c-5e54-47c0-9034-817f9375f411', '2025-09-18 03:52:33.915927+00', '2025-09-18 03:52:33.915927+00'),
	('a45c93a2-7040-41f6-a735-d7168af3552a', '2025-09-18 03:52:33.991723+00', '2025-09-18 03:52:33.991723+00'),
	('78b24599-56b2-4bfd-9afe-55e1d7ca55c3', '2025-09-18 03:52:34.060256+00', '2025-09-18 03:52:34.060256+00'),
	('79169e4f-6a42-47d7-8fe3-b003acee5800', '2025-09-18 03:52:34.151363+00', '2025-09-18 03:52:34.151363+00'),
	('bb21bd80-1518-43cc-9cf9-6fbf6542ec94', '2025-09-18 03:52:34.237013+00', '2025-09-18 03:52:34.237013+00');


--
-- Data for Name: service_orders; Type: TABLE DATA; Schema: public; Owner: postgres
--

INSERT INTO "public"."service_orders" ("id", "created_at", "updated_at", "vehicle_id", "specialist_id", "status", "classification", "estimated_delivery_date", "final_delivery_date", "pickup_address_id", "delivery_address_id", "total_cost", "client_id", "order_code", "category_id", "source_inspection_id") VALUES
	('510794d9-70f1-43fb-94fd-e683cbfe7d6a', '2025-09-18 03:55:35.422+00', '2025-09-18 03:55:35.422+00', '4cc356bd-8078-4091-b755-a8b1b5dd7d38', '97b9308e-c98d-4b69-8666-a2744b0e8e94', 'pending_quote', NULL, NULL, NULL, NULL, NULL, NULL, 'c80f98b9-2141-4afb-94a2-d8bfbc8de50e', 'SO-1758167735422-DJ00U', '0eec1327-f591-4549-8338-be530d154897', 'b1376a82-0e96-4dab-bf5b-9ad8b5f33aad'),
	('537167b3-5de0-4aeb-a734-12206f23af05', '2025-09-19 20:39:02.042+00', '2025-09-19 20:39:02.042+00', 'be7e76d0-dc2e-44df-bbc1-fcdc58d25f8e', '97b9308e-c98d-4b69-8666-a2744b0e8e94', 'pending_quote', NULL, NULL, NULL, NULL, NULL, NULL, 'c80f98b9-2141-4afb-94a2-d8bfbc8de50e', 'SO-1758314342042-0SUN4', '0eec1327-f591-4549-8338-be530d154897', 'b9150467-379d-425f-94b5-167bfcb280e2'),
	('78b2a34f-a70b-439d-9456-8915fac09457', '2025-09-25 07:31:58.409+00', '2025-09-25 07:31:58.409+00', '5f144bdb-8da0-407f-9d91-5647b7015f76', '97b9308e-c98d-4b69-8666-a2744b0e8e94', 'pending_quote', NULL, NULL, NULL, NULL, NULL, NULL, 'c80f98b9-2141-4afb-94a2-d8bfbc8de50e', 'SO-1758785518409-Y9Z5C', '0eec1327-f591-4549-8338-be530d154897', 'f253ac71-3b5d-4ec3-836d-2e3c2ee070f4'),
	('9fc4739e-45a8-4840-8d12-e33ad0db82b9', '2025-09-25 07:31:58.437+00', '2025-09-25 07:31:58.437+00', '5f144bdb-8da0-407f-9d91-5647b7015f76', '97b9308e-c98d-4b69-8666-a2744b0e8e94', 'pending_quote', NULL, NULL, NULL, NULL, NULL, NULL, 'c80f98b9-2141-4afb-94a2-d8bfbc8de50e', 'SO-1758785518437-8CJCG', 'd61cba55-476f-4076-adc6-c01c78f85a4f', 'f253ac71-3b5d-4ec3-836d-2e3c2ee070f4'),
	('1dc09325-a5f0-4777-ad4e-64c3fc9c52e5', '2025-09-25 07:31:58.472+00', '2025-09-25 07:31:58.472+00', '5f144bdb-8da0-407f-9d91-5647b7015f76', '97b9308e-c98d-4b69-8666-a2744b0e8e94', 'pending_quote', NULL, NULL, NULL, NULL, NULL, NULL, 'c80f98b9-2141-4afb-94a2-d8bfbc8de50e', 'SO-1758785518472-52OOT', '314791d9-b7ae-45a6-9899-5cf44f80a007', 'f253ac71-3b5d-4ec3-836d-2e3c2ee070f4'),
	('93675204-0f96-404b-bb0d-7b45c57cc7b2', '2025-09-25 07:31:58.501+00', '2025-09-25 07:31:58.501+00', '5f144bdb-8da0-407f-9d91-5647b7015f76', '97b9308e-c98d-4b69-8666-a2744b0e8e94', 'pending_quote', NULL, NULL, NULL, NULL, NULL, NULL, 'c80f98b9-2141-4afb-94a2-d8bfbc8de50e', 'SO-1758785518501-0WYWE', 'c6a58769-7673-4f5d-ac95-e8977c156370', 'f253ac71-3b5d-4ec3-836d-2e3c2ee070f4'),
	('40ac6c05-2278-4006-a73c-d08faa2979b0', '2025-09-25 07:31:58.534+00', '2025-09-25 07:31:58.534+00', '5f144bdb-8da0-407f-9d91-5647b7015f76', '97b9308e-c98d-4b69-8666-a2744b0e8e94', 'pending_quote', NULL, NULL, NULL, NULL, NULL, NULL, 'c80f98b9-2141-4afb-94a2-d8bfbc8de50e', 'SO-1758785518534-K3OLK', '7754ee5c-5d18-4b7a-844c-7f1ee99f2e7e', 'f253ac71-3b5d-4ec3-836d-2e3c2ee070f4'),
	('009fcf66-8943-4128-b336-c5305a33771f', '2025-09-25 07:31:58.573+00', '2025-09-25 07:31:58.573+00', '5f144bdb-8da0-407f-9d91-5647b7015f76', '97b9308e-c98d-4b69-8666-a2744b0e8e94', 'pending_quote', NULL, NULL, NULL, NULL, NULL, NULL, 'c80f98b9-2141-4afb-94a2-d8bfbc8de50e', 'SO-1758785518573-FSRFR', '2ddc10e6-a6fb-4c5f-b641-f7b0f58ebda7', 'f253ac71-3b5d-4ec3-836d-2e3c2ee070f4');


--
-- Data for Name: evaluations; Type: TABLE DATA; Schema: public; Owner: postgres
--



--
-- Data for Name: inspection_history; Type: TABLE DATA; Schema: public; Owner: postgres
--

INSERT INTO "public"."inspection_history" ("id", "created_at", "inspection_id", "vehicle_id", "edited_by", "snapshot") VALUES
	('b9f7fb91-d93b-4755-87ac-abbff6c3233e', '2025-09-18 03:55:34.569516+00', 'b1376a82-0e96-4dab-bf5b-9ad8b5f33aad', '4cc356bd-8078-4091-b755-a8b1b5dd7d38', '97b9308e-c98d-4b69-8666-a2744b0e8e94', '{"date": "2025-09-18", "odometer": 67987, "services": {"loja": {"notes": "", "required": false}, "tires": {"notes": "", "required": false}, "washing": {"notes": "", "required": false}, "bodyPaint": {"notes": "", "required": false}, "mechanics": {"notes": "erdfgdf", "required": true}, "patioAtacado": {"notes": "", "required": false}}, "fuelLevel": "half", "mediaPaths": ["4cc356bd-8078-4091-b755-a8b1b5dd7d38/97b9308e-c98d-4b69-8666-a2744b0e8e94/1758167733891-0-9srbcw.webp", "4cc356bd-8078-4091-b755-a8b1b5dd7d38/97b9308e-c98d-4b69-8666-a2744b0e8e94/1758167734202-1-z4120p.webp", "4cc356bd-8078-4091-b755-a8b1b5dd7d38/97b9308e-c98d-4b69-8666-a2744b0e8e94/1758167734223-2-1tpdys.webp"], "observations": null}'),
	('39ddadab-bb6e-4b0d-864c-a4e96136aa39', '2025-09-19 20:38:40.367316+00', 'b9150467-379d-425f-94b5-167bfcb280e2', 'be7e76d0-dc2e-44df-bbc1-fcdc58d25f8e', '97b9308e-c98d-4b69-8666-a2744b0e8e94', '{"date": "2025-09-19", "odometer": 10000, "services": {"loja": {"notes": "", "required": false}, "tires": {"notes": "", "required": false}, "washing": {"notes": "", "required": false}, "bodyPaint": {"notes": "", "required": false}, "mechanics": {"notes": "", "required": true}, "patioAtacado": {"notes": "", "required": false}}, "fuelLevel": "half", "mediaPaths": ["be7e76d0-dc2e-44df-bbc1-fcdc58d25f8e/97b9308e-c98d-4b69-8666-a2744b0e8e94/1758314319849-0-s1n8je.webp", "be7e76d0-dc2e-44df-bbc1-fcdc58d25f8e/97b9308e-c98d-4b69-8666-a2744b0e8e94/1758314320042-1-7jh5em.webp"], "observations": null}'),
	('4d8c78da-6fdd-4f6a-bf95-1ef7ea9dcb0c', '2025-09-25 07:31:54.354746+00', 'f253ac71-3b5d-4ec3-836d-2e3c2ee070f4', '5f144bdb-8da0-407f-9d91-5647b7015f76', '97b9308e-c98d-4b69-8666-a2744b0e8e94', '{"date": "2025-09-25", "odometer": 10000, "services": {"loja": {"notes": "", "required": true}, "tires": {"notes": "", "required": true}, "washing": {"notes": "", "required": true}, "bodyPaint": {"notes": "", "required": true}, "mechanics": {"notes": "", "required": true}, "patioAtacado": {"notes": "", "required": true}}, "fuelLevel": "half", "mediaPaths": ["5f144bdb-8da0-407f-9d91-5647b7015f76/97b9308e-c98d-4b69-8666-a2744b0e8e94/1758785513670-0-reghx5.webp", "5f144bdb-8da0-407f-9d91-5647b7015f76/97b9308e-c98d-4b69-8666-a2744b0e8e94/1758785513864-1-6ttfbm.webp", "5f144bdb-8da0-407f-9d91-5647b7015f76/97b9308e-c98d-4b69-8666-a2744b0e8e94/1758785513883-2-8oj3zw.webp"], "observations": null}');


--
-- Data for Name: inspection_media; Type: TABLE DATA; Schema: public; Owner: postgres
--

INSERT INTO "public"."inspection_media" ("id", "inspection_id", "storage_path", "uploaded_by", "created_at") VALUES
	('482468f8-be2e-4772-a419-581dd79b6130', 'b1376a82-0e96-4dab-bf5b-9ad8b5f33aad', '4cc356bd-8078-4091-b755-a8b1b5dd7d38/97b9308e-c98d-4b69-8666-a2744b0e8e94/1758167733891-0-9srbcw.webp', '97b9308e-c98d-4b69-8666-a2744b0e8e94', '2025-09-18 03:55:34.549855+00'),
	('3aa96d29-cd49-496f-9710-4bf5b440cc79', 'b1376a82-0e96-4dab-bf5b-9ad8b5f33aad', '4cc356bd-8078-4091-b755-a8b1b5dd7d38/97b9308e-c98d-4b69-8666-a2744b0e8e94/1758167734202-1-z4120p.webp', '97b9308e-c98d-4b69-8666-a2744b0e8e94', '2025-09-18 03:55:34.549855+00'),
	('5b455f35-06cc-461d-82c6-bd5db4827343', 'b1376a82-0e96-4dab-bf5b-9ad8b5f33aad', '4cc356bd-8078-4091-b755-a8b1b5dd7d38/97b9308e-c98d-4b69-8666-a2744b0e8e94/1758167734223-2-1tpdys.webp', '97b9308e-c98d-4b69-8666-a2744b0e8e94', '2025-09-18 03:55:34.549855+00'),
	('8e7bc603-8622-4bb8-b72c-30b98fed8ffe', 'b9150467-379d-425f-94b5-167bfcb280e2', 'be7e76d0-dc2e-44df-bbc1-fcdc58d25f8e/97b9308e-c98d-4b69-8666-a2744b0e8e94/1758314319849-0-s1n8je.webp', '97b9308e-c98d-4b69-8666-a2744b0e8e94', '2025-09-19 20:38:40.344874+00'),
	('4c73d055-57c1-4531-ae5a-01c8b3c390c7', 'b9150467-379d-425f-94b5-167bfcb280e2', 'be7e76d0-dc2e-44df-bbc1-fcdc58d25f8e/97b9308e-c98d-4b69-8666-a2744b0e8e94/1758314320042-1-7jh5em.webp', '97b9308e-c98d-4b69-8666-a2744b0e8e94', '2025-09-19 20:38:40.344874+00'),
	('981ef8cd-2555-4207-889d-fc3356fc4359', 'f253ac71-3b5d-4ec3-836d-2e3c2ee070f4', '5f144bdb-8da0-407f-9d91-5647b7015f76/97b9308e-c98d-4b69-8666-a2744b0e8e94/1758785513670-0-reghx5.webp', '97b9308e-c98d-4b69-8666-a2744b0e8e94', '2025-09-25 07:31:54.343278+00'),
	('208a8622-bfb1-4a87-a954-525c4876e58a', 'f253ac71-3b5d-4ec3-836d-2e3c2ee070f4', '5f144bdb-8da0-407f-9d91-5647b7015f76/97b9308e-c98d-4b69-8666-a2744b0e8e94/1758785513864-1-6ttfbm.webp', '97b9308e-c98d-4b69-8666-a2744b0e8e94', '2025-09-25 07:31:54.343278+00'),
	('1bc56958-d9a1-4469-8a88-38aabe0e8a36', 'f253ac71-3b5d-4ec3-836d-2e3c2ee070f4', '5f144bdb-8da0-407f-9d91-5647b7015f76/97b9308e-c98d-4b69-8666-a2744b0e8e94/1758785513883-2-8oj3zw.webp', '97b9308e-c98d-4b69-8666-a2744b0e8e94', '2025-09-25 07:31:54.343278+00');


--
-- Data for Name: inspection_services; Type: TABLE DATA; Schema: public; Owner: postgres
--

INSERT INTO "public"."inspection_services" ("id", "inspection_id", "category", "required", "notes") VALUES
	('f7f59de9-db35-4126-8a00-60b33c8fb194', 'b1376a82-0e96-4dab-bf5b-9ad8b5f33aad', 'mechanics', true, 'erdfgdf'),
	('8342f261-ec5d-46e2-a5ee-26ac19ab87dc', 'b9150467-379d-425f-94b5-167bfcb280e2', 'mechanics', true, NULL),
	('b480073e-8a58-4736-b7fd-be8866486697', 'f253ac71-3b5d-4ec3-836d-2e3c2ee070f4', 'mechanics', true, NULL),
	('11292281-d3f0-4af4-93c2-f08852900e4f', 'f253ac71-3b5d-4ec3-836d-2e3c2ee070f4', 'body_paint', true, NULL),
	('d959539a-b8fb-44a2-a28e-4efb51d1d985', 'f253ac71-3b5d-4ec3-836d-2e3c2ee070f4', 'washing', true, NULL),
	('f9f7fc2f-4e33-47be-9cb1-522a64847549', 'f253ac71-3b5d-4ec3-836d-2e3c2ee070f4', 'tires', true, NULL),
	('40b98ece-09e1-45b3-a795-332148f7bc98', 'f253ac71-3b5d-4ec3-836d-2e3c2ee070f4', 'loja', true, NULL),
	('000dedc0-7662-494f-85b2-f1d926ab4d0b', 'f253ac71-3b5d-4ec3-836d-2e3c2ee070f4', 'patio_atacado', true, NULL);


--
-- Data for Name: invoices; Type: TABLE DATA; Schema: public; Owner: postgres
--



--
-- Data for Name: partner_fees; Type: TABLE DATA; Schema: public; Owner: postgres
--



--
-- Data for Name: partner_services; Type: TABLE DATA; Schema: public; Owner: postgres
--

INSERT INTO "public"."partner_services" ("id", "partner_id", "name", "description", "price", "created_at", "category", "category_id") VALUES
	('6019ee5d-5358-423a-b035-5f1cb499d9e8', '54a01a20-c4dc-4da5-9f1d-493b3bccf052', 'Troca de óleo e filtros', 'Troca completa de óleo do motor, filtro de óleo e filtro de ar', 150, '2025-09-18 03:52:51.69+00', 'Motor', NULL),
	('b6355b78-880f-4cf0-8e46-3ab32c9d3655', '54a01a20-c4dc-4da5-9f1d-493b3bccf052', 'Revisão completa do motor', 'Verificação de velas, cabos, correias e sistema de arrefecimento', 300, '2025-09-18 03:52:51.697+00', 'Motor', NULL),
	('64cb0bf5-507b-4ffb-acf6-99e7803b936a', '54a01a20-c4dc-4da5-9f1d-493b3bccf052', 'Reparo de sistema de freios', 'Revisão e reparo de discos, tambores e pastilhas de freio', 400, '2025-09-18 03:52:51.702+00', 'Motor', NULL),
	('b4b1139b-cc5e-46d8-8f68-345190cdfe23', '54a01a20-c4dc-4da5-9f1d-493b3bccf052', 'Troca de embreagem', 'Substituição completa do kit de embreagem', 800, '2025-09-18 03:52:51.706+00', 'Motor', NULL),
	('df365f09-cc2a-4782-8b0e-b90dbafb4ffd', '54a01a20-c4dc-4da5-9f1d-493b3bccf052', 'Reparo de suspensão', 'Revisão e reparo de amortecedores, molas e terminais', 600, '2025-09-18 03:52:51.71+00', 'Motor', NULL),
	('cd29f4ea-f0b6-4d5b-a7a2-dbf3201752c0', '54a01a20-c4dc-4da5-9f1d-493b3bccf052', 'Troca de fluido de transmissão', 'Drenagem e reposição do fluido de câmbio', 120, '2025-09-18 03:52:51.713+00', 'Transmissão', NULL),
	('dd9d02a1-cbf4-4285-ba41-eeeb23293fab', '54a01a20-c4dc-4da5-9f1d-493b3bccf052', 'Reparo de câmbio manual', 'Reparo e regulagem de câmbio manual', 500, '2025-09-18 03:52:51.717+00', 'Transmissão', NULL),
	('de2af9d4-4344-4cbd-ad0f-20ad91d9d52a', '54a01a20-c4dc-4da5-9f1d-493b3bccf052', 'Manutenção de diferencial', 'Revisão e lubrificação do diferencial', 250, '2025-09-18 03:52:51.721+00', 'Transmissão', NULL),
	('31401fe0-321c-41dc-8bc8-d6468b896aa9', '54a01a20-c4dc-4da5-9f1d-493b3bccf052', 'Reparo de bateria', 'Teste e substituição de bateria', 200, '2025-09-18 03:52:51.727+00', 'Elétrica', NULL),
	('49ed846e-b493-4da8-bb70-c169e3de3846', '54a01a20-c4dc-4da5-9f1d-493b3bccf052', 'Reparo de alternador', 'Revisão e reparo do sistema de carregamento', 350, '2025-09-18 03:52:51.731+00', 'Elétrica', NULL),
	('3cd1f4d2-9d4e-481b-8d5d-24bdeea42d7c', '54a01a20-c4dc-4da5-9f1d-493b3bccf052', 'Instalação de acessórios elétricos', 'Instalação de som, alarme e acessórios', 150, '2025-09-18 03:52:51.736+00', 'Elétrica', NULL),
	('11191b4d-a131-40a3-9728-28a9a71c06cd', '1b80300b-2aec-479d-a88a-606e28645cdd', 'Reparo de amassados', 'Retirada de amassados sem pintura', 300, '2025-09-18 03:52:51.741+00', 'Funilaria', NULL),
	('04a272ac-c0b3-4890-8531-4658b2d9f404', '1b80300b-2aec-479d-a88a-606e28645cdd', 'Troca de para-choques', 'Substituição de para-choques dianteiro/traseiro', 600, '2025-09-18 03:52:51.746+00', 'Funilaria', NULL),
	('fafb9d88-a93d-433b-914e-da18e17ac8da', '1b80300b-2aec-479d-a88a-606e28645cdd', 'Reparo de portas e capô', 'Reparo estrutural de portas e capô', 800, '2025-09-18 03:52:51.751+00', 'Funilaria', NULL),
	('3dfa5e32-e8ab-4929-8de9-f294448cabd1', '1b80300b-2aec-479d-a88a-606e28645cdd', 'Alinhamento e balanceamento', 'Correção da geometria das rodas', 100, '2025-09-18 03:52:51.754+00', 'Funilaria', NULL),
	('a194226e-0e2f-4020-8b0a-7cfe3caa7536', '1b80300b-2aec-479d-a88a-606e28645cdd', 'Pintura completa', 'Pintura de todo o veículo', 2500, '2025-09-18 03:52:51.758+00', 'Pintura', NULL),
	('8e340a0b-ef77-43c0-8b3f-bf2f3c71f473', '1b80300b-2aec-479d-a88a-606e28645cdd', 'Pintura parcial', 'Pintura de painel, porta ou capô', 800, '2025-09-18 03:52:51.761+00', 'Pintura', NULL),
	('21efc361-c29c-4378-b08c-d449bf27b338', '1b80300b-2aec-479d-a88a-606e28645cdd', 'Polimento e cristalização', 'Polimento profissional e proteção da pintura', 200, '2025-09-18 03:52:51.764+00', 'Pintura', NULL),
	('26fb0238-4dd7-4dbf-90da-b891b2a16732', '1b80300b-2aec-479d-a88a-606e28645cdd', 'Remoção de riscos', 'Correção de pequenos riscos na pintura', 150, '2025-09-18 03:52:51.768+00', 'Pintura', NULL),
	('9fdda3a3-86dc-40aa-b940-6572f0efd715', 'fe248898-5b39-4fae-8393-2fb558230fbb', 'Lavagem completa exterior', 'Lavagem, enceramento e secagem', 30, '2025-09-18 03:52:51.772+00', 'Lavagem Exterior', NULL),
	('96a46b99-5c5a-431e-a6f2-1c29a333e364', 'fe248898-5b39-4fae-8393-2fb558230fbb', 'Lavagem ecológica', 'Lavagem com produtos biodegradáveis', 40, '2025-09-18 03:52:51.776+00', 'Lavagem Exterior', NULL),
	('f43c065e-ef6d-4cf6-b0a7-d0c497e55a83', 'fe248898-5b39-4fae-8393-2fb558230fbb', 'Lavagem com cera', 'Lavagem com aplicação de cera protetora', 50, '2025-09-18 03:52:51.78+00', 'Lavagem Exterior', NULL),
	('f06ed56b-252c-41cf-ab32-95eb7d932954', 'fe248898-5b39-4fae-8393-2fb558230fbb', 'Higienização completa interior', 'Limpeza de bancos, carpete e painéis', 80, '2025-09-18 03:52:51.784+00', 'Higienização Interior', NULL),
	('4aebf1f0-5a06-4abc-b0f2-9678ceb79e54', 'fe248898-5b39-4fae-8393-2fb558230fbb', 'Limpeza de ar-condicionado', 'Limpeza e desinfecção do sistema de ar', 60, '2025-09-18 03:52:51.79+00', 'Higienização Interior', NULL),
	('3a2e7f7e-0953-4c77-822e-644beb214148', 'fe248898-5b39-4fae-8393-2fb558230fbb', 'Impermeabilização de estofados', 'Proteção contra umidade nos bancos', 100, '2025-09-18 03:52:51.795+00', 'Higienização Interior', NULL),
	('d51f13d6-7fbf-4bdf-9394-7ca12aca5424', '0a51eb28-06fd-48f0-afa4-58d7ef8b9ffd', 'Montagem de pneus', 'Montagem profissional de pneus novos', 40, '2025-09-18 03:52:51.8+00', 'Montagem e Balanceamento', NULL),
	('2daaaf7d-7e28-47bc-aae2-e1bd924258ad', '0a51eb28-06fd-48f0-afa4-58d7ef8b9ffd', 'Balanceamento de rodas', 'Balanceamento computadorizado', 25, '2025-09-18 03:52:51.804+00', 'Montagem e Balanceamento', NULL),
	('8e71fea8-547f-4320-9e1d-4851217f3d9c', '0a51eb28-06fd-48f0-afa4-58d7ef8b9ffd', 'Alinhamento de direção', 'Correção da geometria da suspensão', 60, '2025-09-18 03:52:51.808+00', 'Montagem e Balanceamento', NULL),
	('7708f42a-4293-424b-a007-0d11a9c43275', '0a51eb28-06fd-48f0-afa4-58d7ef8b9ffd', 'Reparo de furos', 'Reparo de furos em pneus', 20, '2025-09-18 03:52:51.811+00', 'Reparo e Manutenção', NULL),
	('33d961e6-0ea4-4c0f-baad-bebe301b040c', '0a51eb28-06fd-48f0-afa4-58d7ef8b9ffd', 'Calibragem de pneus', 'Ajuste da pressão dos pneus', 10, '2025-09-18 03:52:51.814+00', 'Reparo e Manutenção', NULL),
	('3a66f55a-3fe8-4442-b2a4-ccbec2f23594', '0a51eb28-06fd-48f0-afa4-58d7ef8b9ffd', 'Rotação de pneus', 'Reorganização dos pneus para desgaste uniforme', 30, '2025-09-18 03:52:51.818+00', 'Reparo e Manutenção', NULL),
	('cadfcadd-642d-4ff2-a636-e262599e4b35', '724c75aa-247b-45a4-9138-cbc92448b1a8', 'Instalação de películas', 'Aplicação de películas de proteção', 200, '2025-09-18 03:52:51.822+00', 'Acessórios', NULL),
	('0f50c770-3701-4ce0-a377-8d3ae8532d2f', '724c75aa-247b-45a4-9138-cbc92448b1a8', 'Instalação de som automotivo', 'Instalação completa de sistema de som', 300, '2025-09-18 03:52:51.826+00', 'Acessórios', NULL),
	('df53deaa-1b10-40a7-857b-cfd2f4eca013', '724c75aa-247b-45a4-9138-cbc92448b1a8', 'Instalação de alarme', 'Instalação de sistema de alarme', 150, '2025-09-18 03:52:51.83+00', 'Acessórios', NULL),
	('c94c82ae-538d-42e2-ba1c-d8b236149aeb', '724c75aa-247b-45a4-9138-cbc92448b1a8', 'Venda de óleo e filtros', 'Óleos, filtros de óleo e ar', 0, '2025-09-18 03:52:51.835+00', 'Peças e Componentes', NULL),
	('f79ba6b1-77a8-446c-8165-3b05b6c03546', '724c75aa-247b-45a4-9138-cbc92448b1a8', 'Venda de velas e cabos', 'Velas de ignição e cabos', 0, '2025-09-18 03:52:51.839+00', 'Peças e Componentes', NULL),
	('69d79f5b-18a0-4d3c-96c1-329d61afb505', '724c75aa-247b-45a4-9138-cbc92448b1a8', 'Venda de pastilhas de freio', 'Pastilhas dianteiras e traseiras', 0, '2025-09-18 03:52:51.844+00', 'Peças e Componentes', NULL),
	('7fbc9646-d6b4-422c-84e4-60543ee7db4a', '1a53bf65-60e3-4153-900e-61a24d7071f2', 'Recepção e inspeção inicial', 'Avaliação inicial do veículo', 50, '2025-09-18 03:52:51.851+00', 'Recepção de Veículos', NULL),
	('381a0380-9bec-4cd0-afde-75d3d9361862', '1a53bf65-60e3-4153-900e-61a24d7071f2', 'Organização no pátio', 'Posicionamento estratégico no pátio', 25, '2025-09-18 03:52:51.856+00', 'Recepção de Veículos', NULL),
	('d921d567-593f-4cd0-8f01-9e6d61038e6d', '1a53bf65-60e3-4153-900e-61a24d7071f2', 'Controle de entrada/saída', 'Registro de movimentação de veículos', 30, '2025-09-18 03:52:51.862+00', 'Recepção de Veículos', NULL),
	('11951934-1e5e-4059-8ccd-e24bdb3f93ea', '1a53bf65-60e3-4153-900e-61a24d7071f2', 'Armazenamento coberto', 'Armazenamento protegido da intempérie', 15, '2025-09-18 03:52:51.867+00', 'Armazenamento', NULL),
	('307a799c-a8fe-4561-b261-378a4d6544a6', '1a53bf65-60e3-4153-900e-61a24d7071f2', 'Armazenamento descoberto', 'Armazenamento em área aberta', 10, '2025-09-18 03:52:51.874+00', 'Armazenamento', NULL),
	('13859aab-3e38-419c-9552-f73f3e465573', '1a53bf65-60e3-4153-900e-61a24d7071f2', 'Armazenamento climatizado', 'Armazenamento com controle de temperatura', 25, '2025-09-18 03:52:51.879+00', 'Armazenamento', NULL);


--
-- Data for Name: partners_service_categories; Type: TABLE DATA; Schema: public; Owner: postgres
--

INSERT INTO "public"."partners_service_categories" ("partner_id", "category_id", "priority", "created_at") VALUES
	('54a01a20-c4dc-4da5-9f1d-493b3bccf052', '0eec1327-f591-4549-8338-be530d154897', 1, '2025-09-18 03:52:42.537+00'),
	('1b80300b-2aec-479d-a88a-606e28645cdd', 'd61cba55-476f-4076-adc6-c01c78f85a4f', 1, '2025-09-18 03:52:42.621+00'),
	('fe248898-5b39-4fae-8393-2fb558230fbb', '314791d9-b7ae-45a6-9899-5cf44f80a007', 1, '2025-09-18 03:52:42.699+00'),
	('0a51eb28-06fd-48f0-afa4-58d7ef8b9ffd', 'c6a58769-7673-4f5d-ac95-e8977c156370', 1, '2025-09-18 03:52:42.785+00'),
	('724c75aa-247b-45a4-9138-cbc92448b1a8', '7754ee5c-5d18-4b7a-844c-7f1ee99f2e7e', 1, '2025-09-18 03:52:42.866+00'),
	('1a53bf65-60e3-4153-900e-61a24d7071f2', '2ddc10e6-a6fb-4c5f-b641-f7b0f58ebda7', 1, '2025-09-18 03:52:42.951+00');


--
-- Data for Name: parts; Type: TABLE DATA; Schema: public; Owner: postgres
--



--
-- Data for Name: quotes; Type: TABLE DATA; Schema: public; Owner: postgres
--

INSERT INTO "public"."quotes" ("id", "created_at", "updated_at", "service_order_id", "partner_id", "total_value", "supplier_delivery_date", "status") VALUES
	('8054496f-821a-42d6-971c-4940828a668d', '2025-09-18 03:55:35.445+00', '2025-09-19 19:32:11.99515+00', '510794d9-70f1-43fb-94fd-e683cbfe7d6a', '54a01a20-c4dc-4da5-9f1d-493b3bccf052', 150.00, NULL, 'pending_admin_approval'),
	('cc0a8164-deaa-4aa7-9931-825e2b3d1413', '2025-09-19 20:39:02.08+00', '2025-09-19 20:39:02.08+00', '537167b3-5de0-4aeb-a734-12206f23af05', '54a01a20-c4dc-4da5-9f1d-493b3bccf052', 0, NULL, 'pending_admin_approval'),
	('29ebc528-3c6b-40e8-956e-34d92663d68b', '2025-09-25 07:31:58.427+00', '2025-09-25 07:31:58.427+00', '78b2a34f-a70b-439d-9456-8915fac09457', '54a01a20-c4dc-4da5-9f1d-493b3bccf052', 0, NULL, 'pending_admin_approval'),
	('c81bc5ca-67ef-4dbf-b856-78910362ac5c', '2025-09-25 07:31:58.454+00', '2025-09-25 07:31:58.454+00', '9fc4739e-45a8-4840-8d12-e33ad0db82b9', '1b80300b-2aec-479d-a88a-606e28645cdd', 0, NULL, 'pending_admin_approval'),
	('b2d6501f-1422-41f9-8e83-ababf32278f5', '2025-09-25 07:31:58.489+00', '2025-09-25 07:31:58.489+00', '1dc09325-a5f0-4777-ad4e-64c3fc9c52e5', 'fe248898-5b39-4fae-8393-2fb558230fbb', 0, NULL, 'pending_admin_approval'),
	('f0086d92-892a-47ae-9f65-6751cbcd0d20', '2025-09-25 07:31:58.519+00', '2025-09-25 07:31:58.519+00', '93675204-0f96-404b-bb0d-7b45c57cc7b2', '0a51eb28-06fd-48f0-afa4-58d7ef8b9ffd', 0, NULL, 'pending_admin_approval'),
	('40168c52-8c68-42ff-bfaa-f028d24eba97', '2025-09-25 07:31:58.548+00', '2025-09-25 07:31:58.548+00', '40ac6c05-2278-4006-a73c-d08faa2979b0', '724c75aa-247b-45a4-9138-cbc92448b1a8', 0, NULL, 'pending_admin_approval'),
	('6fbee57d-e6ca-4c2f-9d4f-f15dc4cb6bc9', '2025-09-25 07:31:58.598+00', '2025-09-25 07:31:58.598+00', '009fcf66-8943-4128-b336-c5305a33771f', '1a53bf65-60e3-4153-900e-61a24d7071f2', 0, NULL, 'pending_admin_approval');


--
-- Data for Name: services; Type: TABLE DATA; Schema: public; Owner: postgres
--

INSERT INTO "public"."services" ("id", "quote_id", "description", "value", "status", "estimated_days", "parts_needed") VALUES
	('acd213cf-972a-410b-9564-1f02424368ba', '8054496f-821a-42d6-971c-4940828a668d', 'Instalação de acessórios elétricos', 150, 'pending', 1, 'false');


--
-- Data for Name: quote_items; Type: TABLE DATA; Schema: public; Owner: postgres
--

INSERT INTO "public"."quote_items" ("id", "quote_id", "service_id", "quantity", "unit_price", "total_price", "notes", "created_at", "updated_at") VALUES
	('a4491f3a-5864-4910-bb87-ef7e052845d5', '8054496f-821a-42d6-971c-4940828a668d', 'acd213cf-972a-410b-9564-1f02424368ba', 1, 150.00, 150.00, 'Instalação de acessórios elétricos', '2025-09-19 19:32:11.992+00', '2025-09-19 19:32:11.99515+00');


--
-- Data for Name: service_order_logs; Type: TABLE DATA; Schema: public; Owner: postgres
--



--
-- Data for Name: buckets; Type: TABLE DATA; Schema: storage; Owner: supabase_storage_admin
--

INSERT INTO "storage"."buckets" ("id", "name", "owner", "created_at", "updated_at", "public", "avif_autodetection", "file_size_limit", "allowed_mime_types", "owner_id", "type") VALUES
	('vehicle-media', 'vehicle-media', NULL, '2025-09-18 03:44:44.163132+00', '2025-09-18 03:44:44.163132+00', false, false, NULL, NULL, NULL, 'STANDARD');


--
-- Data for Name: buckets_analytics; Type: TABLE DATA; Schema: storage; Owner: supabase_storage_admin
--



--
-- Data for Name: iceberg_namespaces; Type: TABLE DATA; Schema: storage; Owner: supabase_storage_admin
--



--
-- Data for Name: iceberg_tables; Type: TABLE DATA; Schema: storage; Owner: supabase_storage_admin
--



--
-- Data for Name: objects; Type: TABLE DATA; Schema: storage; Owner: supabase_storage_admin
--

INSERT INTO "storage"."objects" ("id", "bucket_id", "name", "owner", "created_at", "updated_at", "last_accessed_at", "metadata", "version", "owner_id", "user_metadata", "level") VALUES
	('a769e3fb-ec86-4177-9e14-a1e0c3446e9d', 'vehicle-media', '4cc356bd-8078-4091-b755-a8b1b5dd7d38/97b9308e-c98d-4b69-8666-a2744b0e8e94/1758167733891-0-9srbcw.webp', '97b9308e-c98d-4b69-8666-a2744b0e8e94', '2025-09-18 03:55:34.187928+00', '2025-09-22 19:40:37.634472+00', '2025-09-18 03:55:34.187928+00', '{"eTag": "\"f19359187b3f3424f24791ce473c0967\"", "size": 20640, "mimetype": "image/webp", "cacheControl": "max-age=3600", "lastModified": "2025-09-18T03:55:34.179Z", "contentLength": 20640, "httpStatusCode": 200}', 'b8c178e3-2870-4853-a964-d6285ab133ab', '97b9308e-c98d-4b69-8666-a2744b0e8e94', '{}', 3),
	('7a4da611-ae68-4ae7-8feb-4022f68aea30', 'vehicle-media', '4cc356bd-8078-4091-b755-a8b1b5dd7d38/97b9308e-c98d-4b69-8666-a2744b0e8e94/1758167734202-1-z4120p.webp', '97b9308e-c98d-4b69-8666-a2744b0e8e94', '2025-09-18 03:55:34.214809+00', '2025-09-22 19:40:37.634472+00', '2025-09-18 03:55:34.214809+00', '{"eTag": "\"27ae43fe5e4b4ae594b978b6cb82f8b2\"", "size": 21644, "mimetype": "image/webp", "cacheControl": "max-age=3600", "lastModified": "2025-09-18T03:55:34.212Z", "contentLength": 21644, "httpStatusCode": 200}', '69160466-dea7-46b9-b7a8-3d369bbfbbf8', '97b9308e-c98d-4b69-8666-a2744b0e8e94', '{}', 3),
	('7df38c10-7615-444e-9076-cd3cc25ccb1c', 'vehicle-media', '4cc356bd-8078-4091-b755-a8b1b5dd7d38/97b9308e-c98d-4b69-8666-a2744b0e8e94/1758167734223-2-1tpdys.webp', '97b9308e-c98d-4b69-8666-a2744b0e8e94', '2025-09-18 03:55:34.249294+00', '2025-09-22 19:40:37.634472+00', '2025-09-18 03:55:34.249294+00', '{"eTag": "\"80e9741682ca559695f857c1a0182507\"", "size": 18568, "mimetype": "image/webp", "cacheControl": "max-age=3600", "lastModified": "2025-09-18T03:55:34.243Z", "contentLength": 18568, "httpStatusCode": 200}', 'c2a61da7-f4c3-4c64-8b62-65337047ecc5', '97b9308e-c98d-4b69-8666-a2744b0e8e94', '{}', 3),
	('7133206d-0378-4e46-8faa-5e4ad6052241', 'vehicle-media', 'be7e76d0-dc2e-44df-bbc1-fcdc58d25f8e/97b9308e-c98d-4b69-8666-a2744b0e8e94/1758314319849-0-s1n8je.webp', '97b9308e-c98d-4b69-8666-a2744b0e8e94', '2025-09-19 20:38:40.029271+00', '2025-09-22 19:40:37.634472+00', '2025-09-19 20:38:40.029271+00', '{"eTag": "\"f19359187b3f3424f24791ce473c0967\"", "size": 20640, "mimetype": "image/webp", "cacheControl": "max-age=3600", "lastModified": "2025-09-19T20:38:40.018Z", "contentLength": 20640, "httpStatusCode": 200}', '5c7a27e7-3423-4da9-8e15-cd181f46f941', '97b9308e-c98d-4b69-8666-a2744b0e8e94', '{}', 3),
	('30047e5a-1134-47bc-80f7-b176fcf205b1', 'vehicle-media', 'be7e76d0-dc2e-44df-bbc1-fcdc58d25f8e/97b9308e-c98d-4b69-8666-a2744b0e8e94/1758314320042-1-7jh5em.webp', '97b9308e-c98d-4b69-8666-a2744b0e8e94', '2025-09-19 20:38:40.051611+00', '2025-09-22 19:40:37.634472+00', '2025-09-19 20:38:40.051611+00', '{"eTag": "\"27ae43fe5e4b4ae594b978b6cb82f8b2\"", "size": 21644, "mimetype": "image/webp", "cacheControl": "max-age=3600", "lastModified": "2025-09-19T20:38:40.050Z", "contentLength": 21644, "httpStatusCode": 200}', '621e768a-3ecc-4ab9-85d4-9bf6e7ef42d8', '97b9308e-c98d-4b69-8666-a2744b0e8e94', '{}', 3),
	('d58383a2-3e3e-420b-baeb-0aa3e7f5f357', 'vehicle-media', '5f144bdb-8da0-407f-9d91-5647b7015f76/97b9308e-c98d-4b69-8666-a2744b0e8e94/1758785513670-0-reghx5.webp', '97b9308e-c98d-4b69-8666-a2744b0e8e94', '2025-09-25 07:31:53.85279+00', '2025-09-25 07:31:53.85279+00', '2025-09-25 07:31:53.85279+00', '{"eTag": "\"f19359187b3f3424f24791ce473c0967\"", "size": 20640, "mimetype": "image/webp", "cacheControl": "max-age=3600", "lastModified": "2025-09-25T07:31:53.846Z", "contentLength": 20640, "httpStatusCode": 200}', 'a8c3b3bd-cdab-43b1-8176-e523be06891b', '97b9308e-c98d-4b69-8666-a2744b0e8e94', '{}', 3),
	('2c2c4f16-a86e-4cd7-9639-e4b6e7d229dc', 'vehicle-media', '5f144bdb-8da0-407f-9d91-5647b7015f76/97b9308e-c98d-4b69-8666-a2744b0e8e94/1758785513864-1-6ttfbm.webp', '97b9308e-c98d-4b69-8666-a2744b0e8e94', '2025-09-25 07:31:53.876401+00', '2025-09-25 07:31:53.876401+00', '2025-09-25 07:31:53.876401+00', '{"eTag": "\"27ae43fe5e4b4ae594b978b6cb82f8b2\"", "size": 21644, "mimetype": "image/webp", "cacheControl": "max-age=3600", "lastModified": "2025-09-25T07:31:53.874Z", "contentLength": 21644, "httpStatusCode": 200}', 'a3de36ef-96be-456a-9dde-692696b46b7e', '97b9308e-c98d-4b69-8666-a2744b0e8e94', '{}', 3),
	('d9b22254-3380-4470-8b04-b9edf5a9efde', 'vehicle-media', '5f144bdb-8da0-407f-9d91-5647b7015f76/97b9308e-c98d-4b69-8666-a2744b0e8e94/1758785513883-2-8oj3zw.webp', '97b9308e-c98d-4b69-8666-a2744b0e8e94', '2025-09-25 07:31:53.894919+00', '2025-09-25 07:31:53.894919+00', '2025-09-25 07:31:53.894919+00', '{"eTag": "\"80e9741682ca559695f857c1a0182507\"", "size": 18568, "mimetype": "image/webp", "cacheControl": "max-age=3600", "lastModified": "2025-09-25T07:31:53.892Z", "contentLength": 18568, "httpStatusCode": 200}', 'e98759e1-b852-49ec-94ce-dc46173c8e64', '97b9308e-c98d-4b69-8666-a2744b0e8e94', '{}', 3);


--
-- Data for Name: prefixes; Type: TABLE DATA; Schema: storage; Owner: supabase_storage_admin
--

INSERT INTO "storage"."prefixes" ("bucket_id", "name", "created_at", "updated_at") VALUES
	('vehicle-media', '4cc356bd-8078-4091-b755-a8b1b5dd7d38', '2025-09-22 19:40:37.630369+00', '2025-09-22 19:40:37.630369+00'),
	('vehicle-media', '4cc356bd-8078-4091-b755-a8b1b5dd7d38/97b9308e-c98d-4b69-8666-a2744b0e8e94', '2025-09-22 19:40:37.630369+00', '2025-09-22 19:40:37.630369+00'),
	('vehicle-media', 'be7e76d0-dc2e-44df-bbc1-fcdc58d25f8e', '2025-09-22 19:40:37.630369+00', '2025-09-22 19:40:37.630369+00'),
	('vehicle-media', 'be7e76d0-dc2e-44df-bbc1-fcdc58d25f8e/97b9308e-c98d-4b69-8666-a2744b0e8e94', '2025-09-22 19:40:37.630369+00', '2025-09-22 19:40:37.630369+00'),
	('vehicle-media', '5f144bdb-8da0-407f-9d91-5647b7015f76', '2025-09-25 07:31:53.85279+00', '2025-09-25 07:31:53.85279+00'),
	('vehicle-media', '5f144bdb-8da0-407f-9d91-5647b7015f76/97b9308e-c98d-4b69-8666-a2744b0e8e94', '2025-09-25 07:31:53.85279+00', '2025-09-25 07:31:53.85279+00');


--
-- Data for Name: s3_multipart_uploads; Type: TABLE DATA; Schema: storage; Owner: supabase_storage_admin
--



--
-- Data for Name: s3_multipart_uploads_parts; Type: TABLE DATA; Schema: storage; Owner: supabase_storage_admin
--



--
-- Data for Name: hooks; Type: TABLE DATA; Schema: supabase_functions; Owner: supabase_functions_admin
--



--
-- Name: refresh_tokens_id_seq; Type: SEQUENCE SET; Schema: auth; Owner: supabase_auth_admin
--

SELECT pg_catalog.setval('"auth"."refresh_tokens_id_seq"', 265, true);


--
-- Name: audit_logs_id_seq; Type: SEQUENCE SET; Schema: public; Owner: postgres
--

SELECT pg_catalog.setval('"public"."audit_logs_id_seq"', 1, false);


--
-- Name: hooks_id_seq; Type: SEQUENCE SET; Schema: supabase_functions; Owner: supabase_functions_admin
--

SELECT pg_catalog.setval('"supabase_functions"."hooks_id_seq"', 1, false);


--
-- PostgreSQL database dump complete
--

RESET ALL;
